district,meeting_date,url,status,chars
Alachua County Public Schools,2025-03-12,https://go.boarddocs.com/fl/alaco/Board.nsf/Download-AgendaDetailed?open&id=DDEMM95BE0C2,cached,13313
Alachua County Public Schools,2025-03-14,https://go.boarddocs.com/fl/alaco/Board.nsf/Download-AgendaDetailed?open&id=DDEMNE5BF094,cached,2501
Alachua County Public Schools,2025-04-01,https://go.boarddocs.com/fl/alaco/Board.nsf/Download-AgendaDetailed?open&id=DEAK7W508CCD,cached,10471
Alachua County Public Schools,2025-04-15,https://go.boarddocs.com/fl/alaco/Board.nsf/Download-AgendaDetailed?open&id=DEAK9A50B62C,cached,17441
Alachua County Public Schools,2025-04-16,https://go.boarddocs.com/fl/alaco/Board.nsf/Download-AgendaDetailed?open&id=DEAK8S509D4A,cached,4421
Alachua County Public Schools,2025-04-24,https://go.boarddocs.com/fl/alaco/Board.nsf/Download-AgendaDetailed?open&id=DFUK6S50606A,cached,3030
Alachua County Public Schools,2025-05-01,https://go.boarddocs.com/fl/alaco/Board.nsf/Download-AgendaDetailed?open&id=DG83VL08BA94,cached,3403
Alachua County Public Schools,2025-05-06,https://go.boarddocs.com/fl/alaco/Board.nsf/Download-AgendaDetailed?open&id=DF3HQY49AD03,cached,24860
Alachua County Public Schools,2025-06-03,https://go.boarddocs.com/fl/alaco/Board.nsf/Download-AgendaDetailed?open&id=DF3HTL4A0F45,cached,45690
Alachua County Public Schools,2025-06-04,https://go.boarddocs.com/fl/alaco/Board.nsf/Download-AgendaDetailed?open&id=DGLRL66E57C8,cached,2712
Alachua County Public Schools,2025-06-09,https://go.boarddocs.com/fl/alaco/Board.nsf/Download-AgendaDetailed?open&id=DHBQ7B53F24F,cached,3413
Alachua County Public Schools,2025-07-24,https://go.boarddocs.com/fl/alaco/Board.nsf/Download-AgendaDetailed?open&id=DHAQUZ6A4DD8,cached,3299
Alachua County Public Schools,2025-07-31,https://go.boarddocs.com/fl/alaco/Board.nsf/Download-AgendaDetailed?open&id=DGGSQF73C7FA,cached,42612
Alachua County Public Schools,2025-07-31,https://go.boarddocs.com/fl/alaco/Board.nsf/Download-AgendaDetailed?open&id=DJDKMK527705,cached,4201
Alachua County Public Schools,2025-08-13,https://go.boarddocs.com/fl/alaco/Board.nsf/Download-AgendaDetailed?open&id=DKAMBZ581A5E,cached,2755
Alachua County Public Schools,2025-08-19,https://go.boarddocs.com/fl/alaco/Board.nsf/Download-AgendaDetailed?open&id=DHAQPB6A20D2,cached,15994
Alachua County Public Schools,2025-09-02,https://go.boarddocs.com/fl/alaco/Board.nsf/Download-AgendaDetailed?open&id=DKBNWH61ECB8,cached,17407
Alachua County Public Schools,2025-09-09,https://go.boarddocs.com/fl/alaco/Board.nsf/Download-AgendaDetailed?open&id=DKCHM848E9B5,cached,6638
Alachua County Public Schools,2025-09-16,https://go.boarddocs.com/fl/alaco/Board.nsf/Download-AgendaDetailed?open&id=DKRLXA58A8E5,cached,3276
Alachua County Public Schools,2025-10-07,https://go.boarddocs.com/fl/alaco/Board.nsf/Download-AgendaDetailed?open&id=DL7RCT6D63C6,cached,23994
Alachua County Public Schools,2025-10-15,https://go.boarddocs.com/fl/alaco/Board.nsf/Download-AgendaDetailed?open&id=DLZK8Q50ABD3,cached,4785
Alachua County Public Schools,2025-11-04,https://go.boarddocs.com/fl/alaco/Board.nsf/Download-AgendaDetailed?open&id=DMEQXG6B7078,cached,24165
Alachua County Public Schools,2025-11-19,https://go.boarddocs.com/fl/alaco/Board.nsf/Download-AgendaDetailed?open&id=DMHPJ964D071,cached,3444
Alachua County Public Schools,2025-11-19,https://go.boarddocs.com/fl/alaco/Board.nsf/Download-AgendaDetailed?open&id=DMHPL265074F,cached,8384
Alachua County Public Schools,2025-11-19,https://go.boarddocs.com/fl/alaco/Board.nsf/Download-AgendaDetailed?open&id=DMHPND656BF3,cached,4682
Alachua County Public Schools,2025-11-19,https://go.boarddocs.com/fl/alaco/Board.nsf/Download-AgendaDetailed?open&id=DN7NNR60C7FA,cached,7588
Alachua County Public Schools,2025-12-16,https://go.boarddocs.com/fl/alaco/Board.nsf/Download-AgendaDetailed?open&id=DMHPJU64E68A,cached,26557
Alachua County Public Schools,2025-12-16,https://go.boarddocs.com/fl/alaco/Board.nsf/Download-AgendaDetailed?open&id=DNMPKA64F77D,cached,2909
Alachua County Public Schools,2026-01-01,https://go.boarddocs.com/fl/alaco/Board.nsf/Download-AgendaDetailed?open&id=DPFU747A9E05,cached,8717
Alachua County Public Schools,2026-01-01,https://go.boarddocs.com/fl/alaco/Board.nsf/Download-AgendaDetailed?open&id=DQKP96637C59,cached,1685
Alachua County Public Schools,2026-01-12,https://go.boarddocs.com/fl/alaco/Board.nsf/Download-AgendaDetailed?open&id=DNYJ9L4C1CAB,cached,5549
Alachua County Public Schools,2026-01-12,https://go.boarddocs.com/fl/alaco/Board.nsf/Download-AgendaDetailed?open&id=DQ2KGY51DFEA,cached,2962
Alachua County Public Schools,2026-01-20,https://go.boarddocs.com/fl/alaco/Board.nsf/Download-AgendaDetailed?open&id=DNYJAQ4C447C,cached,19392
Alachua County Public Schools,2026-02-03,https://go.boarddocs.com/fl/alaco/Board.nsf/Download-AgendaDetailed?open&id=DQ9HMA476B99,cached,17711
Alachua County Public Schools,2026-02-06,https://go.boarddocs.com/fl/alaco/Board.nsf/Download-AgendaDetailed?open&id=DQSMJ35B622E,cached,3470
Alachua County Public Schools,2026-02-23,https://go.boarddocs.com/fl/alaco/Board.nsf/Download-AgendaDetailed?open&id=DRAN9B5ED1E7,cached,3342
Alachua County Public Schools,2026-02-26,https://go.boarddocs.com/fl/alaco/Board.nsf/Download-AgendaDetailed?open&id=DRANJT6035F6,cached,3750
Alachua County Public Schools,2026-03-03,https://go.boarddocs.com/fl/alaco/Board.nsf/Download-AgendaDetailed?open&id=DQXPLG652412,cached,22175
Alachua County Public Schools,2026-03-12,https://go.boarddocs.com/fl/alaco/Board.nsf/Download-AgendaDetailed?open&id=DREJYE4F7386,cached,9623
Alachua County Public Schools,2026-04-01,https://go.boarddocs.com/fl/alaco/Board.nsf/Download-AgendaDetailed?open&id=DREK2Z4F9FF5,cached,3356
Alachua County Public Schools,2026-04-21,https://go.boarddocs.com/fl/alaco/Board.nsf/Download-AgendaDetailed?open&id=DREJZX4F8DDC,cached,35874
Alachua County Public Schools,2026-04-29,https://go.boarddocs.com/fl/alaco/Board.nsf/Download-AgendaDetailed?open&id=DRTK5M503733,cached,3644
Alachua County Public Schools,2026-05-05,https://go.boarddocs.com/fl/alaco/Board.nsf/Download-AgendaDetailed?open&id=DSSK9350B7F8,cached,26213
Alachua County Public Schools,2026-05-06,https://go.boarddocs.com/fl/alaco/Board.nsf/Download-AgendaDetailed?open&id=DT6LUG583FE9,cached,3076
Alachua County Public Schools,2026-06-02,https://go.boarddocs.com/fl/alaco/Board.nsf/Download-AgendaDetailed?open&id=DT6P3362979F,cached,47639
Alachua County Public Schools,2026-06-03,https://go.boarddocs.com/fl/alaco/Board.nsf/Download-AgendaDetailed?open&id=DT6P4762C04E,cached,3126
Alachua County Public Schools,2026-06-16,https://go.boarddocs.com/fl/alaco/Board.nsf/Download-AgendaDetailed?open&id=DUQK9K50CAD6,cached,10696
Alachua County Public Schools,2026-07-22,https://go.boarddocs.com/fl/alaco/Board.nsf/Download-AgendaDetailed?open&id=DVBGET437FCB,cached,5246
Alachua County Public Schools,2026-07-30,https://go.boarddocs.com/fl/alaco/Board.nsf/Download-AgendaDetailed?open&id=DU8HXS49F9CC,cached,44307
Alachua County Public Schools,2026-07-30,https://go.boarddocs.com/fl/alaco/Board.nsf/Download-AgendaDetailed?open&id=DVRT497583FA,cached,5760
Alachua County Public Schools,2026-07-30,https://go.boarddocs.com/fl/alaco/Board.nsf/Download-AgendaDetailed?open&id=DVZMFW5B1881,cached,4718
Alachua County Public Schools,2026-08-04,https://go.boarddocs.com/fl/alaco/Board.nsf/Download-AgendaDetailed?open&id=DVHGQH44EAD3,cached,15842
Alachua County Public Schools,2026-08-19,https://go.boarddocs.com/fl/alaco/Board.nsf/Download-AgendaDetailed?open&id=DWFRQF6F181C,cached,5385
Bay District Schools,2025-03-11,https://go.boarddocs.com/fl/bcsdfl/Board.nsf/Download-AgendaDetailed?open&id=DDFRXB701AB0,fetched,12271
Bay District Schools,2025-03-11,https://go.boarddocs.com/fl/bcsdfl/Board.nsf/Download-AgendaDetailed?open&id=DEJQRK6A8FEF,fetched,23485
Bay District Schools,2025-03-25,https://go.boarddocs.com/fl/bcsdfl/Board.nsf/Download-AgendaDetailed?open&id=DDFS34702B0F,fetched,7683
Bay District Schools,2025-03-25,https://go.boarddocs.com/fl/bcsdfl/Board.nsf/Download-AgendaDetailed?open&id=DEXRFD6DC51B,fetched,13196
Bay District Schools,2025-04-08,https://go.boarddocs.com/fl/bcsdfl/Board.nsf/Download-AgendaDetailed?open&id=DE3KSS5350F2,fetched,8685
Bay District Schools,2025-04-08,https://go.boarddocs.com/fl/bcsdfl/Board.nsf/Download-AgendaDetailed?open&id=DFENAV5F0B96,fetched,15125
Bay District Schools,2025-04-08,https://go.boarddocs.com/fl/bcsdfl/Board.nsf/Download-AgendaDetailed?open&id=DFHL835523E1,fetched,618
Bay District Schools,2025-04-15,https://go.boarddocs.com/fl/bcsdfl/Board.nsf/Download-AgendaDetailed?open&id=DDKMJU5B874F,fetched,1559
Bay District Schools,2025-04-22,https://go.boarddocs.com/fl/bcsdfl/Board.nsf/Download-AgendaDetailed?open&id=DE3KUX5368A6,fetched,11478
Bay District Schools,2025-04-22,https://go.boarddocs.com/fl/bcsdfl/Board.nsf/Download-AgendaDetailed?open&id=DFTRY6703AAD,fetched,22631
Bay District Schools,2025-05-13,https://go.boarddocs.com/fl/bcsdfl/Board.nsf/Download-AgendaDetailed?open&id=DE3KWS537CD5,fetched,12167
Bay District Schools,2025-05-13,https://go.boarddocs.com/fl/bcsdfl/Board.nsf/Download-AgendaDetailed?open&id=DGFNVJ61C7DE,fetched,1360
Bay District Schools,2025-05-13,https://go.boarddocs.com/fl/bcsdfl/Board.nsf/Download-AgendaDetailed?open&id=DGHMFM5B0DD7,fetched,25473
Bay District Schools,2025-05-27,https://go.boarddocs.com/fl/bcsdfl/Board.nsf/Download-AgendaDetailed?open&id=DE3KZ4538F15,fetched,11264
Bay District Schools,2025-05-27,https://go.boarddocs.com/fl/bcsdfl/Board.nsf/Download-AgendaDetailed?open&id=DGWMES5AEE44,fetched,20608
Bay District Schools,2025-05-27,https://go.boarddocs.com/fl/bcsdfl/Board.nsf/Download-AgendaDetailed?open&id=DGXLHF5477E5,fetched,867
Bay District Schools,2025-06-05,https://go.boarddocs.com/fl/bcsdfl/Board.nsf/Download-AgendaDetailed?open&id=DH5NE85E7C6C,fetched,4374
Bay District Schools,2025-06-10,https://go.boarddocs.com/fl/bcsdfl/Board.nsf/Download-AgendaDetailed?open&id=DH5KAG50D388,fetched,10715
Bay District Schools,2025-06-10,https://go.boarddocs.com/fl/bcsdfl/Board.nsf/Download-AgendaDetailed?open&id=DHCMK85B58D4,fetched,19141
Bay District Schools,2025-06-24,https://go.boarddocs.com/fl/bcsdfl/Board.nsf/Download-AgendaDetailed?open&id=DH5KCJ50E81D,fetched,8695
Bay District Schools,2025-06-24,https://go.boarddocs.com/fl/bcsdfl/Board.nsf/Download-AgendaDetailed?open&id=DHSLK956E678,fetched,17934
Bay District Schools,2025-06-24,https://go.boarddocs.com/fl/bcsdfl/Board.nsf/Download-AgendaDetailed?open&id=DHWQRH6A8F77,fetched,474
Bay District Schools,2025-07-08,https://go.boarddocs.com/fl/bcsdfl/Board.nsf/Download-AgendaDetailed?open&id=DH5KEQ50F862,fetched,8382
Bay District Schools,2025-07-08,https://go.boarddocs.com/fl/bcsdfl/Board.nsf/Download-AgendaDetailed?open&id=DHZHAB4786BD,fetched,16373
Bay District Schools,2025-07-15,https://go.boarddocs.com/fl/bcsdfl/Board.nsf/Download-AgendaDetailed?open&id=DJKQ7R67F71B,fetched,1296
Bay District Schools,2025-07-22,https://go.boarddocs.com/fl/bcsdfl/Board.nsf/Download-AgendaDetailed?open&id=DGPT8C760590,fetched,7801
Bay District Schools,2025-07-22,https://go.boarddocs.com/fl/bcsdfl/Board.nsf/Download-AgendaDetailed?open&id=DJNGD7434035,fetched,15472
Bay District Schools,2025-07-24,https://go.boarddocs.com/fl/bcsdfl/Board.nsf/Download-AgendaDetailed?open&id=DJPQU76AC096,fetched,1117
Bay District Schools,2025-07-31,https://go.boarddocs.com/fl/bcsdfl/Board.nsf/Download-AgendaDetailed?open&id=DJETP47846E3,fetched,1401
Bay District Schools,2025-07-31,https://go.boarddocs.com/fl/bcsdfl/Board.nsf/Download-AgendaDetailed?open&id=DJETTG78D1BD,fetched,3955
Bay District Schools,2025-08-12,https://go.boarddocs.com/fl/bcsdfl/Board.nsf/Download-AgendaDetailed?open&id=DJNGUW451E0D,fetched,10851
Bay District Schools,2025-08-12,https://go.boarddocs.com/fl/bcsdfl/Board.nsf/Download-AgendaDetailed?open&id=DKCJ3G4B33D5,fetched,20907
Bay District Schools,2025-08-26,https://go.boarddocs.com/fl/bcsdfl/Board.nsf/Download-AgendaDetailed?open&id=DJZGJB4402CF,fetched,3515
Bay District Schools,2025-08-26,https://go.boarddocs.com/fl/bcsdfl/Board.nsf/Download-AgendaDetailed?open&id=DKSNM7608C51,fetched,6058
Bay District Schools,2025-08-26,https://go.boarddocs.com/fl/bcsdfl/Board.nsf/Download-AgendaDetailed?open&id=DKUQWP6B536F,fetched,545
Bay District Schools,2025-09-09,https://go.boarddocs.com/fl/bcsdfl/Board.nsf/Download-AgendaDetailed?open&id=DKXSXD74CD5C,fetched,7732
Bay District Schools,2025-09-09,https://go.boarddocs.com/fl/bcsdfl/Board.nsf/Download-AgendaDetailed?open&id=DL85X31250EE,fetched,14012
Bay District Schools,2025-09-11,https://go.boarddocs.com/fl/bcsdfl/Board.nsf/Download-AgendaDetailed?open&id=DKXT4S75983D,fetched,5410
Bay District Schools,2025-09-11,https://go.boarddocs.com/fl/bcsdfl/Board.nsf/Download-AgendaDetailed?open&id=DL5R9W6CF79D,fetched,2039
Bay District Schools,2025-09-23,https://go.boarddocs.com/fl/bcsdfl/Board.nsf/Download-AgendaDetailed?open&id=DKXUGR754C9B,fetched,6480
Bay District Schools,2025-09-23,https://go.boarddocs.com/fl/bcsdfl/Board.nsf/Download-AgendaDetailed?open&id=DLMH3R46912B,fetched,10632
Bay District Schools,2025-10-14,https://go.boarddocs.com/fl/bcsdfl/Board.nsf/Download-AgendaDetailed?open&id=DKXUJW755D75,fetched,9517
Bay District Schools,2025-10-14,https://go.boarddocs.com/fl/bcsdfl/Board.nsf/Download-AgendaDetailed?open&id=DM9QW26B168C,fetched,20891
Bay District Schools,2025-10-15,https://go.boarddocs.com/fl/bcsdfl/Board.nsf/Download-AgendaDetailed?open&id=DMFUD27B7D71,fetched,1294
Bay District Schools,2025-10-20,https://go.boarddocs.com/fl/bcsdfl/Board.nsf/Download-AgendaDetailed?open&id=DMHMQ85C5062,fetched,745
Bay District Schools,2025-10-28,https://go.boarddocs.com/fl/bcsdfl/Board.nsf/Download-AgendaDetailed?open&id=DKXT8E761EFC,fetched,13564
Bay District Schools,2025-10-28,https://go.boarddocs.com/fl/bcsdfl/Board.nsf/Download-AgendaDetailed?open&id=DMRGWX45DB17,fetched,26504
Bay District Schools,2025-11-13,https://go.boarddocs.com/fl/bcsdfl/Board.nsf/Download-AgendaDetailed?open&id=DMHS7B714683,fetched,747
Bay District Schools,2025-11-18,https://go.boarddocs.com/fl/bcsdfl/Board.nsf/Download-AgendaDetailed?open&id=DN6L2554642A,fetched,14380
Bay District Schools,2025-11-18,https://go.boarddocs.com/fl/bcsdfl/Board.nsf/Download-AgendaDetailed?open&id=DNELX458A202,fetched,28899
Bay District Schools,2025-12-16,https://go.boarddocs.com/fl/bcsdfl/Board.nsf/Download-AgendaDetailed?open&id=DKXURV765AA4,fetched,12663
Bay District Schools,2025-12-16,https://go.boarddocs.com/fl/bcsdfl/Board.nsf/Download-AgendaDetailed?open&id=DP9Q2T673B6F,fetched,25811
Bay District Schools,2026-01-13,https://go.boarddocs.com/fl/bcsdfl/Board.nsf/Download-AgendaDetailed?open&id=DMARGN6D7B0E,fetched,7777
Bay District Schools,2026-01-13,https://go.boarddocs.com/fl/bcsdfl/Board.nsf/Download-AgendaDetailed?open&id=DQ6NMC609520,fetched,15531
Bay District Schools,2026-01-27,https://go.boarddocs.com/fl/bcsdfl/Board.nsf/Download-AgendaDetailed?open&id=DQ7T3Z757AB5,fetched,13516
Bay District Schools,2026-01-27,https://go.boarddocs.com/fl/bcsdfl/Board.nsf/Download-AgendaDetailed?open&id=DQPR7U6C95B3,fetched,7635
Bay District Schools,2026-02-10,https://go.boarddocs.com/fl/bcsdfl/Board.nsf/Download-AgendaDetailed?open&id=DP8LHU55B830,fetched,7036
Bay District Schools,2026-02-10,https://go.boarddocs.com/fl/bcsdfl/Board.nsf/Download-AgendaDetailed?open&id=DR2L795523C1,fetched,12574
Bay District Schools,2026-02-24,https://go.boarddocs.com/fl/bcsdfl/Board.nsf/Download-AgendaDetailed?open&id=DQWMUX5D015C,fetched,6684
Bay District Schools,2026-02-24,https://go.boarddocs.com/fl/bcsdfl/Board.nsf/Download-AgendaDetailed?open&id=DQWS4Y70EE8F,fetched,1690
Bay District Schools,2026-02-24,https://go.boarddocs.com/fl/bcsdfl/Board.nsf/Download-AgendaDetailed?open&id=DRGN9D5ED466,fetched,11127
Bay District Schools,2026-03-10,https://go.boarddocs.com/fl/bcsdfl/Board.nsf/Download-AgendaDetailed?open&id=DQWN355D28E2,fetched,8257
Bay District Schools,2026-03-10,https://go.boarddocs.com/fl/bcsdfl/Board.nsf/Download-AgendaDetailed?open&id=DRWKCW5145FF,fetched,16450
Bay District Schools,2026-03-24,https://go.boarddocs.com/fl/bcsdfl/Board.nsf/Download-AgendaDetailed?open&id=DQWN575D3482,fetched,6957
Bay District Schools,2026-03-24,https://go.boarddocs.com/fl/bcsdfl/Board.nsf/Download-AgendaDetailed?open&id=DRNL4753EDD4,fetched,896
Bay District Schools,2026-03-24,https://go.boarddocs.com/fl/bcsdfl/Board.nsf/Download-AgendaDetailed?open&id=DSCMSJ5CA749,fetched,13182
Bay District Schools,2026-04-14,https://go.boarddocs.com/fl/bcsdfl/Board.nsf/Download-AgendaDetailed?open&id=DQWN7J5D4643,fetched,12184
Bay District Schools,2026-04-14,https://go.boarddocs.com/fl/bcsdfl/Board.nsf/Download-AgendaDetailed?open&id=DSZJSS4EA048,fetched,28688
Bay District Schools,2026-04-28,https://go.boarddocs.com/fl/bcsdfl/Board.nsf/Download-AgendaDetailed?open&id=DQWMX85D579C,fetched,10587
Bay District Schools,2026-04-28,https://go.boarddocs.com/fl/bcsdfl/Board.nsf/Download-AgendaDetailed?open&id=DTF4FP0B6117,fetched,22838
Bay District Schools,2026-04-28,https://go.boarddocs.com/fl/bcsdfl/Board.nsf/Download-AgendaDetailed?open&id=DTFLD6560194,fetched,1142
Bay District Schools,2026-05-12,https://go.boarddocs.com/fl/bcsdfl/Board.nsf/Download-AgendaDetailed?open&id=DSFQ8W6821E2,fetched,8808
Bay District Schools,2026-05-12,https://go.boarddocs.com/fl/bcsdfl/Board.nsf/Download-AgendaDetailed?open&id=DTURAY6BA055,fetched,19161
Bay District Schools,2026-05-12,https://go.boarddocs.com/fl/bcsdfl/Board.nsf/Download-AgendaDetailed?open&id=DTZMEA5ADC03,fetched,859
Bay District Schools,2026-05-26,https://go.boarddocs.com/fl/bcsdfl/Board.nsf/Download-AgendaDetailed?open&id=DSFQAY68525C,fetched,8987
Bay District Schools,2026-05-26,https://go.boarddocs.com/fl/bcsdfl/Board.nsf/Download-AgendaDetailed?open&id=DUAH4J46AE2A,fetched,16956
Bay District Schools,2026-05-26,https://go.boarddocs.com/fl/bcsdfl/Board.nsf/Download-AgendaDetailed?open&id=DUFHH54886D7,fetched,1097
Bay District Schools,2026-06-09,https://go.boarddocs.com/fl/bcsdfl/Board.nsf/Download-AgendaDetailed?open&id=DSFQD768684B,fetched,7027
Bay District Schools,2026-06-09,https://go.boarddocs.com/fl/bcsdfl/Board.nsf/Download-AgendaDetailed?open&id=DUQMVM5D1BC3,fetched,14081
Bay District Schools,2026-06-23,https://go.boarddocs.com/fl/bcsdfl/Board.nsf/Download-AgendaDetailed?open&id=DSFQJM68F5BD,fetched,8370
Bay District Schools,2026-06-23,https://go.boarddocs.com/fl/bcsdfl/Board.nsf/Download-AgendaDetailed?open&id=DUPKEP518970,fetched,1528
Bay District Schools,2026-06-23,https://go.boarddocs.com/fl/bcsdfl/Board.nsf/Download-AgendaDetailed?open&id=DV5LKH56EFD5,fetched,17469
Bay District Schools,2026-07-14,https://go.boarddocs.com/fl/bcsdfl/Board.nsf/Download-AgendaDetailed?open&id=DSFQLP690983,fetched,6269
Bay District Schools,2026-07-14,https://go.boarddocs.com/fl/bcsdfl/Board.nsf/Download-AgendaDetailed?open&id=DVRQTU6AE86B,fetched,15322
Bay District Schools,2026-07-23,https://go.boarddocs.com/fl/bcsdfl/Board.nsf/Download-AgendaDetailed?open&id=DSFQL269C371,fetched,1037
Bay District Schools,2026-07-28,https://go.boarddocs.com/fl/bcsdfl/Board.nsf/Download-AgendaDetailed?open&id=DSFQFT6889A1,fetched,5890
Bay District Schools,2026-07-28,https://go.boarddocs.com/fl/bcsdfl/Board.nsf/Download-AgendaDetailed?open&id=DW8ML45BB562,fetched,11982
Bay District Schools,2026-07-30,https://go.boarddocs.com/fl/bcsdfl/Board.nsf/Download-AgendaDetailed?open&id=DUPKJA520FA1,fetched,6219
Bay District Schools,2026-08-11,https://go.boarddocs.com/fl/bcsdfl/Board.nsf/Download-AgendaDetailed?open&id=DW9HHG489363,fetched,8863
Bay District Schools,2026-08-11,https://go.boarddocs.com/fl/bcsdfl/Board.nsf/Download-AgendaDetailed?open&id=DWPKK5523129,fetched,17108
Bay District Schools,2026-08-25,https://go.boarddocs.com/fl/bcsdfl/Board.nsf/Download-AgendaDetailed?open&id=DUPKGH51CE98,fetched,887
Bay District Schools,2026-08-25,https://go.boarddocs.com/fl/bcsdfl/Board.nsf/Download-AgendaDetailed?open&id=DW9HKQ48B685,fetched,6002
Bay District Schools,2026-08-25,https://go.boarddocs.com/fl/bcsdfl/Board.nsf/Download-AgendaDetailed?open&id=DX6H6T46C137,fetched,8705
Bradford County School District,2025-03-10,https://go.boarddocs.com/fl/bradfordcsd/Board.nsf/Download-AgendaDetailed?open&id=DDVSG2728DAF,fetched,7330
Bradford County School District,2025-03-10,https://go.boarddocs.com/fl/bradfordcsd/Board.nsf/Download-AgendaDetailed?open&id=DE4HQQ49A37D,fetched,1006
Bradford County School District,2025-03-10,https://go.boarddocs.com/fl/bradfordcsd/Board.nsf/Download-AgendaDetailed?open&id=DE4HUX4A3F75,fetched,388
Bradford County School District,2025-03-10,https://go.boarddocs.com/fl/bradfordcsd/Board.nsf/Download-AgendaDetailed?open&id=DE4HWS4A86B6,fetched,718
Bradford County School District,2025-03-31,https://go.boarddocs.com/fl/bradfordcsd/Board.nsf/Download-AgendaDetailed?open&id=DEVQTE65B5EF,fetched,3443
Bradford County School District,2025-04-14,https://go.boarddocs.com/fl/bradfordcsd/Board.nsf/Download-AgendaDetailed?open&id=DFAJVD4ECF8D,fetched,11934
Bradford County School District,2025-04-14,https://go.boarddocs.com/fl/bradfordcsd/Board.nsf/Download-AgendaDetailed?open&id=DFBGX345E117,fetched,2875
Bradford County School District,2025-04-14,https://go.boarddocs.com/fl/bradfordcsd/Board.nsf/Download-AgendaDetailed?open&id=DFHHM6491AE9,fetched,299
Bradford County School District,2025-04-14,https://go.boarddocs.com/fl/bradfordcsd/Board.nsf/Download-AgendaDetailed?open&id=DFJGHN43EADF,fetched,738
Bradford County School District,2025-04-28,https://go.boarddocs.com/fl/bradfordcsd/Board.nsf/Download-AgendaDetailed?open&id=DFYPKY651155,fetched,711
Bradford County School District,2025-04-28,https://go.boarddocs.com/fl/bradfordcsd/Board.nsf/Download-AgendaDetailed?open&id=DFYPMR6553FA,fetched,3573
Bradford County School District,2025-05-12,https://go.boarddocs.com/fl/bradfordcsd/Board.nsf/Download-AgendaDetailed?open&id=DFSJW64EEAE4,fetched,1657
Bradford County School District,2025-05-12,https://go.boarddocs.com/fl/bradfordcsd/Board.nsf/Download-AgendaDetailed?open&id=DFSJWY4F3E1B,fetched,14852
Bradford County School District,2025-05-27,https://go.boarddocs.com/fl/bradfordcsd/Board.nsf/Download-AgendaDetailed?open&id=DGFMP85C288D,fetched,14121
Bradford County School District,2025-05-27,https://go.boarddocs.com/fl/bradfordcsd/Board.nsf/Download-AgendaDetailed?open&id=DGUN7P5E5BEF,fetched,1217
Bradford County School District,2025-05-27,https://go.boarddocs.com/fl/bradfordcsd/Board.nsf/Download-AgendaDetailed?open&id=DGURLH6E8540,fetched,185
Bradford County School District,2025-06-16,https://go.boarddocs.com/fl/bradfordcsd/Board.nsf/Download-AgendaDetailed?open&id=DGDJFZ4D0CA6,fetched,13692
Bradford County School District,2025-06-16,https://go.boarddocs.com/fl/bradfordcsd/Board.nsf/Download-AgendaDetailed?open&id=DHHSJB72E36E,fetched,860
Bradford County School District,2025-06-16,https://go.boarddocs.com/fl/bradfordcsd/Board.nsf/Download-AgendaDetailed?open&id=DHHSWK74ACC9,fetched,175
Bradford County School District,2025-07-08,https://go.boarddocs.com/fl/bradfordcsd/Board.nsf/Download-AgendaDetailed?open&id=DJCGEP437AC2,fetched,517
Bradford County School District,2025-07-14,https://go.boarddocs.com/fl/bradfordcsd/Board.nsf/Download-AgendaDetailed?open&id=DGDJM74DB5FA,fetched,13166
Bradford County School District,2025-07-14,https://go.boarddocs.com/fl/bradfordcsd/Board.nsf/Download-AgendaDetailed?open&id=DHYGVZ45B8E0,fetched,1042
Bradford County School District,2025-07-28,https://go.boarddocs.com/fl/bradfordcsd/Board.nsf/Download-AgendaDetailed?open&id=DGDJQR4E541F,fetched,11620
Bradford County School District,2025-07-28,https://go.boarddocs.com/fl/bradfordcsd/Board.nsf/Download-AgendaDetailed?open&id=DJCNBK5F2634,fetched,731
Bradford County School District,2025-07-28,https://go.boarddocs.com/fl/bradfordcsd/Board.nsf/Download-AgendaDetailed?open&id=DJCSET725FAC,fetched,920
Bradford County School District,2025-07-28,https://go.boarddocs.com/fl/bradfordcsd/Board.nsf/Download-AgendaDetailed?open&id=DJTMYK5D8A11,fetched,590
Bradford County School District,2025-08-11,https://go.boarddocs.com/fl/bradfordcsd/Board.nsf/Download-AgendaDetailed?open&id=DGDJRN4E7623,fetched,6056
Bradford County School District,2025-08-25,https://go.boarddocs.com/fl/bradfordcsd/Board.nsf/Download-AgendaDetailed?open&id=DKKNBH5F239C,fetched,6690
Bradford County School District,2025-08-25,https://go.boarddocs.com/fl/bradfordcsd/Board.nsf/Download-AgendaDetailed?open&id=DKKNDM5F72D5,fetched,1485
Bradford County School District,2025-09-08,https://go.boarddocs.com/fl/bradfordcsd/Board.nsf/Download-AgendaDetailed?open&id=DKQGRS451B72,fetched,792
Bradford County School District,2025-09-08,https://go.boarddocs.com/fl/bradfordcsd/Board.nsf/Download-AgendaDetailed?open&id=DKQGVU45B287,fetched,8256
Bradford County School District,2025-09-08,https://go.boarddocs.com/fl/bradfordcsd/Board.nsf/Download-AgendaDetailed?open&id=DKYPSH6606B5,fetched,1250
Bradford County School District,2025-09-22,https://go.boarddocs.com/fl/bradfordcsd/Board.nsf/Download-AgendaDetailed?open&id=DLCQFF6917BB,fetched,9586
Bradford County School District,2025-09-22,https://go.boarddocs.com/fl/bradfordcsd/Board.nsf/Download-AgendaDetailed?open&id=DLCQJJ698083,fetched,2908
Bradford County School District,2025-09-22,https://go.boarddocs.com/fl/bradfordcsd/Board.nsf/Download-AgendaDetailed?open&id=DLJK3W4FF6B3,fetched,391
Bradford County School District,2025-09-22,https://go.boarddocs.com/fl/bradfordcsd/Board.nsf/Download-AgendaDetailed?open&id=DLLFHT3F40AC,fetched,75
Bradford County School District,2025-10-13,https://go.boarddocs.com/fl/bradfordcsd/Board.nsf/Download-AgendaDetailed?open&id=DLDMQZ5C6E25,fetched,6756
Bradford County School District,2025-10-13,https://go.boarddocs.com/fl/bradfordcsd/Board.nsf/Download-AgendaDetailed?open&id=DM4KGR51D8B6,fetched,365
Bradford County School District,2025-10-27,https://go.boarddocs.com/fl/bradfordcsd/Board.nsf/Download-AgendaDetailed?open&id=DMFQZP6BC183,fetched,5847
Bradford County School District,2025-10-27,https://go.boarddocs.com/fl/bradfordcsd/Board.nsf/Download-AgendaDetailed?open&id=DMNKBP511919,fetched,178
Bradford County School District,2025-10-27,https://go.boarddocs.com/fl/bradfordcsd/Board.nsf/Download-AgendaDetailed?open&id=DMNKFR51B09B,fetched,283
Bradford County School District,2025-10-27,https://go.boarddocs.com/fl/bradfordcsd/Board.nsf/Download-AgendaDetailed?open&id=DMNKGQ51D7D9,fetched,450
Bradford County School District,2025-11-17,https://go.boarddocs.com/fl/bradfordcsd/Board.nsf/Download-AgendaDetailed?open&id=DMUJSZ4EA899,fetched,2571
Bradford County School District,2025-11-17,https://go.boarddocs.com/fl/bradfordcsd/Board.nsf/Download-AgendaDetailed?open&id=DMUJY24F6560,fetched,691
Bradford County School District,2025-11-17,https://go.boarddocs.com/fl/bradfordcsd/Board.nsf/Download-AgendaDetailed?open&id=DMUJYA4F6EFD,fetched,6887
Bradford County School District,2025-11-17,https://go.boarddocs.com/fl/bradfordcsd/Board.nsf/Download-AgendaDetailed?open&id=DN5KY65418B7,fetched,179
Bradford County School District,2025-12-09,https://go.boarddocs.com/fl/bradfordcsd/Board.nsf/Download-AgendaDetailed?open&id=DNKQYE6B91DC,fetched,6619
Bradford County School District,2025-12-09,https://go.boarddocs.com/fl/bradfordcsd/Board.nsf/Download-AgendaDetailed?open&id=DNZSJV72F880,fetched,179
Bradford County School District,2025-12-09,https://go.boarddocs.com/fl/bradfordcsd/Board.nsf/Download-AgendaDetailed?open&id=DNZSMJ735B8C,fetched,672
Bradford County School District,2026-01-13,https://go.boarddocs.com/fl/bradfordcsd/Board.nsf/Download-AgendaDetailed?open&id=DPAHMA49228B,fetched,5646
Bradford County School District,2026-02-10,https://go.boarddocs.com/fl/bradfordcsd/Board.nsf/Download-AgendaDetailed?open&id=DQHRJT6E4644,fetched,7559
Bradford County School District,2026-02-10,https://go.boarddocs.com/fl/bradfordcsd/Board.nsf/Download-AgendaDetailed?open&id=DQPSZW752C30,fetched,423
Bradford County School District,2026-02-25,https://go.boarddocs.com/fl/bradfordcsd/Board.nsf/Download-AgendaDetailed?open&id=DQZLNP5766E3,fetched,5881
Bradford County School District,2026-03-10,https://go.boarddocs.com/fl/bradfordcsd/Board.nsf/Download-AgendaDetailed?open&id=DQZLSY58081D,fetched,5513
Bradford County School District,2026-03-10,https://go.boarddocs.com/fl/bradfordcsd/Board.nsf/Download-AgendaDetailed?open&id=DRTJ5D4B7D15,fetched,177
Bradford County School District,2026-03-10,https://go.boarddocs.com/fl/bradfordcsd/Board.nsf/Download-AgendaDetailed?open&id=DRTTAJ766ABB,fetched,339
Bradford County School District,2026-03-25,https://go.boarddocs.com/fl/bradfordcsd/Board.nsf/Download-AgendaDetailed?open&id=DS9JGB4D1891,fetched,6754
Bradford County School District,2026-04-14,https://go.boarddocs.com/fl/bradfordcsd/Board.nsf/Download-AgendaDetailed?open&id=DSCGJG440945,fetched,7633
Bradford County School District,2026-04-14,https://go.boarddocs.com/fl/bradfordcsd/Board.nsf/Download-AgendaDetailed?open&id=DSYR9V6CF64A,fetched,177
Bradford County School District,2026-05-12,https://go.boarddocs.com/fl/bradfordcsd/Board.nsf/Download-AgendaDetailed?open&id=DTEPNR6579F2,fetched,9220
Bradford County School District,2026-05-12,https://go.boarddocs.com/fl/bradfordcsd/Board.nsf/Download-AgendaDetailed?open&id=DTKGRM451583,fetched,194
Bradford County School District,2026-06-16,https://go.boarddocs.com/fl/bradfordcsd/Board.nsf/Download-AgendaDetailed?open&id=DTYJ394AB6CD,fetched,14980
Bradford County School District,2026-06-16,https://go.boarddocs.com/fl/bradfordcsd/Board.nsf/Download-AgendaDetailed?open&id=DU9K4Y4FF073,fetched,1351
Bradford County School District,2026-07-16,https://go.boarddocs.com/fl/bradfordcsd/Board.nsf/Download-AgendaDetailed?open&id=DV3RRW6F4839,fetched,8051
Bradford County School District,2026-07-16,https://go.boarddocs.com/fl/bradfordcsd/Board.nsf/Download-AgendaDetailed?open&id=DV4JKN4D9324,fetched,1412
Bradford County School District,2026-07-27,https://go.boarddocs.com/fl/bradfordcsd/Board.nsf/Download-AgendaDetailed?open&id=DUXQL569C52A,fetched,11267
Bradford County School District,2026-07-27,https://go.boarddocs.com/fl/bradfordcsd/Board.nsf/Download-AgendaDetailed?open&id=DVXHPL4978D6,fetched,1769
Bradford County School District,2026-07-27,https://go.boarddocs.com/fl/bradfordcsd/Board.nsf/Download-AgendaDetailed?open&id=DW6QR76A7052,fetched,884
Bradford County School District,2026-08-11,https://go.boarddocs.com/fl/bradfordcsd/Board.nsf/Download-AgendaDetailed?open&id=DW8PH764A953,fetched,8497
Calhoun County School District,2025-03-11,https://go.boarddocs.com/fl/ccsdfl/Board.nsf/Download-AgendaDetailed?open&id=DDRMLC5BBF9B,cached,15649
Calhoun County School District,2025-04-08,https://go.boarddocs.com/fl/ccsdfl/Board.nsf/Download-AgendaDetailed?open&id=DERKKQ5247B2,cached,9518
Calhoun County School District,2025-05-13,https://go.boarddocs.com/fl/ccsdfl/Board.nsf/Download-AgendaDetailed?open&id=DFYSED724E51,cached,14270
Calhoun County School District,2025-06-10,https://go.boarddocs.com/fl/ccsdfl/Board.nsf/Download-AgendaDetailed?open&id=DGLNZU625D52,cached,15605
Calhoun County School District,2025-07-08,https://go.boarddocs.com/fl/ccsdfl/Board.nsf/Download-AgendaDetailed?open&id=DHXHYK4AA776,cached,19263
Calhoun County School District,2025-07-08,https://go.boarddocs.com/fl/ccsdfl/Board.nsf/Download-AgendaDetailed?open&id=DJ2SKZ731F3B,cached,772
Calhoun County School District,2025-07-21,https://go.boarddocs.com/fl/ccsdfl/Board.nsf/Download-AgendaDetailed?open&id=DJK3KN0745B1,cached,4392
Calhoun County School District,2025-07-28,https://go.boarddocs.com/fl/ccsdfl/Board.nsf/Download-AgendaDetailed?open&id=DJK3LM0763CF,cached,4998
Calhoun County School District,2025-08-12,https://go.boarddocs.com/fl/ccsdfl/Board.nsf/Download-AgendaDetailed?open&id=DK27GY6B50A8,cached,10063
Calhoun County School District,2025-09-09,https://go.boarddocs.com/fl/ccsdfl/Board.nsf/Download-AgendaDetailed?open&id=DK27KL6BC6BB,cached,14182
Calhoun County School District,2025-10-14,https://go.boarddocs.com/fl/ccsdfl/Board.nsf/Download-AgendaDetailed?open&id=DLVKCF5136FE,cached,14807
Calhoun County School District,2025-11-11,https://go.boarddocs.com/fl/ccsdfl/Board.nsf/Download-AgendaDetailed?open&id=DLVN5E5E3F4F,cached,13906
Calhoun County School District,2025-11-11,https://go.boarddocs.com/fl/ccsdfl/Board.nsf/Download-AgendaDetailed?open&id=DMJJ6X4BB80B,cached,3708
Calhoun County School District,2025-12-09,https://go.boarddocs.com/fl/ccsdfl/Board.nsf/Download-AgendaDetailed?open&id=DMJJ3R4B3C86,cached,11656
Calhoun County School District,2026-01-13,https://go.boarddocs.com/fl/ccsdfl/Board.nsf/Download-AgendaDetailed?open&id=DP3JSB4E8EBB,cached,11742
Calhoun County School District,2026-02-10,https://go.boarddocs.com/fl/ccsdfl/Board.nsf/Download-AgendaDetailed?open&id=DQRNWH61EC56,fetched,8991
Calhoun County School District,2026-03-10,https://go.boarddocs.com/fl/ccsdfl/Board.nsf/Download-AgendaDetailed?open&id=DQRNY461F41D,fetched,12933
Calhoun County School District,2026-04-14,https://go.boarddocs.com/fl/ccsdfl/Board.nsf/Download-AgendaDetailed?open&id=DQRNZN61FA80,fetched,14025
Calhoun County School District,2026-05-12,https://go.boarddocs.com/fl/ccsdfl/Board.nsf/Download-AgendaDetailed?open&id=DTSNCY5E73E3,fetched,8531
Calhoun County School District,2026-06-09,https://go.boarddocs.com/fl/ccsdfl/Board.nsf/Download-AgendaDetailed?open&id=DU8QQG6A6A8B,fetched,14287
Calhoun County School District,2026-07-14,https://go.boarddocs.com/fl/ccsdfl/Board.nsf/Download-AgendaDetailed?open&id=DVBL7X553C12,fetched,19551
Calhoun County School District,2026-07-14,https://go.boarddocs.com/fl/ccsdfl/Board.nsf/Download-AgendaDetailed?open&id=DVCGZ94633BD,fetched,776
Calhoun County School District,2026-07-20,https://go.boarddocs.com/fl/ccsdfl/Board.nsf/Download-AgendaDetailed?open&id=DVXGGU43CBE1,fetched,4045
Calhoun County School District,2026-07-27,https://go.boarddocs.com/fl/ccsdfl/Board.nsf/Download-AgendaDetailed?open&id=DW2GL244442B,fetched,7001
Calhoun County School District,2026-08-11,https://go.boarddocs.com/fl/ccsdfl/Board.nsf/Download-AgendaDetailed?open&id=DW6KS75339DC,fetched,14714
Charlotte County Public Schools,2025-03-11,https://go.boarddocs.com/fla/ccpsfl/Board.nsf/Download-AgendaDetailed?open&id=DAHNS4614587,cached,23522
Charlotte County Public Schools,2025-03-11,https://go.boarddocs.com/fla/ccpsfl/Board.nsf/Download-AgendaDetailed?open&id=DAHQWF6B3CC4,cached,1853
Charlotte County Public Schools,2025-04-08,https://go.boarddocs.com/fla/ccpsfl/Board.nsf/Download-AgendaDetailed?open&id=DAHNTL617FAF,cached,26228
Charlotte County Public Schools,2025-04-08,https://go.boarddocs.com/fla/ccpsfl/Board.nsf/Download-AgendaDetailed?open&id=DAHQWZ6B4D81,cached,5420
Charlotte County Public Schools,2025-04-22,https://go.boarddocs.com/fla/ccpsfl/Board.nsf/Download-AgendaDetailed?open&id=DAHLM356A3ED,cached,2689
Charlotte County Public Schools,2025-05-06,https://go.boarddocs.com/fla/ccpsfl/Board.nsf/Download-AgendaDetailed?open&id=DAHNXH62120C,cached,26158
Charlotte County Public Schools,2025-05-06,https://go.boarddocs.com/fla/ccpsfl/Board.nsf/Download-AgendaDetailed?open&id=DAHQXR6B65C7,cached,1172
Charlotte County Public Schools,2025-06-03,https://go.boarddocs.com/fla/ccpsfl/Board.nsf/Download-AgendaDetailed?open&id=DAHP6N631DE0,cached,40618
Charlotte County Public Schools,2025-06-03,https://go.boarddocs.com/fla/ccpsfl/Board.nsf/Download-AgendaDetailed?open&id=DAHQZK6B7743,cached,2828
Charlotte County Public Schools,2025-07-08,https://go.boarddocs.com/fla/ccpsfl/Board.nsf/Download-AgendaDetailed?open&id=DGGP9A6380C1,cached,1889
Charlotte County Public Schools,2025-07-24,https://go.boarddocs.com/fla/ccpsfl/Board.nsf/Download-AgendaDetailed?open&id=DAHPBM63D712,cached,4034
Charlotte County Public Schools,2025-07-31,https://go.boarddocs.com/fla/ccpsfl/Board.nsf/Download-AgendaDetailed?open&id=DAHPKS6503EB,cached,49343
Charlotte County Public Schools,2025-07-31,https://go.boarddocs.com/fla/ccpsfl/Board.nsf/Download-AgendaDetailed?open&id=DAHR246B8C56,cached,1965
Charlotte County Public Schools,2025-08-12,https://go.boarddocs.com/fla/ccpsfl/Board.nsf/Download-AgendaDetailed?open&id=DAHPN2655E8C,cached,12838
Charlotte County Public Schools,2025-08-12,https://go.boarddocs.com/fla/ccpsfl/Board.nsf/Download-AgendaDetailed?open&id=DAHR2N6B9ED0,cached,1264
Charlotte County Public Schools,2025-09-09,https://go.boarddocs.com/fla/ccpsfl/Board.nsf/Download-AgendaDetailed?open&id=DAHPQY65CC9B,cached,29898
Charlotte County Public Schools,2025-09-09,https://go.boarddocs.com/fla/ccpsfl/Board.nsf/Download-AgendaDetailed?open&id=DAHR386BB15B,cached,5618
Charlotte County Public Schools,2025-09-23,https://go.boarddocs.com/fla/ccpsfl/Board.nsf/Download-AgendaDetailed?open&id=DJMMSF5CA424,cached,2117
Charlotte County Public Schools,2025-10-14,https://go.boarddocs.com/fla/ccpsfl/Board.nsf/Download-AgendaDetailed?open&id=DAHQ5Z676245,cached,29102
Charlotte County Public Schools,2025-10-14,https://go.boarddocs.com/fla/ccpsfl/Board.nsf/Download-AgendaDetailed?open&id=DAHRA86BC191,cached,925
Charlotte County Public Schools,2025-11-11,https://go.boarddocs.com/fla/ccpsfl/Board.nsf/Download-AgendaDetailed?open&id=DAHQ8Y67FD67,cached,19401
Charlotte County Public Schools,2025-11-11,https://go.boarddocs.com/fla/ccpsfl/Board.nsf/Download-AgendaDetailed?open&id=DAHQHX67A562,cached,5991
Charlotte County Public Schools,2025-11-11,https://go.boarddocs.com/fla/ccpsfl/Board.nsf/Download-AgendaDetailed?open&id=DAHRAV6BD7A5,cached,2712
Charlotte County Public Schools,2025-11-18,https://go.boarddocs.com/fla/ccpsfl/Board.nsf/Download-AgendaDetailed?open&id=DLVJLF4DB241,cached,2779
Charlotte County Public Schools,2025-12-16,https://go.boarddocs.com/fla/ccpsfl/Board.nsf/Download-AgendaDetailed?open&id=DMUNU861953F,cached,20654
Charlotte County Public Schools,2025-12-16,https://go.boarddocs.com/fla/ccpsfl/Board.nsf/Download-AgendaDetailed?open&id=DMUNYT6224DB,cached,1638
Charlotte County Public Schools,2026-01-13,https://go.boarddocs.com/fla/ccpsfl/Board.nsf/Download-AgendaDetailed?open&id=DN7RGR6DF8C2,cached,1085
Charlotte County Public Schools,2026-01-13,https://go.boarddocs.com/fla/ccpsfl/Board.nsf/Download-AgendaDetailed?open&id=DN7RHQ6E1CBE,cached,10666
Charlotte County Public Schools,2026-02-10,https://go.boarddocs.com/fla/ccpsfl/Board.nsf/Download-AgendaDetailed?open&id=DN7RJT6E4179,cached,1702
Charlotte County Public Schools,2026-02-10,https://go.boarddocs.com/fla/ccpsfl/Board.nsf/Download-AgendaDetailed?open&id=DN7RLT6E541D,cached,16537
Charlotte County Public Schools,2026-03-10,https://go.boarddocs.com/fla/ccpsfl/Board.nsf/Download-AgendaDetailed?open&id=DN7RNQ6E7B8B,cached,1071
Charlotte County Public Schools,2026-03-10,https://go.boarddocs.com/fla/ccpsfl/Board.nsf/Download-AgendaDetailed?open&id=DN7RPR6E9438,cached,17167
Charlotte County Public Schools,2026-03-24,https://go.boarddocs.com/fla/ccpsfl/Board.nsf/Download-AgendaDetailed?open&id=DNJK5H50326E,cached,3570
Charlotte County Public Schools,2026-04-07,https://go.boarddocs.com/fla/ccpsfl/Board.nsf/Download-AgendaDetailed?open&id=DN7RMV6EB3C0,cached,7341
Charlotte County Public Schools,2026-04-07,https://go.boarddocs.com/fla/ccpsfl/Board.nsf/Download-AgendaDetailed?open&id=DN7RQV6EC2AC,cached,22515
Charlotte County Public Schools,2026-04-14,https://go.boarddocs.com/fla/ccpsfl/Board.nsf/Download-AgendaDetailed?open&id=DSYHAP47959C,cached,1741
Charlotte County Public Schools,2026-04-21,https://go.boarddocs.com/fla/ccpsfl/Board.nsf/Download-AgendaDetailed?open&id=DT4HLK487F6E,cached,957
Charlotte County Public Schools,2026-05-05,https://go.boarddocs.com/fla/ccpsfl/Board.nsf/Download-AgendaDetailed?open&id=DN7RNX6EE0BA,cached,1152
Charlotte County Public Schools,2026-05-05,https://go.boarddocs.com/fla/ccpsfl/Board.nsf/Download-AgendaDetailed?open&id=DN7RW56FA328,cached,26142
Charlotte County Public Schools,2026-05-19,https://go.boarddocs.com/fla/ccpsfl/Board.nsf/Download-AgendaDetailed?open&id=DSYPP7658802,cached,2784
Charlotte County Public Schools,2026-06-02,https://go.boarddocs.com/fla/ccpsfl/Board.nsf/Download-AgendaDetailed?open&id=DN7RPX6EFDB6,cached,41524
Charlotte County Public Schools,2026-06-02,https://go.boarddocs.com/fla/ccpsfl/Board.nsf/Download-AgendaDetailed?open&id=DN7RW46FED5D,cached,1758
Charlotte County Public Schools,2026-07-24,https://go.boarddocs.com/fla/ccpsfl/Board.nsf/Download-AgendaDetailed?open&id=DN7RYJ701192,cached,5480
Charlotte County Public Schools,2026-07-30,https://go.boarddocs.com/fla/ccpsfl/Board.nsf/Download-AgendaDetailed?open&id=DN7RWR70020E,cached,1029
Charlotte County Public Schools,2026-07-30,https://go.boarddocs.com/fla/ccpsfl/Board.nsf/Download-AgendaDetailed?open&id=DN7S2Q70998D,cached,36031
Charlotte County Public Schools,2026-08-11,https://go.boarddocs.com/fla/ccpsfl/Board.nsf/Download-AgendaDetailed?open&id=DN7S7H714863,cached,1861
Charlotte County Public Schools,2026-08-11,https://go.boarddocs.com/fla/ccpsfl/Board.nsf/Download-AgendaDetailed?open&id=DN7S8B715EF9,cached,22170
Citrus County School District,2025-03-11,https://go.boarddocs.com/fl/citrus/Board.nsf/Download-AgendaDetailed?open&id=DCSJN64DEAA9,cached,48946
Citrus County School District,2025-04-08,https://go.boarddocs.com/fl/citrus/Board.nsf/Download-AgendaDetailed?open&id=DEAQU96AA2BC,cached,66486
Citrus County School District,2025-04-22,https://go.boarddocs.com/fl/citrus/Board.nsf/Download-AgendaDetailed?open&id=DDLNQS609D7C,cached,13823
Citrus County School District,2025-05-13,https://go.boarddocs.com/fl/citrus/Board.nsf/Download-AgendaDetailed?open&id=DDLRA76D0188,cached,69802
Citrus County School District,2025-06-10,https://go.boarddocs.com/fl/citrus/Board.nsf/Download-AgendaDetailed?open&id=DDLRBA6D2751,cached,94542
Citrus County School District,2025-06-24,https://go.boarddocs.com/fl/citrus/Board.nsf/Download-AgendaDetailed?open&id=DG2J5C4B7D34,cached,10862
Citrus County School District,2025-07-08,https://go.boarddocs.com/fl/citrus/Board.nsf/Download-AgendaDetailed?open&id=DGVLCB55AE07,cached,51935
Citrus County School District,2025-07-29,https://go.boarddocs.com/fl/citrus/Board.nsf/Download-AgendaDetailed?open&id=DHCKS5533796,cached,16770
Citrus County School District,2025-08-12,https://go.boarddocs.com/fl/citrus/Board.nsf/Download-AgendaDetailed?open&id=DGVLFA55B30A,cached,68391
Citrus County School District,2025-08-14,https://go.boarddocs.com/fl/citrus/Board.nsf/Download-AgendaDetailed?open&id=DG6NV561AB73,cached,782
Citrus County School District,2025-08-15,https://go.boarddocs.com/fl/citrus/Board.nsf/Download-AgendaDetailed?open&id=DG6P2U627F11,cached,791
Collier County Public Schools,2025-03-19,https://go.boarddocs.com/fl/collier/Board.nsf/Download-AgendaDetailed?open&id=DCSMY95D01E8,fetched,6821
Collier County Public Schools,2025-04-09,https://go.boarddocs.com/fl/collier/Board.nsf/Download-AgendaDetailed?open&id=DDKKBU512046,fetched,177750
Collier County Public Schools,2025-04-16,https://go.boarddocs.com/fl/collier/Board.nsf/Download-AgendaDetailed?open&id=DDKKGZ513806,fetched,27998
Collier County Public Schools,2025-05-14,https://go.boarddocs.com/fl/collier/Board.nsf/Download-AgendaDetailed?open&id=DENLNE573859,fetched,359535
Collier County Public Schools,2025-05-14,https://go.boarddocs.com/fl/collier/Board.nsf/Download-AgendaDetailed?open&id=DFXNRX61407D,fetched,9190
Collier County Public Schools,2025-05-21,https://go.boarddocs.com/fl/collier/Board.nsf/Download-AgendaDetailed?open&id=DENLS8575748,fetched,5848
Collier County Public Schools,2025-06-10,https://go.boarddocs.com/fl/collier/Board.nsf/Download-AgendaDetailed?open&id=DFBHMA49223C,fetched,266684
Collier County Public Schools,2025-07-31,https://go.boarddocs.com/fl/collier/Board.nsf/Download-AgendaDetailed?open&id=DGVM9Y5A22FD,fetched,204014
Collier County Public Schools,2025-07-31,https://go.boarddocs.com/fl/collier/Board.nsf/Download-AgendaDetailed?open&id=DGVMDG5A4A89,fetched,11893
Collier County Public Schools,2025-08-13,https://go.boarddocs.com/fl/collier/Board.nsf/Download-AgendaDetailed?open&id=DHXPFE6465CE,fetched,80921
Collier County Public Schools,2025-09-09,https://go.boarddocs.com/fl/collier/Board.nsf/Download-AgendaDetailed?open&id=DJLGWK45CEF7,fetched,130477
Collier County Public Schools,2025-09-09,https://go.boarddocs.com/fl/collier/Board.nsf/Download-AgendaDetailed?open&id=DJLH25460A1C,fetched,12026
Collier County Public Schools,2025-09-17,https://go.boarddocs.com/fl/collier/Board.nsf/Download-AgendaDetailed?open&id=DJLH2S46228B,fetched,23919
Collier County Public Schools,2025-10-08,https://go.boarddocs.com/fl/collier/Board.nsf/Download-AgendaDetailed?open&id=DKYRA26CFD28,fetched,171265
Collier County Public Schools,2025-10-15,https://go.boarddocs.com/fl/collier/Board.nsf/Download-AgendaDetailed?open&id=DKYRD96D14C6,fetched,5705
Collier County Public Schools,2025-11-12,https://go.boarddocs.com/fl/collier/Board.nsf/Download-AgendaDetailed?open&id=DLLQ7765868E,fetched,124438
Collier County Public Schools,2025-11-19,https://go.boarddocs.com/fl/collier/Board.nsf/Download-AgendaDetailed?open&id=DBMKRE53142B,fetched,2434
Collier County Public Schools,2025-11-19,https://go.boarddocs.com/fl/collier/Board.nsf/Download-AgendaDetailed?open&id=DBML32546532,fetched,9545
Collier County Public Schools,2025-12-10,https://go.boarddocs.com/fl/collier/Board.nsf/Download-AgendaDetailed?open&id=DMPN625E5600,fetched,133209
Collier County Public Schools,2026-01-14,https://go.boarddocs.com/fl/collier/Board.nsf/Download-AgendaDetailed?open&id=DNMH5Z4644B2,fetched,7975
Collier County Public Schools,2026-01-20,https://go.boarddocs.com/fl/collier/Board.nsf/Download-AgendaDetailed?open&id=DNMGXK45F46B,fetched,82872
Collier County Public Schools,2026-02-04,https://go.boarddocs.com/fl/collier/Board.nsf/Download-AgendaDetailed?open&id=DP9JNP4E07C2,fetched,151256
Collier County Public Schools,2026-03-04,https://go.boarddocs.com/fl/collier/Board.nsf/Download-AgendaDetailed?open&id=DQ5R9T6CF418,fetched,176111
Collier County Public Schools,2026-03-18,https://go.boarddocs.com/fl/collier/Board.nsf/Download-AgendaDetailed?open&id=DQ5RBL6D13B6,fetched,6600
Collier County Public Schools,2026-04-14,https://go.boarddocs.com/fl/collier/Board.nsf/Download-AgendaDetailed?open&id=DR8LVY579E1E,fetched,159469
Collier County Public Schools,2026-04-15,https://go.boarddocs.com/fl/collier/Board.nsf/Download-AgendaDetailed?open&id=DR8MEJ5A2C2D,fetched,21904
Collier County Public Schools,2026-05-01,https://go.boarddocs.com/fl/collier/Board.nsf/Download-AgendaDetailed?open&id=DT5L7Z54ECC1,fetched,4824
Collier County Public Schools,2026-05-06,https://go.boarddocs.com/fl/collier/Board.nsf/Download-AgendaDetailed?open&id=DTMH9Z477B5E,fetched,8452
Collier County Public Schools,2026-05-13,https://go.boarddocs.com/fl/collier/Board.nsf/Download-AgendaDetailed?open&id=DS8JGF4CF606,fetched,359083
Collier County Public Schools,2026-05-20,https://go.boarddocs.com/fl/collier/Board.nsf/Download-AgendaDetailed?open&id=DTMQJ6697AF3,fetched,5701
Collier County Public Schools,2026-06-03,https://go.boarddocs.com/fl/collier/Board.nsf/Download-AgendaDetailed?open&id=DT6S9L719CA8,fetched,310270
Collier County Public Schools,2026-07-30,https://go.boarddocs.com/fl/collier/Board.nsf/Download-AgendaDetailed?open&id=DU8LDX561F6F,fetched,371881
Collier County Public Schools,2026-07-30,https://go.boarddocs.com/fl/collier/Board.nsf/Download-AgendaDetailed?open&id=DU8LFM565DD9,fetched,10000
Collier County Public Schools,2026-08-19,https://go.boarddocs.com/fl/collier/Board.nsf/Download-AgendaDetailed?open&id=DVLLLL571869,fetched,56910
DeSoto County School District,2025-03-11,https://go.boarddocs.com/fl/desoto/Board.nsf/Download-AgendaDetailed?open&id=DD5TYU79B37F,cached,4255
DeSoto County School District,2025-03-25,https://go.boarddocs.com/fl/desoto/Board.nsf/Download-AgendaDetailed?open&id=DD5U3C79B62E,cached,20224
DeSoto County School District,2025-04-08,https://go.boarddocs.com/fl/desoto/Board.nsf/Download-AgendaDetailed?open&id=DE55SE10F2BA,cached,14668
DeSoto County School District,2025-04-22,https://go.boarddocs.com/fl/desoto/Board.nsf/Download-AgendaDetailed?open&id=DE55MH10EAD3,cached,12204
DeSoto County School District,2025-04-22,https://go.boarddocs.com/fl/desoto/Board.nsf/Download-AgendaDetailed?open&id=DFRS2P70994F,cached,1575
DeSoto County School District,2025-05-07,https://go.boarddocs.com/fl/desoto/Board.nsf/Download-AgendaDetailed?open&id=DG7NHR5FA00A,cached,1070
DeSoto County School District,2025-05-13,https://go.boarddocs.com/fl/desoto/Board.nsf/Download-AgendaDetailed?open&id=DE55PZ10ECEA,cached,23674
DeSoto County School District,2025-05-13,https://go.boarddocs.com/fl/desoto/Board.nsf/Download-AgendaDetailed?open&id=DGEQKB699A57,cached,1346
DeSoto County School District,2025-05-27,https://go.boarddocs.com/fl/desoto/Board.nsf/Download-AgendaDetailed?open&id=DGHK6U5064B5,cached,34700
DeSoto County School District,2025-06-10,https://go.boarddocs.com/fl/desoto/Board.nsf/Download-AgendaDetailed?open&id=DFRQ8R681CDD,cached,28528
DeSoto County School District,2025-06-24,https://go.boarddocs.com/fl/desoto/Board.nsf/Download-AgendaDetailed?open&id=DFRQB6681E9E,cached,17900
DeSoto County School District,2025-07-08,https://go.boarddocs.com/fl/desoto/Board.nsf/Download-AgendaDetailed?open&id=DFRQDK6820D5,cached,17942
DeSoto County School District,2025-07-22,https://go.boarddocs.com/fl/desoto/Board.nsf/Download-AgendaDetailed?open&id=DFRQFY682256,cached,24823
DeSoto County School District,2025-07-22,https://go.boarddocs.com/fl/desoto/Board.nsf/Download-AgendaDetailed?open&id=DJLTHQ777CC3,cached,3325
DeSoto County School District,2025-07-22,https://go.boarddocs.com/fl/desoto/Board.nsf/Download-AgendaDetailed?open&id=DJLU9C7AF27D,cached,1851
DeSoto County School District,2025-07-29,https://go.boarddocs.com/fl/desoto/Board.nsf/Download-AgendaDetailed?open&id=DJLTJD778A9A,cached,5602
DeSoto County School District,2025-08-12,https://go.boarddocs.com/fl/desoto/Board.nsf/Download-AgendaDetailed?open&id=DJ7P7R63462D,cached,23566
DeSoto County School District,2025-08-26,https://go.boarddocs.com/fl/desoto/Board.nsf/Download-AgendaDetailed?open&id=DAJQV96B1DC6,cached,4045
DeSoto County School District,2025-08-26,https://go.boarddocs.com/fl/desoto/Board.nsf/Download-AgendaDetailed?open&id=DJLJ2X4B2308,cached,20673
DeSoto County School District,2025-09-09,https://go.boarddocs.com/fl/desoto/Board.nsf/Download-AgendaDetailed?open&id=DJLJ5C4B256C,cached,19197
DeSoto County School District,2025-09-09,https://go.boarddocs.com/fl/desoto/Board.nsf/Download-AgendaDetailed?open&id=DKNN7Y5E9F6A,cached,2242
DeSoto County School District,2025-09-09,https://go.boarddocs.com/fl/desoto/Board.nsf/Download-AgendaDetailed?open&id=DKNN8L5EAB24,cached,6171
DeSoto County School District,2025-09-23,https://go.boarddocs.com/fl/desoto/Board.nsf/Download-AgendaDetailed?open&id=DJLJ7T4B35F5,cached,19422
DeSoto County School District,2025-10-14,https://go.boarddocs.com/fl/desoto/Board.nsf/Download-AgendaDetailed?open&id=DJLJAF4B4B87,cached,25024
DeSoto County School District,2025-10-28,https://go.boarddocs.com/fl/desoto/Board.nsf/Download-AgendaDetailed?open&id=DJLJCU4B4D3A,cached,13470
DeSoto County School District,2025-10-28,https://go.boarddocs.com/fl/desoto/Board.nsf/Download-AgendaDetailed?open&id=DMNRPR6EFF69,cached,1635
DeSoto County School District,2025-11-11,https://go.boarddocs.com/fl/desoto/Board.nsf/Download-AgendaDetailed?open&id=DLKH2Y467425,cached,16343
DeSoto County School District,2025-11-11,https://go.boarddocs.com/fl/desoto/Board.nsf/Download-AgendaDetailed?open&id=DN4RF56DBAA1,cached,7006
DeSoto County School District,2025-11-25,https://go.boarddocs.com/fl/desoto/Board.nsf/Download-AgendaDetailed?open&id=DLKH9Z467DE2,cached,4398
DeSoto County School District,2025-12-09,https://go.boarddocs.com/fl/desoto/Board.nsf/Download-AgendaDetailed?open&id=DLKH7N467C8C,cached,18437
DeSoto County School District,2025-12-23,https://go.boarddocs.com/fl/desoto/Board.nsf/Download-AgendaDetailed?open&id=DLKH5B4677F7,cached,4347
DeSoto County School District,2026-01-13,https://go.boarddocs.com/fl/desoto/Board.nsf/Download-AgendaDetailed?open&id=DNMP3Z61B967,cached,14003
DeSoto County School District,2026-01-27,https://go.boarddocs.com/fl/desoto/Board.nsf/Download-AgendaDetailed?open&id=DNMNZN61B7FD,cached,14340
DeSoto County School District,2026-01-27,https://go.boarddocs.com/fl/desoto/Board.nsf/Download-AgendaDetailed?open&id=DQ72HP024B5F,cached,1567
DeSoto County School District,2026-02-10,https://go.boarddocs.com/fl/desoto/Board.nsf/Download-AgendaDetailed?open&id=DNMNXB61B527,fetched,9575
DeSoto County School District,2026-02-24,https://go.boarddocs.com/fl/desoto/Board.nsf/Download-AgendaDetailed?open&id=DNMNUY61B2F8,fetched,12137
DeSoto County School District,2026-03-10,https://go.boarddocs.com/fl/desoto/Board.nsf/Download-AgendaDetailed?open&id=DQJ34C0507AE,fetched,4259
DeSoto County School District,2026-03-24,https://go.boarddocs.com/fl/desoto/Board.nsf/Download-AgendaDetailed?open&id=DQJ36P05094E,fetched,16468
DeSoto County School District,2026-04-14,https://go.boarddocs.com/fl/desoto/Board.nsf/Download-AgendaDetailed?open&id=DRE234002879,fetched,22681
DeSoto County School District,2026-04-28,https://go.boarddocs.com/fl/desoto/Board.nsf/Download-AgendaDetailed?open&id=DRE25F002BBA,fetched,16384
DeSoto County School District,2026-04-28,https://go.boarddocs.com/fl/desoto/Board.nsf/Download-AgendaDetailed?open&id=DT7QH46954ED,fetched,4011
DeSoto County School District,2026-05-12,https://go.boarddocs.com/fl/desoto/Board.nsf/Download-AgendaDetailed?open&id=DRE27S002F54,fetched,16446
DeSoto County School District,2026-05-12,https://go.boarddocs.com/fl/desoto/Board.nsf/Download-AgendaDetailed?open&id=DTSKCC5131F7,fetched,3634
DeSoto County School District,2026-05-26,https://go.boarddocs.com/fl/desoto/Board.nsf/Download-AgendaDetailed?open&id=DRE2A50030FB,fetched,17201
DeSoto County School District,2026-06-09,https://go.boarddocs.com/fl/desoto/Board.nsf/Download-AgendaDetailed?open&id=DTKT35755989,fetched,32504
DeSoto County School District,2026-06-23,https://go.boarddocs.com/fl/desoto/Board.nsf/Download-AgendaDetailed?open&id=DTKT5G755C28,fetched,22991
DeSoto County School District,2026-07-14,https://go.boarddocs.com/fl/desoto/Board.nsf/Download-AgendaDetailed?open&id=DU3LLL57183C,fetched,22262
DeSoto County School District,2026-07-21,https://go.boarddocs.com/fl/desoto/Board.nsf/Download-AgendaDetailed?open&id=DU3RVJ6FD830,fetched,3804
DeSoto County School District,2026-07-28,https://go.boarddocs.com/fl/desoto/Board.nsf/Download-AgendaDetailed?open&id=DU3LRC57CB3C,fetched,19234
DeSoto County School District,2026-07-28,https://go.boarddocs.com/fl/desoto/Board.nsf/Download-AgendaDetailed?open&id=DU3RWY700C35,fetched,5812
DeSoto County School District,2026-08-11,https://go.boarddocs.com/fl/desoto/Board.nsf/Download-AgendaDetailed?open&id=DU3LTR57D47C,fetched,16139
DeSoto County School District,2026-08-25,https://go.boarddocs.com/fl/desoto/Board.nsf/Download-AgendaDetailed?open&id=DW2LKT56FB6F,fetched,19612
DeSoto County School District,2026-08-25,https://go.boarddocs.com/fl/desoto/Board.nsf/Download-AgendaDetailed?open&id=DW2R4X6C3D34,fetched,1095
Escambia County Public Schools,2025-03-13,https://go.boarddocs.com/fl/escambia/Board.nsf/Download-AgendaDetailed?open&id=DBVQSP6AB31D,cached,9343
Escambia County Public Schools,2025-03-18,https://go.boarddocs.com/fl/escambia/Board.nsf/Download-AgendaDetailed?open&id=DCRLZJ57880C,cached,152098
Escambia County Public Schools,2025-04-10,https://go.boarddocs.com/fl/escambia/Board.nsf/Download-AgendaDetailed?open&id=DBVQS56AA56A,cached,8754
Escambia County Public Schools,2025-04-15,https://go.boarddocs.com/fl/escambia/Board.nsf/Download-AgendaDetailed?open&id=DDURCR6D24E7,cached,135177
Escambia County Public Schools,2025-05-15,https://go.boarddocs.com/fl/escambia/Board.nsf/Download-AgendaDetailed?open&id=DEHSL6731578,cached,8902
Escambia County Public Schools,2025-05-20,https://go.boarddocs.com/fl/escambia/Board.nsf/Download-AgendaDetailed?open&id=DEHSLX732791,cached,190675
Escambia County Public Schools,2025-06-16,https://go.boarddocs.com/fl/escambia/Board.nsf/Download-AgendaDetailed?open&id=DFDK554FFE65,cached,9000
Escambia County Public Schools,2025-06-17,https://go.boarddocs.com/fl/escambia/Board.nsf/Download-AgendaDetailed?open&id=DFDK5L5001A7,cached,217767
Escambia County Public Schools,2025-06-30,https://go.boarddocs.com/fl/escambia/Board.nsf/Download-AgendaDetailed?open&id=DHPKBM50EC6A,cached,2265
Escambia County Public Schools,2025-06-30,https://go.boarddocs.com/fl/escambia/Board.nsf/Download-AgendaDetailed?open&id=DHPKCR513579,cached,704
Escambia County Public Schools,2025-06-30,https://go.boarddocs.com/fl/escambia/Board.nsf/Download-AgendaDetailed?open&id=DHTR9M6CED38,cached,17583
Escambia County Public Schools,2025-07-10,https://go.boarddocs.com/fl/escambia/Board.nsf/Download-AgendaDetailed?open&id=DHKS2F6EDFC9,cached,8103
Escambia County Public Schools,2025-07-15,https://go.boarddocs.com/fl/escambia/Board.nsf/Download-AgendaDetailed?open&id=DHKS346EED5A,cached,154702
Escambia County Public Schools,2025-07-24,https://go.boarddocs.com/fl/escambia/Board.nsf/Download-AgendaDetailed?open&id=DHKRY36EA6F4,cached,16223
Escambia County Public Schools,2025-07-31,https://go.boarddocs.com/fl/escambia/Board.nsf/Download-AgendaDetailed?open&id=DHKRYS6EBA11,cached,24289
Escambia County Public Schools,2025-08-14,https://go.boarddocs.com/fl/escambia/Board.nsf/Download-AgendaDetailed?open&id=DJFPVG6618D7,cached,8848
Escambia County Public Schools,2025-08-19,https://go.boarddocs.com/fl/escambia/Board.nsf/Download-AgendaDetailed?open&id=DJFPSF660423,cached,112375
Escambia County Public Schools,2025-09-11,https://go.boarddocs.com/fl/escambia/Board.nsf/Download-AgendaDetailed?open&id=DKCP99637ECB,cached,8694
Escambia County Public Schools,2025-09-11,https://go.boarddocs.com/fl/escambia/Board.nsf/Download-AgendaDetailed?open&id=DKKNX7620613,cached,11400
Escambia County Public Schools,2025-09-16,https://go.boarddocs.com/fl/escambia/Board.nsf/Download-AgendaDetailed?open&id=DKCPB263C044,cached,102235
Escambia County Public Schools,2025-09-16,https://go.boarddocs.com/fl/escambia/Board.nsf/Download-AgendaDetailed?open&id=DKKNY6622A0B,cached,24920
Escambia County Public Schools,2025-09-16,https://go.boarddocs.com/fl/escambia/Board.nsf/Download-AgendaDetailed?open&id=DLEPUE66393D,cached,1524
Escambia County Public Schools,2025-10-03,https://go.boarddocs.com/fl/escambia/Board.nsf/Download-AgendaDetailed?open&id=DLEKSG533511,cached,18520
Escambia County Public Schools,2025-10-16,https://go.boarddocs.com/fl/escambia/Board.nsf/Download-AgendaDetailed?open&id=DLCPDC63B641,cached,8882
Escambia County Public Schools,2025-10-21,https://go.boarddocs.com/fl/escambia/Board.nsf/Download-AgendaDetailed?open&id=DLCPAD63A9AC,cached,126957
Escambia County Public Schools,2025-11-13,https://go.boarddocs.com/fl/escambia/Board.nsf/Download-AgendaDetailed?open&id=DLCPF9645681,cached,8406
Escambia County Public Schools,2025-11-18,https://go.boarddocs.com/fl/escambia/Board.nsf/Download-AgendaDetailed?open&id=DLCPFW64627E,cached,111032
Escambia County Public Schools,2025-11-18,https://go.boarddocs.com/fl/escambia/Board.nsf/Download-AgendaDetailed?open&id=DMPRGQ6DC9DF,cached,3121
Escambia County Public Schools,2025-11-18,https://go.boarddocs.com/fl/escambia/Board.nsf/Download-AgendaDetailed?open&id=DN5NLA606D2F,cached,3347
Escambia County Public Schools,2025-12-11,https://go.boarddocs.com/fl/escambia/Board.nsf/Download-AgendaDetailed?open&id=DLCPJ3646EC9,fetched,8983
Escambia County Public Schools,2025-12-16,https://go.boarddocs.com/fl/escambia/Board.nsf/Download-AgendaDetailed?open&id=DLCPJM647BF9,fetched,135642
Escambia County Public Schools,2025-12-16,https://go.boarddocs.com/fl/escambia/Board.nsf/Download-AgendaDetailed?open&id=DNY38J05A4D3,fetched,1600
Escambia County Public Schools,2026-01-15,https://go.boarddocs.com/fl/escambia/Board.nsf/Download-AgendaDetailed?open&id=DPETZJ79AAF4,fetched,8535
Escambia County Public Schools,2026-01-20,https://go.boarddocs.com/fl/escambia/Board.nsf/Download-AgendaDetailed?open&id=DPETZN79D2BC,fetched,85005
Escambia County Public Schools,2026-01-30,https://go.boarddocs.com/fl/escambia/Board.nsf/Download-AgendaDetailed?open&id=DPEUBV7B5126,fetched,20574
Escambia County Public Schools,2026-02-12,https://go.boarddocs.com/fl/escambia/Board.nsf/Download-AgendaDetailed?open&id=DQCPJA6475E8,fetched,8283
Escambia County Public Schools,2026-02-17,https://go.boarddocs.com/fl/escambia/Board.nsf/Download-AgendaDetailed?open&id=DQCPFD64646B,fetched,115867
Escambia County Public Schools,2026-03-12,https://go.boarddocs.com/fl/escambia/Board.nsf/Download-AgendaDetailed?open&id=DQWM4D596887,fetched,8916
Escambia County Public Schools,2026-03-24,https://go.boarddocs.com/fl/escambia/Board.nsf/Download-AgendaDetailed?open&id=DQWM5A59815F,fetched,175683
Escambia County Public Schools,2026-04-16,https://go.boarddocs.com/fl/escambia/Board.nsf/Download-AgendaDetailed?open&id=DRWQ3B67510A,fetched,8435
Escambia County Public Schools,2026-04-16,https://go.boarddocs.com/fl/escambia/Board.nsf/Download-AgendaDetailed?open&id=DSXKDW516E19,fetched,2627
Escambia County Public Schools,2026-04-21,https://go.boarddocs.com/fl/escambia/Board.nsf/Download-AgendaDetailed?open&id=DRWQ5B679AFF,fetched,174388
Escambia County Public Schools,2026-05-14,https://go.boarddocs.com/fl/escambia/Board.nsf/Download-AgendaDetailed?open&id=DSWJXT4F5D64,fetched,8291
Escambia County Public Schools,2026-05-19,https://go.boarddocs.com/fl/escambia/Board.nsf/Download-AgendaDetailed?open&id=DSWJYY4F84BF,fetched,146195
Escambia County Public Schools,2026-06-15,https://go.boarddocs.com/fl/escambia/Board.nsf/Download-AgendaDetailed?open&id=DSWJYJ4F7802,fetched,8544
Escambia County Public Schools,2026-06-16,https://go.boarddocs.com/fl/escambia/Board.nsf/Download-AgendaDetailed?open&id=DSWK4G4FC5D4,fetched,162635
Escambia County Public Schools,2026-07-16,https://go.boarddocs.com/fl/escambia/Board.nsf/Download-AgendaDetailed?open&id=DTUN825DD6BA,fetched,9378
Escambia County Public Schools,2026-07-21,https://go.boarddocs.com/fl/escambia/Board.nsf/Download-AgendaDetailed?open&id=DTUN8Q5DE88B,fetched,150618
Escambia County Public Schools,2026-07-23,https://go.boarddocs.com/fl/escambia/Board.nsf/Download-AgendaDetailed?open&id=DTUNDF5E608D,fetched,9175
Escambia County Public Schools,2026-08-03,https://go.boarddocs.com/fl/escambia/Board.nsf/Download-AgendaDetailed?open&id=DV5F953DFB07,fetched,22701
Escambia County Public Schools,2026-08-13,https://go.boarddocs.com/fl/escambia/Board.nsf/Download-AgendaDetailed?open&id=DUPL5R54EC62,fetched,8348
Escambia County Public Schools,2026-08-18,https://go.boarddocs.com/fl/escambia/Board.nsf/Download-AgendaDetailed?open&id=DUPL5N54E8AC,fetched,93978
Flagler Schools,2025-03-11,https://go.boarddocs.com/fla/flcsd/Board.nsf/Download-AgendaDetailed?open&id=DAHKWB538E44,cached,43829
Flagler Schools,2025-03-11,https://go.boarddocs.com/fla/flcsd/Board.nsf/Download-AgendaDetailed?open&id=DEQJ4H4B5D19,cached,7787
Flagler Schools,2025-03-25,https://go.boarddocs.com/fla/flcsd/Board.nsf/Download-AgendaDetailed?open&id=DAHKRH52D9CC,cached,11587
Flagler Schools,2025-03-25,https://go.boarddocs.com/fla/flcsd/Board.nsf/Download-AgendaDetailed?open&id=DEML3Y54A891,cached,45916
Flagler Schools,2025-04-08,https://go.boarddocs.com/fla/flcsd/Board.nsf/Download-AgendaDetailed?open&id=DAHKYA5391F1,cached,51772
Flagler Schools,2025-04-22,https://go.boarddocs.com/fla/flcsd/Board.nsf/Download-AgendaDetailed?open&id=DAHKSF52E327,cached,22318
Flagler Schools,2025-04-22,https://go.boarddocs.com/fla/flcsd/Board.nsf/Download-AgendaDetailed?open&id=DFKH8W4752F2,cached,51597
Flagler Schools,2025-05-13,https://go.boarddocs.com/fla/flcsd/Board.nsf/Download-AgendaDetailed?open&id=DAHL295393AE,cached,53697
Flagler Schools,2025-05-27,https://go.boarddocs.com/fla/flcsd/Board.nsf/Download-AgendaDetailed?open&id=DGTKXQ5409D6,cached,57330
Flagler Schools,2025-06-10,https://go.boarddocs.com/fla/flcsd/Board.nsf/Download-AgendaDetailed?open&id=DAHL6Q53C8F2,cached,54186
Flagler Schools,2025-06-10,https://go.boarddocs.com/fla/flcsd/Board.nsf/Download-AgendaDetailed?open&id=DG6PPD65910E,cached,8418
Flagler Schools,2025-06-12,https://go.boarddocs.com/fla/flcsd/Board.nsf/Download-AgendaDetailed?open&id=DHCKZH544D01,cached,8651
Flagler Schools,2025-06-24,https://go.boarddocs.com/fla/flcsd/Board.nsf/Download-AgendaDetailed?open&id=DAHKRB53025E,cached,20946
Flagler Schools,2025-06-24,https://go.boarddocs.com/fla/flcsd/Board.nsf/Download-AgendaDetailed?open&id=DHHRP56EE7CE,cached,54360
Flagler Schools,2025-07-08,https://go.boarddocs.com/fla/flcsd/Board.nsf/Download-AgendaDetailed?open&id=DAHL8R53CA85,cached,45013
Flagler Schools,2025-07-08,https://go.boarddocs.com/fla/flcsd/Board.nsf/Download-AgendaDetailed?open&id=DHWSJT72F65B,cached,8405
Flagler Schools,2025-07-22,https://go.boarddocs.com/fla/flcsd/Board.nsf/Download-AgendaDetailed?open&id=DAHKS85303B7,cached,18188
Flagler Schools,2025-07-22,https://go.boarddocs.com/fla/flcsd/Board.nsf/Download-AgendaDetailed?open&id=DJDPJ664CD84,cached,52769
Flagler Schools,2025-07-22,https://go.boarddocs.com/fla/flcsd/Board.nsf/Download-AgendaDetailed?open&id=DJLM6Y59C8F5,cached,7126
Flagler Schools,2025-07-29,https://go.boarddocs.com/fla/flcsd/Board.nsf/Download-AgendaDetailed?open&id=DJTQHW69727C,cached,16617
Flagler Schools,2025-08-12,https://go.boarddocs.com/fla/flcsd/Board.nsf/Download-AgendaDetailed?open&id=DAHLAQ53CC37,cached,41203
Flagler Schools,2025-08-26,https://go.boarddocs.com/fla/flcsd/Board.nsf/Download-AgendaDetailed?open&id=DAHKT55305B2,cached,16110
Flagler Schools,2025-08-26,https://go.boarddocs.com/fla/flcsd/Board.nsf/Download-AgendaDetailed?open&id=DKGKQ752EF90,cached,39984
Flagler Schools,2025-09-09,https://go.boarddocs.com/fla/flcsd/Board.nsf/Download-AgendaDetailed?open&id=DAHLCP53CE2B,cached,34508
Flagler Schools,2025-09-09,https://go.boarddocs.com/fla/flcsd/Board.nsf/Download-AgendaDetailed?open&id=DJUQWM6B50AB,cached,17175
Flagler Schools,2025-09-23,https://go.boarddocs.com/fla/flcsd/Board.nsf/Download-AgendaDetailed?open&id=DAHKU25306EB,cached,16179
Flagler Schools,2025-09-23,https://go.boarddocs.com/fla/flcsd/Board.nsf/Download-AgendaDetailed?open&id=DJUQVL6B053A,cached,5693
Flagler Schools,2025-09-23,https://go.boarddocs.com/fla/flcsd/Board.nsf/Download-AgendaDetailed?open&id=DLCQ6767BC9C,cached,43564
Flagler Schools,2025-10-14,https://go.boarddocs.com/fla/flcsd/Board.nsf/Download-AgendaDetailed?open&id=DAHLEN53D0DC,cached,59026
Flagler Schools,2025-10-28,https://go.boarddocs.com/fla/flcsd/Board.nsf/Download-AgendaDetailed?open&id=DAHKUX53082E,cached,18409
Flagler Schools,2025-10-28,https://go.boarddocs.com/fla/flcsd/Board.nsf/Download-AgendaDetailed?open&id=DMGLQW57BA3B,cached,71044
Flagler Schools,2025-11-04,https://go.boarddocs.com/fla/flcsd/Board.nsf/Download-AgendaDetailed?open&id=DAHL4R53C691,cached,43218
Flagler Schools,2025-11-18,https://go.boarddocs.com/fla/flcsd/Board.nsf/Download-AgendaDetailed?open&id=DAHKUG530981,cached,13822
Flagler Schools,2025-11-18,https://go.boarddocs.com/fla/flcsd/Board.nsf/Download-AgendaDetailed?open&id=DN3S3N70BDD7,cached,48900
Flagler Schools,2025-12-09,https://go.boarddocs.com/fla/flcsd/Board.nsf/Download-AgendaDetailed?open&id=DMXQLL69D8E5,cached,36434
Flagler Schools,2025-12-16,https://go.boarddocs.com/fla/flcsd/Board.nsf/Download-AgendaDetailed?open&id=DP7SP3738D61,cached,41173
Flagler Schools,2025-12-16,https://go.boarddocs.com/fla/flcsd/Board.nsf/Download-AgendaDetailed?open&id=DP7SX974C81A,cached,12335
Flagler Schools,2026-01-13,https://go.boarddocs.com/fla/flcsd/Board.nsf/Download-AgendaDetailed?open&id=DP8NFT5FC013,cached,49211
Flagler Schools,2026-01-22,https://go.boarddocs.com/fla/flcsd/Board.nsf/Download-AgendaDetailed?open&id=DQDRCC6D53B4,fetched,7459
Flagler Schools,2026-01-27,https://go.boarddocs.com/fla/flcsd/Board.nsf/Download-AgendaDetailed?open&id=DP8NJ95FC399,fetched,21065
Flagler Schools,2026-01-27,https://go.boarddocs.com/fla/flcsd/Board.nsf/Download-AgendaDetailed?open&id=DQBS9J7199A0,fetched,60380
Flagler Schools,2026-02-10,https://go.boarddocs.com/fla/flcsd/Board.nsf/Download-AgendaDetailed?open&id=DP8PSV6613AE,fetched,46558
Flagler Schools,2026-02-24,https://go.boarddocs.com/fla/flcsd/Board.nsf/Download-AgendaDetailed?open&id=DP8PUV662430,fetched,16707
Flagler Schools,2026-02-24,https://go.boarddocs.com/fla/flcsd/Board.nsf/Download-AgendaDetailed?open&id=DR7RGA6DE66F,fetched,47950
Flagler Schools,2026-03-10,https://go.boarddocs.com/fla/flcsd/Board.nsf/Download-AgendaDetailed?open&id=DP8PVX6635DC,fetched,47218
Flagler Schools,2026-03-24,https://go.boarddocs.com/fla/flcsd/Board.nsf/Download-AgendaDetailed?open&id=DP8PY2664169,fetched,15745
Flagler Schools,2026-03-24,https://go.boarddocs.com/fla/flcsd/Board.nsf/Download-AgendaDetailed?open&id=DS3N6E5E62D8,fetched,50397
Flagler Schools,2026-04-14,https://go.boarddocs.com/fla/flcsd/Board.nsf/Download-AgendaDetailed?open&id=DP8PZB665952,fetched,49411
Flagler Schools,2026-04-23,https://go.boarddocs.com/fla/flcsd/Board.nsf/Download-AgendaDetailed?open&id=DTDSAW71CDF7,fetched,9407
Flagler Schools,2026-04-28,https://go.boarddocs.com/fla/flcsd/Board.nsf/Download-AgendaDetailed?open&id=DP8Q386663C2,fetched,12393
Flagler Schools,2026-04-28,https://go.boarddocs.com/fla/flcsd/Board.nsf/Download-AgendaDetailed?open&id=DT6NPY60F6D7,fetched,54921
Flagler Schools,2026-05-12,https://go.boarddocs.com/fla/flcsd/Board.nsf/Download-AgendaDetailed?open&id=DP8Q46666FC8,fetched,61450
Flagler Schools,2026-05-19,https://go.boarddocs.com/fla/flcsd/Board.nsf/Download-AgendaDetailed?open&id=DP8Q6D667EE5,fetched,13063
Flagler Schools,2026-05-19,https://go.boarddocs.com/fla/flcsd/Board.nsf/Download-AgendaDetailed?open&id=DU2K8B507310,fetched,61101
Flagler Schools,2026-06-09,https://go.boarddocs.com/fla/flcsd/Board.nsf/Download-AgendaDetailed?open&id=DP8Q7R66BF60,fetched,46482
Flagler Schools,2026-06-11,https://go.boarddocs.com/fla/flcsd/Board.nsf/Download-AgendaDetailed?open&id=DU3NSG615488,fetched,8264
Flagler Schools,2026-06-23,https://go.boarddocs.com/fla/flcsd/Board.nsf/Download-AgendaDetailed?open&id=DP8Q9M66C194,fetched,23959
Flagler Schools,2026-06-23,https://go.boarddocs.com/fla/flcsd/Board.nsf/Download-AgendaDetailed?open&id=DUVNCX5E81E8,fetched,61431
Flagler Schools,2026-07-14,https://go.boarddocs.com/fla/flcsd/Board.nsf/Download-AgendaDetailed?open&id=DP8QC266F257,fetched,45092
Flagler Schools,2026-07-21,https://go.boarddocs.com/fla/flcsd/Board.nsf/Download-AgendaDetailed?open&id=DVRHJ948B0B7,fetched,7324
Flagler Schools,2026-07-28,https://go.boarddocs.com/fla/flcsd/Board.nsf/Download-AgendaDetailed?open&id=DP8QB566F12B,fetched,17688
Flagler Schools,2026-07-28,https://go.boarddocs.com/fla/flcsd/Board.nsf/Download-AgendaDetailed?open&id=DVRHK548D162,fetched,15850
Flagler Schools,2026-07-28,https://go.boarddocs.com/fla/flcsd/Board.nsf/Download-AgendaDetailed?open&id=DVYPSY661795,fetched,58393
Flagler Schools,2026-08-25,https://go.boarddocs.com/fla/flcsd/Board.nsf/Download-AgendaDetailed?open&id=DP8RSL6F69F7,fetched,35078
Flagler Schools,2026-08-25,https://go.boarddocs.com/fla/flcsd/Board.nsf/Download-AgendaDetailed?open&id=DWGT7A75F54B,fetched,49896
Franklin County School District,2025-03-10,https://go.boarddocs.com/fl/franklin/Board.nsf/Download-AgendaDetailed?open&id=DEFKKP524704,cached,4310
Franklin County School District,2025-03-27,https://go.boarddocs.com/fl/franklin/Board.nsf/Download-AgendaDetailed?open&id=DENKQT53064D,cached,13849
Franklin County School District,2025-04-09,https://go.boarddocs.com/fl/franklin/Board.nsf/Download-AgendaDetailed?open&id=DFDPEE644041,cached,1510
Franklin County School District,2025-04-21,https://go.boarddocs.com/fl/franklin/Board.nsf/Download-AgendaDetailed?open&id=DFQHGA48283A,cached,4552
Franklin County School District,2025-04-21,https://go.boarddocs.com/fl/franklin/Board.nsf/Download-AgendaDetailed?open&id=DFQHHL484ADD,cached,17002
Franklin County School District,2025-05-19,https://go.boarddocs.com/fl/franklin/Board.nsf/Download-AgendaDetailed?open&id=DGLLNC575A85,cached,11249
Franklin County School District,2025-05-19,https://go.boarddocs.com/fl/franklin/Board.nsf/Download-AgendaDetailed?open&id=DGMLY758CB51,cached,1000
Franklin County School District,2025-05-28,https://go.boarddocs.com/fl/franklin/Board.nsf/Download-AgendaDetailed?open&id=DGLLPW5794EA,cached,26326
Franklin County School District,2025-06-16,https://go.boarddocs.com/fl/franklin/Board.nsf/Download-AgendaDetailed?open&id=DHCKZX545C8A,cached,4684
Franklin County School District,2025-06-16,https://go.boarddocs.com/fl/franklin/Board.nsf/Download-AgendaDetailed?open&id=DHJRQJ6F1CA6,cached,1091
Franklin County School District,2025-06-26,https://go.boarddocs.com/fl/franklin/Board.nsf/Download-AgendaDetailed?open&id=DHCLLW572424,cached,18869
Franklin County School District,2025-07-15,https://go.boarddocs.com/fl/franklin/Board.nsf/Download-AgendaDetailed?open&id=DJCRKJ6E5F30,cached,1025
Franklin County School District,2025-07-15,https://go.boarddocs.com/fl/franklin/Board.nsf/Download-AgendaDetailed?open&id=DJCRLA6E7D1C,cached,861
Franklin County School District,2025-07-21,https://go.boarddocs.com/fl/franklin/Board.nsf/Download-AgendaDetailed?open&id=DJKPMJ654C40,cached,7096
Franklin County School District,2025-07-21,https://go.boarddocs.com/fl/franklin/Board.nsf/Download-AgendaDetailed?open&id=DJQSE57245E3,cached,1219
Franklin County School District,2025-07-29,https://go.boarddocs.com/fl/franklin/Board.nsf/Download-AgendaDetailed?open&id=DJTPNR657971,cached,2359
Franklin County School District,2025-07-29,https://go.boarddocs.com/fl/franklin/Board.nsf/Download-AgendaDetailed?open&id=DJTQDL68D2A3,cached,20849
Franklin County School District,2025-07-29,https://go.boarddocs.com/fl/franklin/Board.nsf/Download-AgendaDetailed?open&id=DJUK4T50194A,cached,1165
Franklin County School District,2025-07-31,https://go.boarddocs.com/fl/franklin/Board.nsf/Download-AgendaDetailed?open&id=DJUKZB54458C,cached,1510
Franklin County School District,2025-08-18,https://go.boarddocs.com/fl/franklin/Board.nsf/Download-AgendaDetailed?open&id=DKFSEH7253C8,cached,5942
Franklin County School District,2025-08-28,https://go.boarddocs.com/fl/franklin/Board.nsf/Download-AgendaDetailed?open&id=DKNM8D579779,cached,17208
Franklin County School District,2025-09-09,https://go.boarddocs.com/fl/franklin/Board.nsf/Download-AgendaDetailed?open&id=DL5KNH52AFBE,cached,1096
Franklin County School District,2025-09-09,https://go.boarddocs.com/fl/franklin/Board.nsf/Download-AgendaDetailed?open&id=DL5LWC5885DA,cached,2540
Franklin County School District,2025-09-17,https://go.boarddocs.com/fl/franklin/Board.nsf/Download-AgendaDetailed?open&id=DLDJJE4D3237,cached,14114
Franklin County School District,2025-09-17,https://go.boarddocs.com/fl/franklin/Board.nsf/Download-AgendaDetailed?open&id=DLDJM74DCE96,cached,3181
Franklin County School District,2025-10-01,https://go.boarddocs.com/fl/franklin/Board.nsf/Download-AgendaDetailed?open&id=DLTHMJ492BB9,cached,763
Franklin County School District,2025-10-09,https://go.boarddocs.com/fl/franklin/Board.nsf/Download-AgendaDetailed?open&id=DM4KTD5366DC,cached,813
Franklin County School District,2025-10-20,https://go.boarddocs.com/fl/franklin/Board.nsf/Download-AgendaDetailed?open&id=DMANZ6624D81,cached,2783
Franklin County School District,2025-10-30,https://go.boarddocs.com/fl/franklin/Board.nsf/Download-AgendaDetailed?open&id=DLVJF64CED01,cached,20215
Franklin County School District,2025-11-17,https://go.boarddocs.com/fl/franklin/Board.nsf/Download-AgendaDetailed?open&id=DMAP2D627C72,cached,1725
Franklin County School District,2025-11-17,https://go.boarddocs.com/fl/franklin/Board.nsf/Download-AgendaDetailed?open&id=DMAP6K631038,cached,8140
Franklin County School District,2025-11-17,https://go.boarddocs.com/fl/franklin/Board.nsf/Download-AgendaDetailed?open&id=DMAP9L638812,cached,15335
Franklin County School District,2025-12-15,https://go.boarddocs.com/fl/franklin/Board.nsf/Download-AgendaDetailed?open&id=DP6LNY552392,cached,4714
Franklin County School District,2025-12-15,https://go.boarddocs.com/fl/franklin/Board.nsf/Download-AgendaDetailed?open&id=DP6LPG555934,cached,10680
Franklin County School District,2026-01-20,https://go.boarddocs.com/fl/franklin/Board.nsf/Download-AgendaDetailed?open&id=DQAKXE53F7EC,cached,3458
Franklin County School District,2026-01-29,https://go.boarddocs.com/fl/franklin/Board.nsf/Download-AgendaDetailed?open&id=DQAKYV543425,cached,17379
Franklin County School District,2026-02-17,https://go.boarddocs.com/fl/franklin/Board.nsf/Download-AgendaDetailed?open&id=DR2PM7653DFE,cached,2615
Franklin County School District,2026-02-26,https://go.boarddocs.com/fl/franklin/Board.nsf/Download-AgendaDetailed?open&id=DR2QYU6BA3C2,fetched,14614
Franklin County School District,2026-03-09,https://go.boarddocs.com/fl/franklin/Board.nsf/Download-AgendaDetailed?open&id=DR2NHV6011BE,fetched,458
Franklin County School District,2026-03-26,https://go.boarddocs.com/fl/franklin/Board.nsf/Download-AgendaDetailed?open&id=DR2R626C663D,fetched,15426
Franklin County School District,2026-03-26,https://go.boarddocs.com/fl/franklin/Board.nsf/Download-AgendaDetailed?open&id=DRWN265DBD26,fetched,3722
Franklin County School District,2026-04-20,https://go.boarddocs.com/fl/franklin/Board.nsf/Download-AgendaDetailed?open&id=DR2PNH65668B,fetched,7788
Franklin County School District,2026-04-20,https://go.boarddocs.com/fl/franklin/Board.nsf/Download-AgendaDetailed?open&id=DT6PPF64838F,fetched,1746
Franklin County School District,2026-04-30,https://go.boarddocs.com/fl/franklin/Board.nsf/Download-AgendaDetailed?open&id=DR2R9Q6CA818,fetched,21661
Franklin County School District,2026-04-30,https://go.boarddocs.com/fl/franklin/Board.nsf/Download-AgendaDetailed?open&id=DTEP3E62A39F,fetched,712
Franklin County School District,2026-05-07,https://go.boarddocs.com/fl/franklin/Board.nsf/Download-AgendaDetailed?open&id=DTMUF37BC947,fetched,895
Franklin County School District,2026-05-07,https://go.boarddocs.com/fl/franklin/Board.nsf/Download-AgendaDetailed?open&id=DTMUFJ7BDAC7,fetched,878
Franklin County School District,2026-05-18,https://go.boarddocs.com/fl/franklin/Board.nsf/Download-AgendaDetailed?open&id=DR2PNB65646F,fetched,4404
Franklin County School District,2026-05-27,https://go.boarddocs.com/fl/franklin/Board.nsf/Download-AgendaDetailed?open&id=DR2R866CA2F4,fetched,15573
Franklin County School District,2026-06-15,https://go.boarddocs.com/fl/franklin/Board.nsf/Download-AgendaDetailed?open&id=DR2PN7655F6C,fetched,4630
Franklin County School District,2026-06-15,https://go.boarddocs.com/fl/franklin/Board.nsf/Download-AgendaDetailed?open&id=DUXLEJ5633A7,fetched,729
Franklin County School District,2026-06-25,https://go.boarddocs.com/fl/franklin/Board.nsf/Download-AgendaDetailed?open&id=DR2RG96CCD08,fetched,24033
Franklin County School District,2026-07-13,https://go.boarddocs.com/fl/franklin/Board.nsf/Download-AgendaDetailed?open&id=DR2PN3655C19,fetched,6283
Franklin County School District,2026-07-13,https://go.boarddocs.com/fl/franklin/Board.nsf/Download-AgendaDetailed?open&id=DVRM5E598F13,fetched,746
Franklin County School District,2026-07-23,https://go.boarddocs.com/fl/franklin/Board.nsf/Download-AgendaDetailed?open&id=DVZN735E7CD1,fetched,19394
Franklin County School District,2026-07-28,https://go.boarddocs.com/fl/franklin/Board.nsf/Download-AgendaDetailed?open&id=DR2SJB72CC3F,fetched,2344
Franklin County School District,2026-08-17,https://go.boarddocs.com/fl/franklin/Board.nsf/Download-AgendaDetailed?open&id=DR2PMT654DB6,fetched,2622
Franklin County School District,2026-08-27,https://go.boarddocs.com/fl/franklin/Board.nsf/Download-AgendaDetailed?open&id=DR2RKH6CD669,fetched,13904
Franklin County School District,2026-09-02,https://go.boarddocs.com/fl/franklin/Board.nsf/Download-AgendaDetailed?open&id=DXHMZF5DAA06,fetched,540
Glades County School District,2025-03-27,https://go.boarddocs.com/fl/glad/Board.nsf/Download-AgendaDetailed?open&id=DE7JYH4F7782,cached,24764
Glades County School District,2025-04-10,https://go.boarddocs.com/fl/glad/Board.nsf/Download-AgendaDetailed?open&id=DENLX557EB04,cached,20373
Glades County School District,2025-04-23,https://go.boarddocs.com/fl/glad/Board.nsf/Download-AgendaDetailed?open&id=DFRRWX700CA0,cached,5028
Glades County School District,2025-04-24,https://go.boarddocs.com/fl/glad/Board.nsf/Download-AgendaDetailed?open&id=DFDFY24155A1,cached,16563
Glades County School District,2025-04-24,https://go.boarddocs.com/fl/glad/Board.nsf/Download-AgendaDetailed?open&id=DFRRYN704CE8,cached,1403
Glades County School District,2025-05-08,https://go.boarddocs.com/fl/glad/Board.nsf/Download-AgendaDetailed?open&id=DG7HGS487A27,cached,20283
Glades County School District,2025-05-22,https://go.boarddocs.com/fl/glad/Board.nsf/Download-AgendaDetailed?open&id=DGMG2B41AB82,cached,15208
Glades County School District,2025-06-26,https://go.boarddocs.com/fl/glad/Board.nsf/Download-AgendaDetailed?open&id=DGVPYN664E99,cached,22449
Glades County School District,2025-07-10,https://go.boarddocs.com/fl/glad/Board.nsf/Download-AgendaDetailed?open&id=DHKFR2404EE4,cached,11741
Glades County School District,2025-07-22,https://go.boarddocs.com/fl/glad/Board.nsf/Download-AgendaDetailed?open&id=DJCL8K555503,cached,1978
Glades County School District,2025-07-24,https://go.boarddocs.com/fl/glad/Board.nsf/Download-AgendaDetailed?open&id=DJ6MTB5CC462,cached,16830
Glades County School District,2025-08-01,https://go.boarddocs.com/fl/glad/Board.nsf/Download-AgendaDetailed?open&id=DJCM6J59B98D,cached,5051
Glades County School District,2025-08-01,https://go.boarddocs.com/fl/glad/Board.nsf/Download-AgendaDetailed?open&id=DK4KUR539AE5,cached,1028
Glades County School District,2025-08-07,https://go.boarddocs.com/fl/glad/Board.nsf/Download-AgendaDetailed?open&id=DJPKPY52E5CD,cached,11061
Glades County School District,2025-08-21,https://go.boarddocs.com/fl/glad/Board.nsf/Download-AgendaDetailed?open&id=DK4R4M6C320A,cached,19390
Glades County School District,2025-09-04,https://go.boarddocs.com/fl/glad/Board.nsf/Download-AgendaDetailed?open&id=DJCLLX5725FD,cached,5060
Glades County School District,2025-09-04,https://go.boarddocs.com/fl/glad/Board.nsf/Download-AgendaDetailed?open&id=DKHMMP58045F,cached,13194
Glades County School District,2025-09-18,https://go.boarddocs.com/fl/glad/Board.nsf/Download-AgendaDetailed?open&id=DKYHGV484CA7,cached,20255
Glades County School District,2025-09-30,https://go.boarddocs.com/fl/glad/Board.nsf/Download-AgendaDetailed?open&id=DLEGR44500A0,cached,960
Glades County School District,2025-10-09,https://go.boarddocs.com/fl/glad/Board.nsf/Download-AgendaDetailed?open&id=DLBJAT4C49A1,cached,23742
Glades County School District,2025-10-23,https://go.boarddocs.com/fl/glad/Board.nsf/Download-AgendaDetailed?open&id=DMGNGG5E1C9F,cached,9596
Glades County School District,2025-11-18,https://go.boarddocs.com/fl/glad/Board.nsf/Download-AgendaDetailed?open&id=DNAK2W4FD175,cached,16307
Glades County School District,2025-11-18,https://go.boarddocs.com/fl/glad/Board.nsf/Download-AgendaDetailed?open&id=DNAK6U506158,cached,4523
Glades County School District,2025-11-18,https://go.boarddocs.com/fl/glad/Board.nsf/Download-AgendaDetailed?open&id=DNAPE364342B,cached,959
Glades County School District,2025-12-11,https://go.boarddocs.com/fl/glad/Board.nsf/Download-AgendaDetailed?open&id=DNMJY24F659E,fetched,11447
Glades County School District,2025-12-22,https://go.boarddocs.com/fl/glad/Board.nsf/Download-AgendaDetailed?open&id=DPDN4U5E2A75,fetched,2799
Glades County School District,2026-01-08,https://go.boarddocs.com/fl/glad/Board.nsf/Download-AgendaDetailed?open&id=DPDJV74EF903,fetched,12074
Glades County School District,2026-01-22,https://go.boarddocs.com/fl/glad/Board.nsf/Download-AgendaDetailed?open&id=DQ9Q6967BF23,fetched,15067
Glades County School District,2026-02-05,https://go.boarddocs.com/fl/glad/Board.nsf/Download-AgendaDetailed?open&id=DQQRKL6E34DB,fetched,10351
Glades County School District,2026-02-05,https://go.boarddocs.com/fl/glad/Board.nsf/Download-AgendaDetailed?open&id=DQRPQ965B0E9,fetched,1883
Glades County School District,2026-02-19,https://go.boarddocs.com/fl/glad/Board.nsf/Download-AgendaDetailed?open&id=DR5NB75F1784,fetched,19327
Glades County School District,2026-03-12,https://go.boarddocs.com/fl/glad/Board.nsf/Download-AgendaDetailed?open&id=DRLP26627220,fetched,24105
Glades County School District,2026-03-24,https://go.boarddocs.com/fl/glad/Board.nsf/Download-AgendaDetailed?open&id=DS5M6K59BA1D,fetched,15209
Glades County School District,2026-04-07,https://go.boarddocs.com/fl/glad/Board.nsf/Download-AgendaDetailed?open&id=DSHKJ7520C87,fetched,10445
Glades County School District,2026-04-07,https://go.boarddocs.com/fl/glad/Board.nsf/Download-AgendaDetailed?open&id=DSHM8L5A06B5,fetched,1380
Glades County School District,2026-04-23,https://go.boarddocs.com/fl/glad/Board.nsf/Download-AgendaDetailed?open&id=DSXP4362BD22,fetched,20549
Glades County School District,2026-04-23,https://go.boarddocs.com/fl/glad/Board.nsf/Download-AgendaDetailed?open&id=DSXP5X62C4B3,fetched,1011
Glades County School District,2026-05-07,https://go.boarddocs.com/fl/glad/Board.nsf/Download-AgendaDetailed?open&id=DTKGHQ43ED01,fetched,17025
Glades County School District,2026-05-21,https://go.boarddocs.com/fl/glad/Board.nsf/Download-AgendaDetailed?open&id=DTZK4850026B,fetched,19136
Glades County School District,2026-06-25,https://go.boarddocs.com/fl/glad/Board.nsf/Download-AgendaDetailed?open&id=DUGNAM5E8AD0,fetched,26048
Glades County School District,2026-06-25,https://go.boarddocs.com/fl/glad/Board.nsf/Download-AgendaDetailed?open&id=DUGND75ECB0B,fetched,1010
Glades County School District,2026-07-09,https://go.boarddocs.com/fl/glad/Board.nsf/Download-AgendaDetailed?open&id=DVJFMU3FD761,fetched,12983
Glades County School District,2026-07-23,https://go.boarddocs.com/fl/glad/Board.nsf/Download-AgendaDetailed?open&id=DVJHBR47BC9E,fetched,17333
Glades County School District,2026-07-23,https://go.boarddocs.com/fl/glad/Board.nsf/Download-AgendaDetailed?open&id=DW2HFK484BB6,fetched,1583
Glades County School District,2026-08-03,https://go.boarddocs.com/fl/glad/Board.nsf/Download-AgendaDetailed?open&id=DUVM7959D23E,fetched,5158
Glades County School District,2026-08-03,https://go.boarddocs.com/fl/glad/Board.nsf/Download-AgendaDetailed?open&id=DWDNHG600327,fetched,20673
Glades County School District,2026-08-20,https://go.boarddocs.com/fl/glad/Board.nsf/Download-AgendaDetailed?open&id=DWMQ4H677CAC,fetched,17220
Glades County School District,2026-08-27,https://go.boarddocs.com/fl/glad/Board.nsf/Download-AgendaDetailed?open&id=DX6FQM403F65,fetched,1012
Hardee County School District,2025-03-17,https://go.boarddocs.com/fl/hardee/Board.nsf/Download-AgendaDetailed?open&id=DEAMXS5D6C6E,cached,5871
Hardee County School District,2025-04-03,https://go.boarddocs.com/fl/hardee/Board.nsf/Download-AgendaDetailed?open&id=DFBR266BBD87,cached,1462
Hardee County School District,2025-04-10,https://go.boarddocs.com/fl/hardee/Board.nsf/Download-AgendaDetailed?open&id=DEVLFA56510F,cached,9078
Hardee County School District,2025-04-10,https://go.boarddocs.com/fl/hardee/Board.nsf/Download-AgendaDetailed?open&id=DEVLGT566BD9,cached,813
Hardee County School District,2025-04-21,https://go.boarddocs.com/fl/hardee/Board.nsf/Download-AgendaDetailed?open&id=DFQKWB53D4C1,cached,7879
Hardee County School District,2025-05-05,https://go.boarddocs.com/fl/hardee/Board.nsf/Download-AgendaDetailed?open&id=DFZQUE6AFD1A,cached,5766
Hardee County School District,2025-05-22,https://go.boarddocs.com/fl/hardee/Board.nsf/Download-AgendaDetailed?open&id=DGEQUD6AF638,cached,11088
Hardee County School District,2025-06-09,https://go.boarddocs.com/fl/hardee/Board.nsf/Download-AgendaDetailed?open&id=DGWR556C448E,cached,7671
Hardee County School District,2025-06-09,https://go.boarddocs.com/fl/hardee/Board.nsf/Download-AgendaDetailed?open&id=DHAKQL52FED2,cached,1224
Hardee County School District,2025-06-26,https://go.boarddocs.com/fl/hardee/Board.nsf/Download-AgendaDetailed?open&id=DHGPES644F33,cached,3157
Hardee County School District,2025-06-26,https://go.boarddocs.com/fl/hardee/Board.nsf/Download-AgendaDetailed?open&id=DHGPLL652887,cached,9109
Hardee County School District,2025-07-10,https://go.boarddocs.com/fl/hardee/Board.nsf/Download-AgendaDetailed?open&id=DHPPV36666D4,cached,13216
Hardee County School District,2025-07-22,https://go.boarddocs.com/fl/hardee/Board.nsf/Download-AgendaDetailed?open&id=DJLRSP6F51FB,cached,1174
Hardee County School District,2025-07-24,https://go.boarddocs.com/fl/hardee/Board.nsf/Download-AgendaDetailed?open&id=DHGPGP649604,cached,11185
Hardee County School District,2025-07-28,https://go.boarddocs.com/fl/hardee/Board.nsf/Download-AgendaDetailed?open&id=DJY6HA14FC03,cached,2913
Hardee County School District,2025-08-14,https://go.boarddocs.com/fl/hardee/Board.nsf/Download-AgendaDetailed?open&id=DK2LQX57B911,cached,10505
Hardee County School District,2025-08-20,https://go.boarddocs.com/fl/hardee/Board.nsf/Download-AgendaDetailed?open&id=DKPG834282E8,cached,839
Hardee County School District,2025-08-28,https://go.boarddocs.com/fl/hardee/Board.nsf/Download-AgendaDetailed?open&id=DKCHFB4842CB,cached,8905
Hardee County School District,2025-09-08,https://go.boarddocs.com/fl/hardee/Board.nsf/Download-AgendaDetailed?open&id=DKYQ2366E8E7,cached,3231
Hardee County School District,2025-09-08,https://go.boarddocs.com/fl/hardee/Board.nsf/Download-AgendaDetailed?open&id=DKZJJA4A2183,cached,5540
Hardee County School District,2025-09-15,https://go.boarddocs.com/fl/hardee/Board.nsf/Download-AgendaDetailed?open&id=DLVGJ8440017,cached,823
Hardee County School District,2025-09-22,https://go.boarddocs.com/fl/hardee/Board.nsf/Download-AgendaDetailed?open&id=DLDGH843D9A9,cached,8607
Hardee County School District,2025-10-09,https://go.boarddocs.com/fl/hardee/Board.nsf/Download-AgendaDetailed?open&id=DLKHLK4907D1,cached,9100
Hardee County School District,2025-10-23,https://go.boarddocs.com/fl/hardee/Board.nsf/Download-AgendaDetailed?open&id=D92KL6525736,cached,821
Hardee County School District,2025-10-23,https://go.boarddocs.com/fl/hardee/Board.nsf/Download-AgendaDetailed?open&id=DLUG8K4295FF,cached,12463
Hardee County School District,2025-10-27,https://go.boarddocs.com/fl/hardee/Board.nsf/Download-AgendaDetailed?open&id=DMUG9N42BEA5,cached,815
Hardee County School District,2025-11-13,https://go.boarddocs.com/fl/hardee/Board.nsf/Download-AgendaDetailed?open&id=DKHKNC52A7F3,cached,6853
Hardee County School District,2025-11-13,https://go.boarddocs.com/fl/hardee/Board.nsf/Download-AgendaDetailed?open&id=DMALAW5594C2,cached,1943
Hardee County School District,2025-11-13,https://go.boarddocs.com/fl/hardee/Board.nsf/Download-AgendaDetailed?open&id=DN7HQL499E95,cached,1943
Hardee County School District,2025-11-13,https://go.boarddocs.com/fl/hardee/Board.nsf/Download-AgendaDetailed?open&id=DN7HV34A45AD,cached,7069
Hardee County School District,2025-11-13,https://go.boarddocs.com/fl/hardee/Board.nsf/Download-AgendaDetailed?open&id=DNDHR7495B0C,cached,817
Hardee County School District,2025-12-02,https://go.boarddocs.com/fl/hardee/Board.nsf/Download-AgendaDetailed?open&id=DNXHNV495E54,cached,813
Hardee County School District,2025-12-09,https://go.boarddocs.com/fl/hardee/Board.nsf/Download-AgendaDetailed?open&id=DP6J3649E2F9,cached,812
Hardee County School District,2025-12-11,https://go.boarddocs.com/fl/hardee/Board.nsf/Download-AgendaDetailed?open&id=DMFQQG6A6A36,cached,11005
Hardee County School District,2026-01-08,https://go.boarddocs.com/fl/hardee/Board.nsf/Download-AgendaDetailed?open&id=DPGHQE49961B,cached,6730
Hardee County School District,2026-01-08,https://go.boarddocs.com/fl/hardee/Board.nsf/Download-AgendaDetailed?open&id=DQSMXC5D5BC3,cached,802
Hardee County School District,2026-01-22,https://go.boarddocs.com/fl/hardee/Board.nsf/Download-AgendaDetailed?open&id=DNJHQX49AB8D,cached,8316
Hardee County School District,2026-01-30,https://go.boarddocs.com/fl/hardee/Board.nsf/Download-AgendaDetailed?open&id=DQRQES68FE22,cached,2844
Hardee County School District,2026-02-12,https://go.boarddocs.com/fl/hardee/Board.nsf/Download-AgendaDetailed?open&id=DQPSSB740D3B,cached,7159
Hardee County School District,2026-02-26,https://go.boarddocs.com/fl/hardee/Board.nsf/Download-AgendaDetailed?open&id=DR7RZK706F72,fetched,6754
Hardee County School District,2026-03-12,https://go.boarddocs.com/fl/hardee/Board.nsf/Download-AgendaDetailed?open&id=DRPLUB583A92,fetched,6830
Hardee County School District,2026-03-26,https://go.boarddocs.com/fl/hardee/Board.nsf/Download-AgendaDetailed?open&id=DR7LCQ55F1AA,fetched,5725
Hardee County School District,2026-04-09,https://go.boarddocs.com/fl/hardee/Board.nsf/Download-AgendaDetailed?open&id=DSGJ824BE13E,fetched,6740
Hardee County School District,2026-04-09,https://go.boarddocs.com/fl/hardee/Board.nsf/Download-AgendaDetailed?open&id=DSRSA971B46B,fetched,779
Hardee County School District,2026-04-23,https://go.boarddocs.com/fl/hardee/Board.nsf/Download-AgendaDetailed?open&id=DSWHDA47F6E3,fetched,7024
Hardee County School District,2026-05-12,https://go.boarddocs.com/fl/hardee/Board.nsf/Download-AgendaDetailed?open&id=DTLQPS6A302F,fetched,982
Hardee County School District,2026-05-14,https://go.boarddocs.com/fl/hardee/Board.nsf/Download-AgendaDetailed?open&id=DSGJ474B515D,fetched,8392
Hardee County School District,2026-05-28,https://go.boarddocs.com/fl/hardee/Board.nsf/Download-AgendaDetailed?open&id=DTFHXH4AA171,fetched,9003
Hardee County School District,2026-06-08,https://go.boarddocs.com/fl/hardee/Board.nsf/Download-AgendaDetailed?open&id=DUML5254D195,fetched,6156
Hardee County School District,2026-06-08,https://go.boarddocs.com/fl/hardee/Board.nsf/Download-AgendaDetailed?open&id=DUMLFU56663E,fetched,1668
Hardee County School District,2026-06-25,https://go.boarddocs.com/fl/hardee/Board.nsf/Download-AgendaDetailed?open&id=DUML6M54F12B,fetched,9198
Hardee County School District,2026-07-09,https://go.boarddocs.com/fl/hardee/Board.nsf/Download-AgendaDetailed?open&id=DUVMKH5B7928,fetched,6844
Hardee County School District,2026-07-09,https://go.boarddocs.com/fl/hardee/Board.nsf/Download-AgendaDetailed?open&id=DVLR9Q6CF0A6,fetched,1209
Hardee County School District,2026-07-09,https://go.boarddocs.com/fl/hardee/Board.nsf/Download-AgendaDetailed?open&id=DWFQBA687B1C,fetched,812
Hardee County School District,2026-07-21,https://go.boarddocs.com/fl/hardee/Board.nsf/Download-AgendaDetailed?open&id=DW6JE24CC0BF,fetched,1147
Hardee County School District,2026-07-23,https://go.boarddocs.com/fl/hardee/Board.nsf/Download-AgendaDetailed?open&id=DVTKDB515711,fetched,11049
Hardee County School District,2026-07-27,https://go.boarddocs.com/fl/hardee/Board.nsf/Download-AgendaDetailed?open&id=DW7KRR532A5B,fetched,2879
Hardee County School District,2026-08-13,https://go.boarddocs.com/fl/hardee/Board.nsf/Download-AgendaDetailed?open&id=DW2H6U4703A2,fetched,10709
Hardee County School District,2026-08-27,https://go.boarddocs.com/fl/hardee/Board.nsf/Download-AgendaDetailed?open&id=DX3LFK565C42,fetched,7322
Hendry County School District,2025-04-01,https://go.boarddocs.com/fl/hendry/Board.nsf/Download-AgendaDetailed?open&id=D5PGRH44E161,cached,18482
Hendry County School District,2025-04-15,https://go.boarddocs.com/fl/hendry/Board.nsf/Download-AgendaDetailed?open&id=D5PH6Q456BF7,cached,11723
Hendry County School District,2025-05-06,https://go.boarddocs.com/fl/hendry/Board.nsf/Download-AgendaDetailed?open&id=D5PG9F42B608,cached,16341
Hendry County School District,2025-05-20,https://go.boarddocs.com/fl/hendry/Board.nsf/Download-AgendaDetailed?open&id=D5PH5T456AB9,cached,26633
Hendry County School District,2025-06-17,https://go.boarddocs.com/fl/hendry/Board.nsf/Download-AgendaDetailed?open&id=D5PH8Q45F5D6,cached,44389
Hendry County School District,2025-07-15,https://go.boarddocs.com/fl/hendry/Board.nsf/Download-AgendaDetailed?open&id=DH4QHV697231,cached,24411
Hendry County School District,2025-07-15,https://go.boarddocs.com/fl/hendry/Board.nsf/Download-AgendaDetailed?open&id=DHSKMY529B97,cached,1597
Hendry County School District,2025-07-29,https://go.boarddocs.com/fl/hendry/Board.nsf/Download-AgendaDetailed?open&id=DH4QLJ69C3A1,cached,14156
Hendry County School District,2025-08-19,https://go.boarddocs.com/fl/hendry/Board.nsf/Download-AgendaDetailed?open&id=DH4QT26AC3D4,cached,23303
Hendry County School District,2025-09-09,https://go.boarddocs.com/fl/hendry/Board.nsf/Download-AgendaDetailed?open&id=DH4QTQ6AE217,cached,33445
Hendry County School District,2025-09-09,https://go.boarddocs.com/fl/hendry/Board.nsf/Download-AgendaDetailed?open&id=DKQLTM582047,cached,561
Hendry County School District,2025-10-02,https://go.boarddocs.com/fl/hendry/Board.nsf/Download-AgendaDetailed?open&id=DLYGY7460BA2,cached,4990
Hendry County School District,2025-10-21,https://go.boarddocs.com/fl/hendry/Board.nsf/Download-AgendaDetailed?open&id=DL7GT6454D87,cached,36853
Hendry County School District,2025-10-21,https://go.boarddocs.com/fl/hendry/Board.nsf/Download-AgendaDetailed?open&id=DL7GVC45A13B,cached,480
Hendry County School District,2025-11-18,https://go.boarddocs.com/fl/hendry/Board.nsf/Download-AgendaDetailed?open&id=DH4QYH6B77D2,cached,37660
Hendry County School District,2025-11-18,https://go.boarddocs.com/fl/hendry/Board.nsf/Download-AgendaDetailed?open&id=DN3Q6967BED4,cached,405
Hendry County School District,2025-12-16,https://go.boarddocs.com/fl/hendry/Board.nsf/Download-AgendaDetailed?open&id=DH4QYW6BA6CD,cached,20045
Hendry County School District,2026-01-20,https://go.boarddocs.com/fl/hendry/Board.nsf/Download-AgendaDetailed?open&id=DH4R4M6C31C2,fetched,22313
Hendry County School District,2026-02-17,https://go.boarddocs.com/fl/hendry/Board.nsf/Download-AgendaDetailed?open&id=DH4R6T6C836E,fetched,24162
Hendry County School District,2026-03-03,https://go.boarddocs.com/fl/hendry/Board.nsf/Download-AgendaDetailed?open&id=DH4R7Z6CB0F8,fetched,20789
Hendry County School District,2026-03-27,https://go.boarddocs.com/fl/hendry/Board.nsf/Download-AgendaDetailed?open&id=DRPNKK604317,fetched,3726
Hendry County School District,2026-04-21,https://go.boarddocs.com/fl/hendry/Board.nsf/Download-AgendaDetailed?open&id=DH4RCP6D6004,fetched,54937
Hendry County School District,2026-05-19,https://go.boarddocs.com/fl/hendry/Board.nsf/Download-AgendaDetailed?open&id=DH4RHV6E22CB,fetched,51693
Hendry County School District,2026-06-16,https://go.boarddocs.com/fl/hendry/Board.nsf/Download-AgendaDetailed?open&id=DH4RJR6E30FB,fetched,51021
Hendry County School District,2026-07-14,https://go.boarddocs.com/fl/hendry/Board.nsf/Download-AgendaDetailed?open&id=DSWNXY610DF9,fetched,32241
Hendry County School District,2026-07-28,https://go.boarddocs.com/fl/hendry/Board.nsf/Download-AgendaDetailed?open&id=DSWNN76061F7,fetched,16399
Hendry County School District,2026-08-18,https://go.boarddocs.com/fl/hendry/Board.nsf/Download-AgendaDetailed?open&id=DWDHUE4A2DD2,fetched,42211
Hendry County School District,2026-08-18,https://go.boarddocs.com/fl/hendry/Board.nsf/Download-AgendaDetailed?open&id=DWXAW2299AEE,fetched,809
School Board of Highlands County,2025-03-25,https://go.boarddocs.com/fl/highlfl/Board.nsf/Download-AgendaDetailed?open&id=DA5KX653F533,fetched,12098
School Board of Highlands County,2025-04-08,https://go.boarddocs.com/fl/highlfl/Board.nsf/Download-AgendaDetailed?open&id=DE8Q6A67BF6B,fetched,30807
School Board of Highlands County,2025-04-22,https://go.boarddocs.com/fl/highlfl/Board.nsf/Download-AgendaDetailed?open&id=DA5L3U544357,fetched,18472
School Board of Highlands County,2025-04-28,https://go.boarddocs.com/fl/highlfl/Board.nsf/Download-AgendaDetailed?open&id=DFRS4U70DC3A,fetched,1236
School Board of Highlands County,2025-05-06,https://go.boarddocs.com/fl/highlfl/Board.nsf/Download-AgendaDetailed?open&id=DA5LBS546451,fetched,11336
School Board of Highlands County,2025-05-06,https://go.boarddocs.com/fl/highlfl/Board.nsf/Download-AgendaDetailed?open&id=DFHRAS6CE357,fetched,7089
School Board of Highlands County,2025-05-13,https://go.boarddocs.com/fl/highlfl/Board.nsf/Download-AgendaDetailed?open&id=DFZP74632CBA,fetched,1556
School Board of Highlands County,2025-05-13,https://go.boarddocs.com/fl/highlfl/Board.nsf/Download-AgendaDetailed?open&id=DG6MVY5B0239,fetched,1980
School Board of Highlands County,2025-05-19,https://go.boarddocs.com/fl/highlfl/Board.nsf/Download-AgendaDetailed?open&id=DA5LAK5462E7,fetched,31880
School Board of Highlands County,2025-05-29,https://go.boarddocs.com/fl/highlfl/Board.nsf/Download-AgendaDetailed?open&id=DGTPVG6675F0,fetched,1180
School Board of Highlands County,2025-06-03,https://go.boarddocs.com/fl/highlfl/Board.nsf/Download-AgendaDetailed?open&id=DA5L9A54614F,fetched,13611
School Board of Highlands County,2025-06-23,https://go.boarddocs.com/fl/highlfl/Board.nsf/Download-AgendaDetailed?open&id=DHAGY8460D29,fetched,1166
School Board of Highlands County,2025-06-24,https://go.boarddocs.com/fl/highlfl/Board.nsf/Download-AgendaDetailed?open&id=DA5L7U545F9D,fetched,18394
School Board of Highlands County,2025-07-08,https://go.boarddocs.com/fl/highlfl/Board.nsf/Download-AgendaDetailed?open&id=DA5NNG60BE6D,fetched,23389
School Board of Highlands County,2025-07-16,https://go.boarddocs.com/fl/highlfl/Board.nsf/Download-AgendaDetailed?open&id=DHQHJJ48BAEB,fetched,1878
School Board of Highlands County,2025-07-22,https://go.boarddocs.com/fl/highlfl/Board.nsf/Download-AgendaDetailed?open&id=DA5NQW60C355,fetched,12834
School Board of Highlands County,2025-07-22,https://go.boarddocs.com/fl/highlfl/Board.nsf/Download-AgendaDetailed?open&id=DJ8LH5569663,fetched,1266
School Board of Highlands County,2025-07-24,https://go.boarddocs.com/fl/highlfl/Board.nsf/Download-AgendaDetailed?open&id=DHQHKF48DB91,fetched,1764
School Board of Highlands County,2025-07-29,https://go.boarddocs.com/fl/highlfl/Board.nsf/Download-AgendaDetailed?open&id=DA5NSH60EBAA,fetched,2294
School Board of Highlands County,2025-08-04,https://go.boarddocs.com/fl/highlfl/Board.nsf/Download-AgendaDetailed?open&id=DA5NPP60C090,fetched,7487
School Board of Highlands County,2025-08-19,https://go.boarddocs.com/fl/highlfl/Board.nsf/Download-AgendaDetailed?open&id=CXJQH76818F3,fetched,6336
School Board of Highlands County,2025-08-19,https://go.boarddocs.com/fl/highlfl/Board.nsf/Download-AgendaDetailed?open&id=DA5L6M545E5D,fetched,5473
School Board of Highlands County,2025-08-19,https://go.boarddocs.com/fl/highlfl/Board.nsf/Download-AgendaDetailed?open&id=DK9G4B41F61D,fetched,1168
School Board of Highlands County,2025-08-21,https://go.boarddocs.com/fl/highlfl/Board.nsf/Download-AgendaDetailed?open&id=DKNNM460882F,fetched,1186
School Board of Highlands County,2025-09-01,https://go.boarddocs.com/fl/highlfl/Board.nsf/Download-AgendaDetailed?open&id=DK4KCA50BA4D,fetched,1183
School Board of Highlands County,2025-09-03,https://go.boarddocs.com/fl/highlfl/Board.nsf/Download-AgendaDetailed?open&id=DK4KS3533606,fetched,1767
School Board of Highlands County,2025-09-03,https://go.boarddocs.com/fl/highlfl/Board.nsf/Download-AgendaDetailed?open&id=DKVKVC53A0B0,fetched,1274
School Board of Highlands County,2025-09-09,https://go.boarddocs.com/fl/highlfl/Board.nsf/Download-AgendaDetailed?open&id=DA5NRM6134E9,fetched,1680
School Board of Highlands County,2025-09-09,https://go.boarddocs.com/fl/highlfl/Board.nsf/Download-AgendaDetailed?open&id=DA5NYR6125C2,fetched,29684
School Board of Highlands County,2025-09-09,https://go.boarddocs.com/fl/highlfl/Board.nsf/Download-AgendaDetailed?open&id=DKNNE95F679F,fetched,1306
School Board of Highlands County,2025-09-23,https://go.boarddocs.com/fl/highlfl/Board.nsf/Download-AgendaDetailed?open&id=DKNNY361FAF9,fetched,994
School Board of Highlands County,2025-09-23,https://go.boarddocs.com/fl/highlfl/Board.nsf/Download-AgendaDetailed?open&id=DL5JTX4EC758,fetched,10389
School Board of Highlands County,2025-10-07,https://go.boarddocs.com/fl/highlfl/Board.nsf/Download-AgendaDetailed?open&id=DA5NXJ612459,fetched,11754
School Board of Highlands County,2025-10-21,https://go.boarddocs.com/fl/highlfl/Board.nsf/Download-AgendaDetailed?open&id=DA5NWB6122B4,fetched,9323
School Board of Highlands County,2025-11-11,https://go.boarddocs.com/fl/highlfl/Board.nsf/Download-AgendaDetailed?open&id=DA5P2T61773B,fetched,1246
School Board of Highlands County,2025-11-11,https://go.boarddocs.com/fl/highlfl/Board.nsf/Download-AgendaDetailed?open&id=DLKJ3D4B32C2,fetched,27615
School Board of Highlands County,2025-11-11,https://go.boarddocs.com/fl/highlfl/Board.nsf/Download-AgendaDetailed?open&id=DLMND75F62F1,fetched,6672
School Board of Highlands County,2025-11-11,https://go.boarddocs.com/fl/highlfl/Board.nsf/Download-AgendaDetailed?open&id=DMVHS3480694,fetched,2424
School Board of Highlands County,2025-12-09,https://go.boarddocs.com/fl/highlfl/Board.nsf/Download-AgendaDetailed?open&id=DMVFVR41002E,fetched,30897
School Board of Highlands County,2025-12-18,https://go.boarddocs.com/fl/highlfl/Board.nsf/Download-AgendaDetailed?open&id=DP6H2W467101,fetched,1477
School Board of Highlands County,2026-01-06,https://go.boarddocs.com/fl/highlfl/Board.nsf/Download-AgendaDetailed?open&id=DMVGK7442423,fetched,9475
School Board of Highlands County,2026-01-14,https://go.boarddocs.com/fl/highlfl/Board.nsf/Download-AgendaDetailed?open&id=DPFQJR69937D,fetched,1337
School Board of Highlands County,2026-01-20,https://go.boarddocs.com/fl/highlfl/Board.nsf/Download-AgendaDetailed?open&id=DMVGLB444D95,fetched,25837
School Board of Highlands County,2026-02-03,https://go.boarddocs.com/fl/highlfl/Board.nsf/Download-AgendaDetailed?open&id=DMVGM3445E5C,fetched,16893
School Board of Highlands County,2026-02-03,https://go.boarddocs.com/fl/highlfl/Board.nsf/Download-AgendaDetailed?open&id=DQHP4N62D28F,fetched,1368
School Board of Highlands County,2026-02-17,https://go.boarddocs.com/fl/highlfl/Board.nsf/Download-AgendaDetailed?open&id=DMVFW9411330,fetched,11035
School Board of Highlands County,2026-02-18,https://go.boarddocs.com/fl/highlfl/Board.nsf/Download-AgendaDetailed?open&id=DR5HUG4A2F6C,fetched,1218
School Board of Highlands County,2026-03-10,https://go.boarddocs.com/fl/highlfl/Board.nsf/Download-AgendaDetailed?open&id=DMVGNG447559,fetched,10018
School Board of Highlands County,2026-03-24,https://go.boarddocs.com/fl/highlfl/Board.nsf/Download-AgendaDetailed?open&id=DMVGMS446D5B,fetched,9495
School Board of Highlands County,2026-03-24,https://go.boarddocs.com/fl/highlfl/Board.nsf/Download-AgendaDetailed?open&id=DRZR3B6C00EA,fetched,1328
School Board of Highlands County,2026-03-24,https://go.boarddocs.com/fl/highlfl/Board.nsf/Download-AgendaDetailed?open&id=DRZRVL6FDA78,fetched,1175
School Board of Highlands County,2026-03-26,https://go.boarddocs.com/fl/highlfl/Board.nsf/Download-AgendaDetailed?open&id=DRMJE84CC988,fetched,1376
School Board of Highlands County,2026-04-07,https://go.boarddocs.com/fl/highlfl/Board.nsf/Download-AgendaDetailed?open&id=DMVGRE450B50,fetched,15992
School Board of Highlands County,2026-04-07,https://go.boarddocs.com/fl/highlfl/Board.nsf/Download-AgendaDetailed?open&id=DS2LMQ56046A,fetched,1235
School Board of Highlands County,2026-04-21,https://go.boarddocs.com/fl/highlfl/Board.nsf/Download-AgendaDetailed?open&id=DMVGSX45241C,fetched,14343
School Board of Highlands County,2026-04-21,https://go.boarddocs.com/fl/highlfl/Board.nsf/Download-AgendaDetailed?open&id=DSXMVE5D139B,fetched,1405
School Board of Highlands County,2026-04-21,https://go.boarddocs.com/fl/highlfl/Board.nsf/Download-AgendaDetailed?open&id=DSXMWG5D3B74,fetched,2214
School Board of Highlands County,2026-05-01,https://go.boarddocs.com/fl/highlfl/Board.nsf/Download-AgendaDetailed?open&id=DTDNYA622F1E,fetched,1378
School Board of Highlands County,2026-05-05,https://go.boarddocs.com/fl/highlfl/Board.nsf/Download-AgendaDetailed?open&id=DMVGVJ45462A,fetched,19016
School Board of Highlands County,2026-05-05,https://go.boarddocs.com/fl/highlfl/Board.nsf/Download-AgendaDetailed?open&id=DTMH2G4660BA,fetched,1221
School Board of Highlands County,2026-05-11,https://go.boarddocs.com/fl/highlfl/Board.nsf/Download-AgendaDetailed?open&id=DTNVHC80CEF6,fetched,1416
School Board of Highlands County,2026-05-19,https://go.boarddocs.com/fl/highlfl/Board.nsf/Download-AgendaDetailed?open&id=DMVGW945580C,fetched,16835
School Board of Highlands County,2026-05-20,https://go.boarddocs.com/fl/highlfl/Board.nsf/Download-AgendaDetailed?open&id=DSXMWV5D49A7,fetched,1209
School Board of Highlands County,2026-05-20,https://go.boarddocs.com/fl/highlfl/Board.nsf/Download-AgendaDetailed?open&id=DT4KVQ53BD43,fetched,1268
School Board of Highlands County,2026-05-26,https://go.boarddocs.com/fl/highlfl/Board.nsf/Download-AgendaDetailed?open&id=DTYT3C75622F,fetched,4525
School Board of Highlands County,2026-06-08,https://go.boarddocs.com/fl/highlfl/Board.nsf/Download-AgendaDetailed?open&id=DMVGWX4563C4,fetched,24493
School Board of Highlands County,2026-06-18,https://go.boarddocs.com/fl/highlfl/Board.nsf/Download-AgendaDetailed?open&id=DMVGS94516FF,fetched,11079
School Board of Highlands County,2026-06-19,https://go.boarddocs.com/fl/highlfl/Board.nsf/Download-AgendaDetailed?open&id=DUUR666C663F,fetched,1372
School Board of Highlands County,2026-06-19,https://go.boarddocs.com/fl/highlfl/Board.nsf/Download-AgendaDetailed?open&id=DUUR6C6C6D5A,fetched,1393
School Board of Highlands County,2026-07-01,https://go.boarddocs.com/fl/highlfl/Board.nsf/Download-AgendaDetailed?open&id=DV7HEH4823AA,fetched,1642
School Board of Highlands County,2026-07-14,https://go.boarddocs.com/fl/highlfl/Board.nsf/Download-AgendaDetailed?open&id=DMVGYN457F57,fetched,21535
School Board of Highlands County,2026-07-14,https://go.boarddocs.com/fl/highlfl/Board.nsf/Download-AgendaDetailed?open&id=DUWQLY69E734,fetched,1763
School Board of Highlands County,2026-07-14,https://go.boarddocs.com/fl/highlfl/Board.nsf/Download-AgendaDetailed?open&id=DVHJGH4D1F06,fetched,6473
School Board of Highlands County,2026-07-22,https://go.boarddocs.com/fl/highlfl/Board.nsf/Download-AgendaDetailed?open&id=DMVH2A45B856,fetched,2019
School Board of Highlands County,2026-07-22,https://go.boarddocs.com/fl/highlfl/Board.nsf/Download-AgendaDetailed?open&id=DUWQMQ6A0370,fetched,1765
School Board of Highlands County,2026-07-28,https://go.boarddocs.com/fl/highlfl/Board.nsf/Download-AgendaDetailed?open&id=DMVGZE458C7E,fetched,42081
School Board of Highlands County,2026-07-28,https://go.boarddocs.com/fl/highlfl/Board.nsf/Download-AgendaDetailed?open&id=DMVH2M45D4A3,fetched,2530
School Board of Highlands County,2026-07-28,https://go.boarddocs.com/fl/highlfl/Board.nsf/Download-AgendaDetailed?open&id=DW2M4C596779,fetched,1266
School Board of Highlands County,2026-08-11,https://go.boarddocs.com/fl/highlfl/Board.nsf/Download-AgendaDetailed?open&id=DMVGXQ45728B,fetched,8352
School Board of Highlands County,2026-08-25,https://go.boarddocs.com/fl/highlfl/Board.nsf/Download-AgendaDetailed?open&id=DMVGXP45F903,fetched,11360
School Board of Highlands County,2026-09-01,https://go.boarddocs.com/fl/highlfl/Board.nsf/Download-AgendaDetailed?open&id=DXCQHC695F1E,fetched,1438
Hillsborough County Public Schools,2025-03-11,https://go.boarddocs.com/fl/sdhc/Board.nsf/Download-AgendaDetailed?open&id=D9R42A57DB13,cached,101567
Hillsborough County Public Schools,2025-04-08,https://go.boarddocs.com/fl/sdhc/Board.nsf/Download-AgendaDetailed?open&id=D9QLT657EDCA,cached,54917
Hillsborough County Public Schools,2025-04-15,https://go.boarddocs.com/fl/sdhc/Board.nsf/Download-AgendaDetailed?open&id=D9QMVE5CEAD6,cached,16999
Hillsborough County Public Schools,2025-04-22,https://go.boarddocs.com/fl/sdhc/Board.nsf/Download-AgendaDetailed?open&id=D9R44J580C78,cached,144743
Hillsborough County Public Schools,2025-04-29,https://go.boarddocs.com/fl/sdhc/Board.nsf/Download-AgendaDetailed?open&id=DCYMGC5930D4,cached,1388
Hillsborough County Public Schools,2025-05-06,https://go.boarddocs.com/fl/sdhc/Board.nsf/Download-AgendaDetailed?open&id=D9R4645822C8,cached,81494
Hillsborough County Public Schools,2025-05-12,https://go.boarddocs.com/fl/sdhc/Board.nsf/Download-AgendaDetailed?open&id=DG6HU34A20F8,cached,1500
Hillsborough County Public Schools,2025-05-13,https://go.boarddocs.com/fl/sdhc/Board.nsf/Download-AgendaDetailed?open&id=D9QMV55CE89E,cached,32142
Hillsborough County Public Schools,2025-06-02,https://go.boarddocs.com/fl/sdhc/Board.nsf/Download-AgendaDetailed?open&id=D9R457580E5F,cached,235428
Hillsborough County Public Schools,2025-06-17,https://go.boarddocs.com/fl/sdhc/Board.nsf/Download-AgendaDetailed?open&id=D9R47L585F14,cached,156191
Hillsborough County Public Schools,2025-06-24,https://go.boarddocs.com/fl/sdhc/Board.nsf/Download-AgendaDetailed?open&id=DCYMMX59E629,cached,2429
Hillsborough County Public Schools,2025-07-08,https://go.boarddocs.com/fl/sdhc/Board.nsf/Download-AgendaDetailed?open&id=D9QLSH57EBF3,cached,139848
Hillsborough County Public Schools,2025-07-22,https://go.boarddocs.com/fl/sdhc/Board.nsf/Download-AgendaDetailed?open&id=DCYMM459AD01,cached,2597
Hillsborough County Public Schools,2025-07-29,https://go.boarddocs.com/fl/sdhc/Board.nsf/Download-AgendaDetailed?open&id=D9R48L588589,cached,177651
Hillsborough County Public Schools,2025-08-26,https://go.boarddocs.com/fl/sdhc/Board.nsf/Download-AgendaDetailed?open&id=D9R4A7589B5B,cached,155742
Hillsborough County Public Schools,2025-09-09,https://go.boarddocs.com/fl/sdhc/Board.nsf/Download-AgendaDetailed?open&id=D9R4BX58C693,cached,114392
Hillsborough County Public Schools,2025-09-30,https://go.boarddocs.com/fl/sdhc/Board.nsf/Download-AgendaDetailed?open&id=D9R4AU589DE2,cached,122198
Hillsborough County Public Schools,2025-10-07,https://go.boarddocs.com/fl/sdhc/Board.nsf/Download-AgendaDetailed?open&id=DCYMBC5A44F2,cached,5376
Hillsborough County Public Schools,2025-10-14,https://go.boarddocs.com/fl/sdhc/Board.nsf/Download-AgendaDetailed?open&id=D9R4D658E74F,cached,69401
Hillsborough County Public Schools,2025-10-28,https://go.boarddocs.com/fl/sdhc/Board.nsf/Download-AgendaDetailed?open&id=D9R4DV58EC18,cached,130161
Hillsborough County Public Schools,2025-11-18,https://go.boarddocs.com/fl/sdhc/Board.nsf/Download-AgendaDetailed?open&id=D9R57H6200A5,cached,124411
Hillsborough County Public Schools,2025-12-02,https://go.boarddocs.com/fl/sdhc/Board.nsf/Download-AgendaDetailed?open&id=D9QMUR5CE4D7,cached,20218
Hillsborough County Public Schools,2025-12-09,https://go.boarddocs.com/fl/sdhc/Board.nsf/Download-AgendaDetailed?open&id=D9QMWF5CB954,cached,167495
Hillsborough County Public Schools,2025-12-16,https://go.boarddocs.com/fl/sdhc/Board.nsf/Download-AgendaDetailed?open&id=DCYMLX59A959,cached,1517
Hillsborough County Public Schools,2026-01-27,https://go.boarddocs.com/fl/sdhc/Board.nsf/Download-AgendaDetailed?open&id=DM9K5W50422B,cached,147077
Hillsborough County Public Schools,2026-02-10,https://go.boarddocs.com/fl/sdhc/Board.nsf/Download-AgendaDetailed?open&id=DM9KFF51A77C,cached,68696
Hillsborough County Public Schools,2026-02-24,https://go.boarddocs.com/fl/sdhc/Board.nsf/Download-AgendaDetailed?open&id=DM9KGJ51BC34,cached,96661
Hillsborough County Public Schools,2026-03-10,https://go.boarddocs.com/fl/sdhc/Board.nsf/Download-AgendaDetailed?open&id=DM9KHP51CE65,cached,176189
Hillsborough County Public Schools,2026-03-31,https://go.boarddocs.com/fl/sdhc/Board.nsf/Download-AgendaDetailed?open&id=DNCQNS6A2A9B,cached,2914
Hillsborough County Public Schools,2026-04-07,https://go.boarddocs.com/fl/sdhc/Board.nsf/Download-AgendaDetailed?open&id=DM9KJT51DCB0,cached,202057
Hillsborough County Public Schools,2026-04-21,https://go.boarddocs.com/fl/sdhc/Board.nsf/Download-AgendaDetailed?open&id=DM9KRZ52C79D,cached,42501
Hillsborough County Public Schools,2026-04-28,https://go.boarddocs.com/fl/sdhc/Board.nsf/Download-AgendaDetailed?open&id=DM9KSX52DBD0,cached,29120
Hillsborough County Public Schools,2026-05-05,https://go.boarddocs.com/fl/sdhc/Board.nsf/Download-AgendaDetailed?open&id=DMHNHM600956,cached,157998
Hillsborough County Public Schools,2026-05-12,https://go.boarddocs.com/fl/sdhc/Board.nsf/Download-AgendaDetailed?open&id=DMHNJH6028D3,cached,33366
Hillsborough County Public Schools,2026-06-02,https://go.boarddocs.com/fl/sdhc/Board.nsf/Download-AgendaDetailed?open&id=DMHNK56041ED,cached,344537
Holmes District School Board,2025-03-11,https://go.boarddocs.com/fl/hdsb/Board.nsf/Download-AgendaDetailed?open&id=DDKTCS76C387,cached,9425
Holmes District School Board,2025-03-25,https://go.boarddocs.com/fl/hdsb/Board.nsf/Download-AgendaDetailed?open&id=DDZSVT74902E,cached,8174
Holmes District School Board,2025-04-08,https://go.boarddocs.com/fl/hdsb/Board.nsf/Download-AgendaDetailed?open&id=DE9TN8782591,cached,11495
Holmes District School Board,2025-04-22,https://go.boarddocs.com/fl/hdsb/Board.nsf/Download-AgendaDetailed?open&id=DEVTMY781C79,cached,8503
Holmes District School Board,2025-05-13,https://go.boarddocs.com/fl/hdsb/Board.nsf/Download-AgendaDetailed?open&id=DFJN5E5E3E01,cached,11544
Holmes District School Board,2025-05-27,https://go.boarddocs.com/fl/hdsb/Board.nsf/Download-AgendaDetailed?open&id=DFRS3U70BE77,cached,12843
Holmes District School Board,2025-06-10,https://go.boarddocs.com/fl/hdsb/Board.nsf/Download-AgendaDetailed?open&id=DGEKUS539BFC,cached,9237
Holmes District School Board,2025-06-24,https://go.boarddocs.com/fl/hdsb/Board.nsf/Download-AgendaDetailed?open&id=DGMRSN6F6B79,cached,10936
Holmes District School Board,2025-07-08,https://go.boarddocs.com/fl/hdsb/Board.nsf/Download-AgendaDetailed?open&id=DH4MCJ5A9907,cached,6913
Holmes District School Board,2025-07-21,https://go.boarddocs.com/fl/hdsb/Board.nsf/Download-AgendaDetailed?open&id=DHPLFZ566CE2,cached,8002
Holmes District School Board,2025-07-28,https://go.boarddocs.com/fl/hdsb/Board.nsf/Download-AgendaDetailed?open&id=DJKJ9Q4C20AD,cached,3398
Holmes District School Board,2025-08-12,https://go.boarddocs.com/fl/hdsb/Board.nsf/Download-AgendaDetailed?open&id=DJDQSG6AB49B,cached,12350
Holmes District School Board,2025-08-26,https://go.boarddocs.com/fl/hdsb/Board.nsf/Download-AgendaDetailed?open&id=DJKKJX522A6A,cached,7028
Holmes District School Board,2025-09-09,https://go.boarddocs.com/fl/hdsb/Board.nsf/Download-AgendaDetailed?open&id=DKJP3E61C458,cached,8746
Holmes District School Board,2025-09-16,https://go.boarddocs.com/fl/hdsb/Board.nsf/Download-AgendaDetailed?open&id=DKJP5P6253BC,cached,10038
Holmes District School Board,2025-10-14,https://go.boarddocs.com/fl/hdsb/Board.nsf/Download-AgendaDetailed?open&id=DL6JY44F63FE,cached,10118
Holmes District School Board,2025-10-28,https://go.boarddocs.com/fl/hdsb/Board.nsf/Download-AgendaDetailed?open&id=DLSP9D6328B3,cached,6316
Holmes District School Board,2025-11-18,https://go.boarddocs.com/fl/hdsb/Board.nsf/Download-AgendaDetailed?open&id=DM8Q2U673F82,cached,7230
Holmes District School Board,2025-12-09,https://go.boarddocs.com/fl/hdsb/Board.nsf/Download-AgendaDetailed?open&id=DMVP9B638125,cached,7597
Holmes District School Board,2026-01-13,https://go.boarddocs.com/fl/hdsb/Board.nsf/Download-AgendaDetailed?open&id=DNJM6V59C450,cached,7388
Holmes District School Board,2026-01-27,https://go.boarddocs.com/fl/hdsb/Board.nsf/Download-AgendaDetailed?open&id=DP7RAV6D1BCF,fetched,7058
Holmes District School Board,2026-02-10,https://go.boarddocs.com/fl/hdsb/Board.nsf/Download-AgendaDetailed?open&id=DQ5PSD6601F4,fetched,6428
Holmes District School Board,2026-02-26,https://go.boarddocs.com/fl/hdsb/Board.nsf/Download-AgendaDetailed?open&id=DQ5PTS6631BC,fetched,6090
Holmes District School Board,2026-03-10,https://go.boarddocs.com/fl/hdsb/Board.nsf/Download-AgendaDetailed?open&id=DQZQG4691C22,fetched,9466
Holmes District School Board,2026-03-31,https://go.boarddocs.com/fl/hdsb/Board.nsf/Download-AgendaDetailed?open&id=DRKQTW6AEB2F,fetched,11005
Holmes District School Board,2026-04-14,https://go.boarddocs.com/fl/hdsb/Board.nsf/Download-AgendaDetailed?open&id=DRMNN760B3B5,fetched,8925
Holmes District School Board,2026-04-28,https://go.boarddocs.com/fl/hdsb/Board.nsf/Download-AgendaDetailed?open&id=DRMNP760CF1D,fetched,8447
Holmes District School Board,2026-05-12,https://go.boarddocs.com/fl/hdsb/Board.nsf/Download-AgendaDetailed?open&id=DSZJYZ4F8988,fetched,10197
Holmes District School Board,2026-05-26,https://go.boarddocs.com/fl/hdsb/Board.nsf/Download-AgendaDetailed?open&id=DSZK454FDC91,fetched,13855
Holmes District School Board,2026-06-09,https://go.boarddocs.com/fl/hdsb/Board.nsf/Download-AgendaDetailed?open&id=DTSQGW68B27E,fetched,9421
Holmes District School Board,2026-06-23,https://go.boarddocs.com/fl/hdsb/Board.nsf/Download-AgendaDetailed?open&id=DU8QDS68D8F5,fetched,6740
Holmes District School Board,2026-07-14,https://go.boarddocs.com/fl/hdsb/Board.nsf/Download-AgendaDetailed?open&id=DUPLZY590E81,fetched,9127
Holmes District School Board,2026-07-20,https://go.boarddocs.com/fl/hdsb/Board.nsf/Download-AgendaDetailed?open&id=DVXRNV6EDE7D,fetched,1997
Holmes District School Board,2026-07-27,https://go.boarddocs.com/fl/hdsb/Board.nsf/Download-AgendaDetailed?open&id=DVDMZH5DAAFB,fetched,9844
Holmes District School Board,2026-08-11,https://go.boarddocs.com/fl/hdsb/Board.nsf/Download-AgendaDetailed?open&id=DVDNFP5FC0D7,fetched,5338
Holmes District School Board,2026-08-25,https://go.boarddocs.com/fl/hdsb/Board.nsf/Download-AgendaDetailed?open&id=DW8JZP4FA424,fetched,7522
School District of Indian River County,2025-03-10,https://go.boarddocs.com/fl/ircs/Board.nsf/Download-AgendaDetailed?open&id=DBLLQR57B321,cached,23626
School District of Indian River County,2025-03-10,https://go.boarddocs.com/fl/ircs/Board.nsf/Download-AgendaDetailed?open&id=DBLLVS587117,cached,2678
School District of Indian River County,2025-03-10,https://go.boarddocs.com/fl/ircs/Board.nsf/Download-AgendaDetailed?open&id=DBLM8E59FC4B,cached,51154
School District of Indian River County,2025-04-14,https://go.boarddocs.com/fl/ircs/Board.nsf/Download-AgendaDetailed?open&id=DBLNPC5DCC37,cached,15679
School District of Indian River County,2025-04-28,https://go.boarddocs.com/fl/ircs/Board.nsf/Download-AgendaDetailed?open&id=DBLNAG5EFCAD,cached,44065
School District of Indian River County,2025-04-28,https://go.boarddocs.com/fl/ircs/Board.nsf/Download-AgendaDetailed?open&id=DBLNAS5EBC09,cached,2741
School District of Indian River County,2025-04-28,https://go.boarddocs.com/fl/ircs/Board.nsf/Download-AgendaDetailed?open&id=DDZSPB730960,cached,3361
School District of Indian River County,2025-05-19,https://go.boarddocs.com/fl/ircs/Board.nsf/Download-AgendaDetailed?open&id=DBLP4L62D101,cached,15612
School District of Indian River County,2025-05-19,https://go.boarddocs.com/fl/ircs/Board.nsf/Download-AgendaDetailed?open&id=DBLP84635372,cached,45506
School District of Indian River County,2025-05-19,https://go.boarddocs.com/fl/ircs/Board.nsf/Download-AgendaDetailed?open&id=DBLPPH656B1C,cached,3129
School District of Indian River County,2025-06-02,https://go.boarddocs.com/fl/ircs/Board.nsf/Download-AgendaDetailed?open&id=DBLPTS6636A4,cached,22022
School District of Indian River County,2025-06-16,https://go.boarddocs.com/fl/ircs/Board.nsf/Download-AgendaDetailed?open&id=DBLQ2S670A79,cached,52985
School District of Indian River County,2025-06-16,https://go.boarddocs.com/fl/ircs/Board.nsf/Download-AgendaDetailed?open&id=DE2K2S4FCCD9,cached,2956
School District of Indian River County,2025-07-15,https://go.boarddocs.com/fl/ircs/Board.nsf/Download-AgendaDetailed?open&id=DBLQXG6A92CE,cached,9071
School District of Indian River County,2025-07-15,https://go.boarddocs.com/fl/ircs/Board.nsf/Download-AgendaDetailed?open&id=DE2KBP505806,cached,2914
School District of Indian River County,2025-07-15,https://go.boarddocs.com/fl/ircs/Board.nsf/Download-AgendaDetailed?open&id=DHTMGA5ADE4E,cached,4571
School District of Indian River County,2025-07-28,https://go.boarddocs.com/fl/ircs/Board.nsf/Download-AgendaDetailed?open&id=DBLQYX6B9C30,cached,20342
School District of Indian River County,2025-07-28,https://go.boarddocs.com/fl/ircs/Board.nsf/Download-AgendaDetailed?open&id=DBLR3V6BED4C,cached,6648
School District of Indian River County,2025-07-28,https://go.boarddocs.com/fl/ircs/Board.nsf/Download-AgendaDetailed?open&id=DBMJLP4DBCB2,cached,47476
School District of Indian River County,2025-07-29,https://go.boarddocs.com/fl/ircs/Board.nsf/Download-AgendaDetailed?open&id=DJWNUP61A80D,cached,7390
School District of Indian River County,2025-08-25,https://go.boarddocs.com/fl/ircs/Board.nsf/Download-AgendaDetailed?open&id=DBMK6N505D56,cached,16378
School District of Indian River County,2025-08-25,https://go.boarddocs.com/fl/ircs/Board.nsf/Download-AgendaDetailed?open&id=DBMKGF51C190,cached,33942
School District of Indian River County,2025-09-09,https://go.boarddocs.com/fl/ircs/Board.nsf/Download-AgendaDetailed?open&id=DBMLHQ568942,cached,11294
School District of Indian River County,2025-09-29,https://go.boarddocs.com/fl/ircs/Board.nsf/Download-AgendaDetailed?open&id=DBMMLV5BD1A5,cached,3024
School District of Indian River County,2025-09-29,https://go.boarddocs.com/fl/ircs/Board.nsf/Download-AgendaDetailed?open&id=DBMMNH5C100C,cached,28854
School District of Indian River County,2025-10-13,https://go.boarddocs.com/fl/ircs/Board.nsf/Download-AgendaDetailed?open&id=DBMNGT5FC97A,cached,7323
School District of Indian River County,2025-10-27,https://go.boarddocs.com/fl/ircs/Board.nsf/Download-AgendaDetailed?open&id=DBMNSN615B98,cached,2867
School District of Indian River County,2025-10-27,https://go.boarddocs.com/fl/ircs/Board.nsf/Download-AgendaDetailed?open&id=DBMNUF619DB7,cached,27052
School District of Indian River County,2025-11-17,https://go.boarddocs.com/fl/ircs/Board.nsf/Download-AgendaDetailed?open&id=DBMPNS657B1D,cached,16647
School District of Indian River County,2025-11-17,https://go.boarddocs.com/fl/ircs/Board.nsf/Download-AgendaDetailed?open&id=DBMRD56D7037,cached,12027
School District of Indian River County,2025-11-17,https://go.boarddocs.com/fl/ircs/Board.nsf/Download-AgendaDetailed?open&id=DBMT4M719732,cached,40226
School District of Indian River County,2025-12-01,https://go.boarddocs.com/fl/ircs/Board.nsf/Download-AgendaDetailed?open&id=DBNKKL52418F,cached,12050
School District of Indian River County,2025-12-01,https://go.boarddocs.com/fl/ircs/Board.nsf/Download-AgendaDetailed?open&id=DBNKSZ52E5C4,cached,3283
School District of Indian River County,2025-12-01,https://go.boarddocs.com/fl/ircs/Board.nsf/Download-AgendaDetailed?open&id=DBNLP25773AC,cached,35282
School District of Indian River County,2025-12-17,https://go.boarddocs.com/fl/ircs/Board.nsf/Download-AgendaDetailed?open&id=DNBSMB7353C5,cached,4892
School District of Indian River County,2026-01-12,https://go.boarddocs.com/fl/ircs/Board.nsf/Download-AgendaDetailed?open&id=DMXJ4D4B58FF,cached,12380
School District of Indian River County,2026-01-26,https://go.boarddocs.com/fl/ircs/Board.nsf/Download-AgendaDetailed?open&id=DMXJAB4B9193,fetched,42202
School District of Indian River County,2026-01-26,https://go.boarddocs.com/fl/ircs/Board.nsf/Download-AgendaDetailed?open&id=DNQQMS69E8E1,fetched,3007
School District of Indian River County,2026-02-02,https://go.boarddocs.com/fl/ircs/Board.nsf/Download-AgendaDetailed?open&id=DNQQDK68D120,fetched,11637
School District of Indian River County,2026-02-23,https://go.boarddocs.com/fl/ircs/Board.nsf/Download-AgendaDetailed?open&id=DNQQWP6B53AC,fetched,3205
School District of Indian River County,2026-02-23,https://go.boarddocs.com/fl/ircs/Board.nsf/Download-AgendaDetailed?open&id=DNQRFB6DC041,fetched,34152
School District of Indian River County,2026-03-16,https://go.boarddocs.com/fl/ircs/Board.nsf/Download-AgendaDetailed?open&id=DNQQGQ694717,fetched,22045
School District of Indian River County,2026-03-16,https://go.boarddocs.com/fl/ircs/Board.nsf/Download-AgendaDetailed?open&id=DNQQYY6BA890,fetched,3117
School District of Indian River County,2026-03-16,https://go.boarddocs.com/fl/ircs/Board.nsf/Download-AgendaDetailed?open&id=DNQRZV707ACE,fetched,43928
School District of Indian River County,2026-04-13,https://go.boarddocs.com/fl/ircs/Board.nsf/Download-AgendaDetailed?open&id=DNQQJK698C08,fetched,21126
School District of Indian River County,2026-04-27,https://go.boarddocs.com/fl/ircs/Board.nsf/Download-AgendaDetailed?open&id=DNQQZQ6BC463,fetched,2452
School District of Indian River County,2026-04-27,https://go.boarddocs.com/fl/ircs/Board.nsf/Download-AgendaDetailed?open&id=DNQS4870D29E,fetched,44395
School District of Indian River County,2026-05-11,https://go.boarddocs.com/fl/ircs/Board.nsf/Download-AgendaDetailed?open&id=DNQQML69FEA3,fetched,7453
School District of Indian River County,2026-05-11,https://go.boarddocs.com/fl/ircs/Board.nsf/Download-AgendaDetailed?open&id=DNQR2H6BD99A,fetched,2762
School District of Indian River County,2026-05-11,https://go.boarddocs.com/fl/ircs/Board.nsf/Download-AgendaDetailed?open&id=DNQS4Q70E52B,fetched,25529
School District of Indian River County,2026-06-01,https://go.boarddocs.com/fl/ircs/Board.nsf/Download-AgendaDetailed?open&id=DNQQV56A2057,fetched,24896
School District of Indian River County,2026-06-01,https://go.boarddocs.com/fl/ircs/Board.nsf/Download-AgendaDetailed?open&id=DNQS737100F1,fetched,55826
School District of Indian River County,2026-07-14,https://go.boarddocs.com/fl/ircs/Board.nsf/Download-AgendaDetailed?open&id=DNQSPP73ABD3,fetched,10360
School District of Indian River County,2026-07-27,https://go.boarddocs.com/fl/ircs/Board.nsf/Download-AgendaDetailed?open&id=DNQQP86A3AA4,fetched,21813
School District of Indian River County,2026-07-27,https://go.boarddocs.com/fl/ircs/Board.nsf/Download-AgendaDetailed?open&id=DNQS75713FBD,fetched,45191
School District of Indian River County,2026-07-27,https://go.boarddocs.com/fl/ircs/Board.nsf/Download-AgendaDetailed?open&id=DNQSTR7437C9,fetched,6288
School District of Indian River County,2026-08-24,https://go.boarddocs.com/fl/ircs/Board.nsf/Download-AgendaDetailed?open&id=DNQQPX6A569C,fetched,18221
School District of Indian River County,2026-08-24,https://go.boarddocs.com/fl/ircs/Board.nsf/Download-AgendaDetailed?open&id=DNQS7N715333,fetched,41246
Jefferson County Schools,2025-04-14,https://go.boarddocs.com/fl/jcsd/Board.nsf/Download-AgendaDetailed?open&id=DFGQSS6AC149,cached,14787
Jefferson County Schools,2025-04-14,https://go.boarddocs.com/fl/jcsd/Board.nsf/Download-AgendaDetailed?open&id=DFGS2Z70A476,cached,2036
Jefferson County Schools,2025-05-12,https://go.boarddocs.com/fl/jcsd/Board.nsf/Download-AgendaDetailed?open&id=DGALQ8579CBC,cached,12078
Jefferson County Schools,2025-06-23,https://go.boarddocs.com/fl/jcsd/Board.nsf/Download-AgendaDetailed?open&id=DHJJA54B9677,cached,18998
Jefferson County Schools,2025-07-14,https://go.boarddocs.com/fl/jcsd/Board.nsf/Download-AgendaDetailed?open&id=DJCLTL581F08,cached,11463
Jefferson County Schools,2025-07-28,https://go.boarddocs.com/fl/jcsd/Board.nsf/Download-AgendaDetailed?open&id=DJSRXW702F33,cached,3480
Jefferson County Schools,2025-08-11,https://go.boarddocs.com/fl/jcsd/Board.nsf/Download-AgendaDetailed?open&id=DK8MZC5DA0C6,cached,13418
Jefferson County Schools,2025-09-15,https://go.boarddocs.com/fl/jcsd/Board.nsf/Download-AgendaDetailed?open&id=DLBMW75D2D40,cached,2479
Jefferson County Schools,2025-09-15,https://go.boarddocs.com/fl/jcsd/Board.nsf/Download-AgendaDetailed?open&id=DLBPU26636D8,cached,15373
Jefferson County Schools,2025-10-13,https://go.boarddocs.com/fl/jcsd/Board.nsf/Download-AgendaDetailed?open&id=DM7JN84DF5DC,fetched,12867
Jefferson County Schools,2025-10-13,https://go.boarddocs.com/fl/jcsd/Board.nsf/Download-AgendaDetailed?open&id=DM7RDR6D87EF,fetched,1336
Jefferson County Schools,2025-11-10,https://go.boarddocs.com/fl/jcsd/Board.nsf/Download-AgendaDetailed?open&id=DN3P2K628511,fetched,7570
Jefferson County Schools,2025-11-10,https://go.boarddocs.com/fl/jcsd/Board.nsf/Download-AgendaDetailed?open&id=DN3PSN660BFA,fetched,13138
Jefferson County Schools,2025-12-08,https://go.boarddocs.com/fl/jcsd/Board.nsf/Download-AgendaDetailed?open&id=DNXL9V5583F1,fetched,9595
Jefferson County Schools,2026-01-12,https://go.boarddocs.com/fl/jcsd/Board.nsf/Download-AgendaDetailed?open&id=DQ2MNQ5C18E5,fetched,12643
Jefferson County Schools,2026-02-09,https://go.boarddocs.com/fl/jcsd/Board.nsf/Download-AgendaDetailed?open&id=DQTNKB5FFB58,fetched,11222
Jefferson County Schools,2026-03-09,https://go.boarddocs.com/fl/jcsd/Board.nsf/Download-AgendaDetailed?open&id=DRSKRG52CB0C,fetched,10640
Jefferson County Schools,2026-04-13,https://go.boarddocs.com/fl/jcsd/Board.nsf/Download-AgendaDetailed?open&id=DSVL2854671A,fetched,12584
Jefferson County Schools,2026-05-11,https://go.boarddocs.com/fl/jcsd/Board.nsf/Download-AgendaDetailed?open&id=DTQS8H7172F9,fetched,13591
Jefferson County Schools,2026-06-08,https://go.boarddocs.com/fl/jcsd/Board.nsf/Download-AgendaDetailed?open&id=DUMLWB5884DB,fetched,14997
Jefferson County Schools,2026-06-08,https://go.boarddocs.com/fl/jcsd/Board.nsf/Download-AgendaDetailed?open&id=DUMTRZ78B39B,fetched,1895
Jefferson County Schools,2026-06-30,https://go.boarddocs.com/fl/jcsd/Board.nsf/Download-AgendaDetailed?open&id=DVALS557E896,fetched,1277
Jefferson County Schools,2026-07-27,https://go.boarddocs.com/fl/jcsd/Board.nsf/Download-AgendaDetailed?open&id=DW5TQU7887A8,fetched,22328
Jefferson County Schools,2026-08-24,https://go.boarddocs.com/fl/jcsd/Board.nsf/Download-AgendaDetailed?open&id=DWZSWH74ACB1,fetched,11325
Lake County Schools,2025-03-24,https://go.boarddocs.com/fla/lake/Board.nsf/Download-AgendaDetailed?open&id=DDYRNG6ECF3A,cached,54836
Lake County Schools,2025-03-24,https://go.boarddocs.com/fla/lake/Board.nsf/Download-AgendaDetailed?open&id=DEHKXH53EE4E,cached,3764
Lake County Schools,2025-04-14,https://go.boarddocs.com/fla/lake/Board.nsf/Download-AgendaDetailed?open&id=DEUK294FB876,cached,71753
Lake County Schools,2025-04-28,https://go.boarddocs.com/fla/lake/Board.nsf/Download-AgendaDetailed?open&id=DFHLWE57100D,cached,50839
Lake County Schools,2025-05-05,https://go.boarddocs.com/fla/lake/Board.nsf/Download-AgendaDetailed?open&id=DFHQMH69FA70,cached,1148
Lake County Schools,2025-05-12,https://go.boarddocs.com/fla/lake/Board.nsf/Download-AgendaDetailed?open&id=DFXPZ566FF07,cached,35604
Lake County Schools,2025-06-09,https://go.boarddocs.com/fla/lake/Board.nsf/Download-AgendaDetailed?open&id=DGDRDM6D8380,cached,84774
Lake County Schools,2025-06-16,https://go.boarddocs.com/fla/lake/Board.nsf/Download-AgendaDetailed?open&id=DGGPFE63F444,cached,1005
Lake County Schools,2025-06-23,https://go.boarddocs.com/fla/lake/Board.nsf/Download-AgendaDetailed?open&id=DH9QQW6A69ED,cached,89072
Lake County Schools,2025-07-14,https://go.boarddocs.com/fla/lake/Board.nsf/Download-AgendaDetailed?open&id=DHQDQW36EA14,cached,46785
Lake County Schools,2025-07-28,https://go.boarddocs.com/fla/lake/Board.nsf/Download-AgendaDetailed?open&id=DJCPYP6675F3,cached,45543
Lake County Schools,2025-07-28,https://go.boarddocs.com/fla/lake/Board.nsf/Download-AgendaDetailed?open&id=DJKMHA5B4CCA,cached,1638
Lake County Schools,2025-08-11,https://go.boarddocs.com/fla/lake/Board.nsf/Download-AgendaDetailed?open&id=DJTDYD380215,cached,32870
Lake County Schools,2025-08-25,https://go.boarddocs.com/fla/lake/Board.nsf/Download-AgendaDetailed?open&id=DK9FBV3E6169,cached,23966
Lake County Schools,2025-09-03,https://go.boarddocs.com/fla/lake/Board.nsf/Download-AgendaDetailed?open&id=DKHPAD63A80C,cached,1295
Lake County Schools,2025-09-08,https://go.boarddocs.com/fla/lake/Board.nsf/Download-AgendaDetailed?open&id=DKPK3L4FEB2B,cached,50896
Lake County Schools,2025-09-08,https://go.boarddocs.com/fla/lake/Board.nsf/Download-AgendaDetailed?open&id=DKQMJC5B6C16,cached,1854
Lake County Schools,2025-09-22,https://go.boarddocs.com/fla/lake/Board.nsf/Download-AgendaDetailed?open&id=DL5F5J3D7451,cached,57408
Lake County Schools,2025-09-30,https://go.boarddocs.com/fla/lake/Board.nsf/Download-AgendaDetailed?open&id=DLLFRK406295,cached,697
Lake County Schools,2025-10-13,https://go.boarddocs.com/fla/lake/Board.nsf/Download-AgendaDetailed?open&id=DLJQVD6B21E0,cached,65799
Lake County Schools,2025-10-27,https://go.boarddocs.com/fla/lake/Board.nsf/Download-AgendaDetailed?open&id=DM7NVH61C6EE,cached,42808
Lake County Schools,2025-11-10,https://go.boarddocs.com/fla/lake/Board.nsf/Download-AgendaDetailed?open&id=DMMPDM641DA0,fetched,27156
Lake County Schools,2025-11-10,https://go.boarddocs.com/fla/lake/Board.nsf/Download-AgendaDetailed?open&id=DMMQH76958D0,fetched,2102
Lake County Schools,2025-12-08,https://go.boarddocs.com/fla/lake/Board.nsf/Download-AgendaDetailed?open&id=DN4FZ6417F92,fetched,38992
Lake County Schools,2025-12-15,https://go.boarddocs.com/fla/lake/Board.nsf/Download-AgendaDetailed?open&id=DN4G7E426AB2,fetched,1497
Lake County Schools,2026-01-12,https://go.boarddocs.com/fla/lake/Board.nsf/Download-AgendaDetailed?open&id=DNXQA76816EC,fetched,56951
Lake County Schools,2026-01-12,https://go.boarddocs.com/fla/lake/Board.nsf/Download-AgendaDetailed?open&id=DP6LMJ573723,fetched,3098
Lake County Schools,2026-01-26,https://go.boarddocs.com/fla/lake/Board.nsf/Download-AgendaDetailed?open&id=DPEMXK5D62A5,fetched,2738
Lake County Schools,2026-01-26,https://go.boarddocs.com/fla/lake/Board.nsf/Download-AgendaDetailed?open&id=DQ2S3L70BB01,fetched,27791
Lake County Schools,2026-02-02,https://go.boarddocs.com/fla/lake/Board.nsf/Download-AgendaDetailed?open&id=DQ6LRY57E1DF,fetched,1350
Lake County Schools,2026-02-09,https://go.boarddocs.com/fla/lake/Board.nsf/Download-AgendaDetailed?open&id=DQDNKF5D8CED,fetched,48205
Lake County Schools,2026-02-23,https://go.boarddocs.com/fla/lake/Board.nsf/Download-AgendaDetailed?open&id=DQWSBV71F19A,fetched,34053
Lake County Schools,2026-03-09,https://go.boarddocs.com/fla/lake/Board.nsf/Download-AgendaDetailed?open&id=DRPJY74F6B6C,fetched,458
Lake County Schools,2026-03-23,https://go.boarddocs.com/fla/lake/Board.nsf/Download-AgendaDetailed?open&id=DRPJKR4D9850,fetched,57104
Lake County Schools,2026-04-13,https://go.boarddocs.com/fla/lake/Board.nsf/Download-AgendaDetailed?open&id=DS5FJT3F657B,fetched,52375
Lake County Schools,2026-04-27,https://go.boarddocs.com/fla/lake/Board.nsf/Download-AgendaDetailed?open&id=DSWHP549652E,fetched,32956
Lake County Schools,2026-05-04,https://go.boarddocs.com/fla/lake/Board.nsf/Download-AgendaDetailed?open&id=DSVHAS479923,fetched,3830
Lake County Schools,2026-05-11,https://go.boarddocs.com/fla/lake/Board.nsf/Download-AgendaDetailed?open&id=DTCGH943DAC9,fetched,49848
Lake County Schools,2026-05-27,https://go.boarddocs.com/fla/lake/Board.nsf/Download-AgendaDetailed?open&id=DU7JMW4DEA2A,fetched,1289
Lake County Schools,2026-06-08,https://go.boarddocs.com/fla/lake/Board.nsf/Download-AgendaDetailed?open&id=DTRQF9691054,fetched,72097
Lake County Schools,2026-06-22,https://go.boarddocs.com/fla/lake/Board.nsf/Download-AgendaDetailed?open&id=DUNGM6446E0D,fetched,88035
Lake County Schools,2026-07-07,https://go.boarddocs.com/fla/lake/Board.nsf/Download-AgendaDetailed?open&id=DVDK8L50A671,fetched,986
Lake County Schools,2026-07-13,https://go.boarddocs.com/fla/lake/Board.nsf/Download-AgendaDetailed?open&id=DV3JK54D81BE,fetched,46887
Lake County Schools,2026-07-27,https://go.boarddocs.com/fla/lake/Board.nsf/Download-AgendaDetailed?open&id=DVQTD876D4A2,fetched,31458
Lake County Schools,2026-07-27,https://go.boarddocs.com/fla/lake/Board.nsf/Download-AgendaDetailed?open&id=DVYHDK4800E0,fetched,1727
Lake County Schools,2026-08-10,https://go.boarddocs.com/fla/lake/Board.nsf/Download-AgendaDetailed?open&id=DW6S4270CBF0,fetched,26035
Lake County Schools,2026-08-19,https://go.boarddocs.com/fla/lake/Board.nsf/Download-AgendaDetailed?open&id=DWVGE44364DD,fetched,1727
Lake County Schools,2026-08-24,https://go.boarddocs.com/fla/lake/Board.nsf/Download-AgendaDetailed?open&id=DWLQVF69A7F9,fetched,30143
Lake County Schools,2026-08-31,https://go.boarddocs.com/fla/lake/Board.nsf/Download-AgendaDetailed?open&id=DX5GPK44C860,fetched,887
School District of Lee County,2025-03-24,https://go.boarddocs.com/fl/lee/Board.nsf/Download-AgendaDetailed?open&id=DERQ7D66D1CD,cached,15147
School District of Lee County,2025-04-08,https://go.boarddocs.com/fl/lee/Board.nsf/Download-AgendaDetailed?open&id=DBCSKC729E55,cached,188323
School District of Lee County,2025-04-08,https://go.boarddocs.com/fl/lee/Board.nsf/Download-AgendaDetailed?open&id=DCPQEC68AAF1,cached,24631
School District of Lee County,2025-04-08,https://go.boarddocs.com/fl/lee/Board.nsf/Download-AgendaDetailed?open&id=DEBK3C4FE210,cached,2480
School District of Lee County,2025-04-08,https://go.boarddocs.com/fl/lee/Board.nsf/Download-AgendaDetailed?open&id=DFAP3W622739,cached,13664
School District of Lee County,2025-05-06,https://go.boarddocs.com/fl/lee/Board.nsf/Download-AgendaDetailed?open&id=DBCSLU729FBF,cached,194089
School District of Lee County,2025-05-06,https://go.boarddocs.com/fl/lee/Board.nsf/Download-AgendaDetailed?open&id=DCPQDQ68A914,cached,33825
School District of Lee County,2025-05-06,https://go.boarddocs.com/fl/lee/Board.nsf/Download-AgendaDetailed?open&id=DG6MLF5BC283,cached,2526
School District of Lee County,2025-06-03,https://go.boarddocs.com/fl/lee/Board.nsf/Download-AgendaDetailed?open&id=DBCSGC729984,cached,192220
School District of Lee County,2025-06-03,https://go.boarddocs.com/fl/lee/Board.nsf/Download-AgendaDetailed?open&id=DCPQD2689B9D,cached,19911
School District of Lee County,2025-06-03,https://go.boarddocs.com/fl/lee/Board.nsf/Download-AgendaDetailed?open&id=DGUJ824BE10A,cached,24064
School District of Lee County,2025-07-29,https://go.boarddocs.com/fl/lee/Board.nsf/Download-AgendaDetailed?open&id=DCPQCH6898D6,cached,19094
School District of Lee County,2025-07-29,https://go.boarddocs.com/fl/lee/Board.nsf/Download-AgendaDetailed?open&id=DCPRL66E74B9,cached,191860
School District of Lee County,2025-07-29,https://go.boarddocs.com/fl/lee/Board.nsf/Download-AgendaDetailed?open&id=DGVQRC6A7AA0,cached,22447
School District of Lee County,2025-07-29,https://go.boarddocs.com/fl/lee/Board.nsf/Download-AgendaDetailed?open&id=DGVQSK6A9902,cached,3603
School District of Lee County,2025-08-05,https://go.boarddocs.com/fl/lee/Board.nsf/Download-AgendaDetailed?open&id=DCPRFR6DD32E,cached,17081
School District of Lee County,2025-08-05,https://go.boarddocs.com/fl/lee/Board.nsf/Download-AgendaDetailed?open&id=DCPRR76E9084,cached,97460
School District of Lee County,2025-09-05,https://go.boarddocs.com/fl/lee/Board.nsf/Download-AgendaDetailed?open&id=DKZQLJ69D6B9,cached,2157
School District of Lee County,2025-09-09,https://go.boarddocs.com/fl/lee/Board.nsf/Download-AgendaDetailed?open&id=DCPRJ26DF357,cached,25915
School District of Lee County,2025-09-09,https://go.boarddocs.com/fl/lee/Board.nsf/Download-AgendaDetailed?open&id=DCPRLM6E8830,cached,150173
School District of Lee County,2025-09-09,https://go.boarddocs.com/fl/lee/Board.nsf/Download-AgendaDetailed?open&id=DKHHTJ48DD70,cached,22245
School District of Lee County,2025-10-07,https://go.boarddocs.com/fl/lee/Board.nsf/Download-AgendaDetailed?open&id=DCPRHH6DF167,fetched,26746
School District of Lee County,2025-10-07,https://go.boarddocs.com/fl/lee/Board.nsf/Download-AgendaDetailed?open&id=DCPRPP6E8D4B,fetched,175265
School District of Lee County,2025-11-04,https://go.boarddocs.com/fl/lee/Board.nsf/Download-AgendaDetailed?open&id=DCPRGY6DEF50,fetched,21397
School District of Lee County,2025-11-04,https://go.boarddocs.com/fl/lee/Board.nsf/Download-AgendaDetailed?open&id=DCPRTY6EFB1A,fetched,176350
School District of Lee County,2025-11-04,https://go.boarddocs.com/fl/lee/Board.nsf/Download-AgendaDetailed?open&id=DLCLPM577960,fetched,6936
School District of Lee County,2025-12-01,https://go.boarddocs.com/fl/lee/Board.nsf/Download-AgendaDetailed?open&id=DCPRGF6DED53,fetched,20489
School District of Lee County,2025-12-01,https://go.boarddocs.com/fl/lee/Board.nsf/Download-AgendaDetailed?open&id=DKWQWR6B55F4,fetched,174861
School District of Lee County,2025-12-01,https://go.boarddocs.com/fl/lee/Board.nsf/Download-AgendaDetailed?open&id=DNCTZD79C7F8,fetched,14049
School District of Lee County,2026-01-13,https://go.boarddocs.com/fl/lee/Board.nsf/Download-AgendaDetailed?open&id=DNEQH46955D0,fetched,20550
School District of Lee County,2026-01-13,https://go.boarddocs.com/fl/lee/Board.nsf/Download-AgendaDetailed?open&id=DNEQN469DE43,fetched,142462
School District of Lee County,2026-01-23,https://go.boarddocs.com/fl/lee/Board.nsf/Download-AgendaDetailed?open&id=DPFQ45676EDA,fetched,21007
School District of Lee County,2026-02-10,https://go.boarddocs.com/fl/lee/Board.nsf/Download-AgendaDetailed?open&id=DQ25YB128069,fetched,112950
School District of Lee County,2026-02-10,https://go.boarddocs.com/fl/lee/Board.nsf/Download-AgendaDetailed?open&id=DQ25ZU1287F3,fetched,22170
School District of Lee County,2026-03-10,https://go.boarddocs.com/fl/lee/Board.nsf/Download-AgendaDetailed?open&id=DQDKFF51A686,fetched,149240
School District of Lee County,2026-03-10,https://go.boarddocs.com/fl/lee/Board.nsf/Download-AgendaDetailed?open&id=DQDKH451AEF9,fetched,23643
School District of Lee County,2026-04-01,https://go.boarddocs.com/fl/lee/Board.nsf/Download-AgendaDetailed?open&id=DSNHKX48F00E,fetched,16135
School District of Lee County,2026-04-01,https://go.boarddocs.com/fl/lee/Board.nsf/Download-AgendaDetailed?open&id=DSNHLT48F571,fetched,2127
School District of Lee County,2026-04-14,https://go.boarddocs.com/fl/lee/Board.nsf/Download-AgendaDetailed?open&id=DRCK7V4F07D6,fetched,165104
School District of Lee County,2026-04-14,https://go.boarddocs.com/fl/lee/Board.nsf/Download-AgendaDetailed?open&id=DRCKBW4F1650,fetched,25262
School District of Lee County,2026-05-12,https://go.boarddocs.com/fl/lee/Board.nsf/Download-AgendaDetailed?open&id=DRCK6C4F0656,fetched,248608
School District of Lee County,2026-05-12,https://go.boarddocs.com/fl/lee/Board.nsf/Download-AgendaDetailed?open&id=DRCKCF4F186F,fetched,27645
School District of Lee County,2026-05-12,https://go.boarddocs.com/fl/lee/Board.nsf/Download-AgendaDetailed?open&id=DTKPR364DC3C,fetched,6859
School District of Lee County,2026-06-09,https://go.boarddocs.com/fl/lee/Board.nsf/Download-AgendaDetailed?open&id=DRCKCY4F1B08,fetched,19580
School District of Lee County,2026-06-09,https://go.boarddocs.com/fl/lee/Board.nsf/Download-AgendaDetailed?open&id=DTLPT7660C9D,fetched,186577
School District of Lee County,2026-06-09,https://go.boarddocs.com/fl/lee/Board.nsf/Download-AgendaDetailed?open&id=DTLQJJ698B20,fetched,20275
School District of Lee County,2026-06-09,https://go.boarddocs.com/fl/lee/Board.nsf/Download-AgendaDetailed?open&id=DU7RYJ704833,fetched,2013
School District of Lee County,2026-07-21,https://go.boarddocs.com/fl/lee/Board.nsf/Download-AgendaDetailed?open&id=DRCJY84EFF66,fetched,226486
School District of Lee County,2026-07-21,https://go.boarddocs.com/fl/lee/Board.nsf/Download-AgendaDetailed?open&id=DRCKDH4F1CF0,fetched,20295
School District of Lee County,2026-08-03,https://go.boarddocs.com/fl/lee/Board.nsf/Download-AgendaDetailed?open&id=DRCK3A4F0347,fetched,66516
School District of Lee County,2026-08-03,https://go.boarddocs.com/fl/lee/Board.nsf/Download-AgendaDetailed?open&id=DRCKE24F1EB2,fetched,18786
School District of Lee County,2026-08-03,https://go.boarddocs.com/fl/lee/Board.nsf/Download-AgendaDetailed?open&id=DW2QKP69B5FB,fetched,24968
Leon County Schools,2025-03-24,https://go.boarddocs.com/fla/leon/Board.nsf/Download-AgendaDetailed?open&id=DEULYC58D1D4,cached,5948
Leon County Schools,2025-03-25,https://go.boarddocs.com/fla/leon/Board.nsf/Download-AgendaDetailed?open&id=DDRJRZ4E7E96,cached,113951
Leon County Schools,2025-04-07,https://go.boarddocs.com/fla/leon/Board.nsf/Download-AgendaDetailed?open&id=DF9KSZ535912,cached,4359
Leon County Schools,2025-04-08,https://go.boarddocs.com/fla/leon/Board.nsf/Download-AgendaDetailed?open&id=DE3J4Q4B655B,cached,53201
Leon County Schools,2025-04-21,https://go.boarddocs.com/fla/leon/Board.nsf/Download-AgendaDetailed?open&id=DFPKUY53A2A6,cached,6675
Leon County Schools,2025-04-22,https://go.boarddocs.com/fla/leon/Board.nsf/Download-AgendaDetailed?open&id=DEVG2V41BFE8,cached,44814
Leon County Schools,2025-05-12,https://go.boarddocs.com/fla/leon/Board.nsf/Download-AgendaDetailed?open&id=DGCH6P46FF5D,cached,3138
Leon County Schools,2025-05-13,https://go.boarddocs.com/fla/leon/Board.nsf/Download-AgendaDetailed?open&id=DEVGB542F434,cached,65012
Leon County Schools,2025-05-27,https://go.boarddocs.com/fla/leon/Board.nsf/Download-AgendaDetailed?open&id=DEVGC5431B7C,cached,82962
Leon County Schools,2025-06-16,https://go.boarddocs.com/fla/leon/Board.nsf/Download-AgendaDetailed?open&id=DHDTXL73DAE7,cached,5721
Leon County Schools,2025-06-17,https://go.boarddocs.com/fla/leon/Board.nsf/Download-AgendaDetailed?open&id=DGLFYC41497E,cached,90403
Leon County Schools,2025-07-07,https://go.boarddocs.com/fla/leon/Board.nsf/Download-AgendaDetailed?open&id=DJ2HQS49A5C1,cached,2248
Leon County Schools,2025-07-08,https://go.boarddocs.com/fla/leon/Board.nsf/Download-AgendaDetailed?open&id=DGLFYK416A16,cached,60492
Leon County Schools,2025-07-28,https://go.boarddocs.com/fla/leon/Board.nsf/Download-AgendaDetailed?open&id=DJRKHX5204B2,cached,3317
Leon County Schools,2025-07-29,https://go.boarddocs.com/fla/leon/Board.nsf/Download-AgendaDetailed?open&id=DHJPHH616AFA,cached,74384
Leon County Schools,2025-08-11,https://go.boarddocs.com/fla/leon/Board.nsf/Download-AgendaDetailed?open&id=DK8GSK4520D2,cached,3950
Leon County Schools,2025-08-12,https://go.boarddocs.com/fla/leon/Board.nsf/Download-AgendaDetailed?open&id=DJ2HT549DEF6,cached,41196
Leon County Schools,2025-08-25,https://go.boarddocs.com/fla/leon/Board.nsf/Download-AgendaDetailed?open&id=DKMLBU55D097,cached,3007
Leon County Schools,2025-08-26,https://go.boarddocs.com/fla/leon/Board.nsf/Download-AgendaDetailed?open&id=DJ2HVT4A18F6,cached,28469
Leon County Schools,2025-09-08,https://go.boarddocs.com/fla/leon/Board.nsf/Download-AgendaDetailed?open&id=DL3KPQ52DDA5,cached,3358
Leon County Schools,2025-09-09,https://go.boarddocs.com/fla/leon/Board.nsf/Download-AgendaDetailed?open&id=DKAFKC3F79DF,cached,48860
Leon County Schools,2025-09-22,https://go.boarddocs.com/fla/leon/Board.nsf/Download-AgendaDetailed?open&id=DLHGA942D54E,cached,3137
Leon County Schools,2025-09-23,https://go.boarddocs.com/fla/leon/Board.nsf/Download-AgendaDetailed?open&id=DKAFLH3F8746,cached,49637
Leon County Schools,2025-10-13,https://go.boarddocs.com/fla/leon/Board.nsf/Download-AgendaDetailed?open&id=DLXRF26DB7B9,cached,9779
Leon County Schools,2025-10-14,https://go.boarddocs.com/fla/leon/Board.nsf/Download-AgendaDetailed?open&id=DKAG9542AA92,cached,42537
Leon County Schools,2025-10-27,https://go.boarddocs.com/fla/leon/Board.nsf/Download-AgendaDetailed?open&id=DMFNLY6068E2,cached,5061
Leon County Schools,2025-10-28,https://go.boarddocs.com/fla/leon/Board.nsf/Download-AgendaDetailed?open&id=DLNP8H632616,cached,52905
Leon County Schools,2025-11-17,https://go.boarddocs.com/fla/leon/Board.nsf/Download-AgendaDetailed?open&id=DN6PQ965B190,cached,5497
Leon County Schools,2025-11-18,https://go.boarddocs.com/fla/leon/Board.nsf/Download-AgendaDetailed?open&id=DLSK9X50C76E,cached,72533
Leon County Schools,2025-12-08,https://go.boarddocs.com/fla/leon/Board.nsf/Download-AgendaDetailed?open&id=DNXJCV4C973B,cached,3245
Leon County Schools,2025-12-09,https://go.boarddocs.com/fla/leon/Board.nsf/Download-AgendaDetailed?open&id=DMWKUW53A0C2,cached,60725
Leon County Schools,2026-01-12,https://go.boarddocs.com/fla/leon/Board.nsf/Download-AgendaDetailed?open&id=DPVHF8483FA0,cached,5370
Leon County Schools,2026-01-13,https://go.boarddocs.com/fla/leon/Board.nsf/Download-AgendaDetailed?open&id=DNJHML492323,cached,56921
Leon County Schools,2026-01-26,https://go.boarddocs.com/fla/leon/Board.nsf/Download-AgendaDetailed?open&id=DQ2PW36689DB,cached,4032
Leon County Schools,2026-01-26,https://go.boarddocs.com/fla/leon/Board.nsf/Download-AgendaDetailed?open&id=DQGRBJ6D3539,cached,3145
Leon County Schools,2026-01-27,https://go.boarddocs.com/fla/leon/Board.nsf/Download-AgendaDetailed?open&id=DP2LHJ569BF9,cached,55502
Leon County Schools,2026-02-09,https://go.boarddocs.com/fla/leon/Board.nsf/Download-AgendaDetailed?open&id=DQTSPF73A33C,cached,2634
Leon County Schools,2026-02-10,https://go.boarddocs.com/fla/leon/Board.nsf/Download-AgendaDetailed?open&id=DQGJTD4EB72C,cached,38547
Leon County Schools,2026-02-23,https://go.boarddocs.com/fla/leon/Board.nsf/Download-AgendaDetailed?open&id=DRBHWP4A833C,cached,2532
Leon County Schools,2026-02-24,https://go.boarddocs.com/fla/leon/Board.nsf/Download-AgendaDetailed?open&id=DQGJUQ4EE04E,cached,60314
Leon County Schools,2026-03-09,https://go.boarddocs.com/fla/leon/Board.nsf/Download-AgendaDetailed?open&id=DRRKUM5395DC,fetched,4581
Leon County Schools,2026-03-10,https://go.boarddocs.com/fla/leon/Board.nsf/Download-AgendaDetailed?open&id=DQYKK4522EE4,fetched,51069
Leon County Schools,2026-03-23,https://go.boarddocs.com/fla/leon/Board.nsf/Download-AgendaDetailed?open&id=DS4PTG662B02,fetched,3624
Leon County Schools,2026-03-24,https://go.boarddocs.com/fla/leon/Board.nsf/Download-AgendaDetailed?open&id=DQYKLJ525D7A,fetched,49612
Leon County Schools,2026-04-13,https://go.boarddocs.com/fla/leon/Board.nsf/Download-AgendaDetailed?open&id=DSTK994652D0,fetched,6026
Leon County Schools,2026-04-14,https://go.boarddocs.com/fla/leon/Board.nsf/Download-AgendaDetailed?open&id=DRTR3Y6C1952,fetched,60337
Leon County Schools,2026-04-27,https://go.boarddocs.com/fla/leon/Board.nsf/Download-AgendaDetailed?open&id=DTAH72470C1F,fetched,2318
Leon County Schools,2026-04-28,https://go.boarddocs.com/fla/leon/Board.nsf/Download-AgendaDetailed?open&id=DRTR4X6C3D35,fetched,69547
Leon County Schools,2026-05-11,https://go.boarddocs.com/fla/leon/Board.nsf/Download-AgendaDetailed?open&id=DTPFNL3FF3B5,fetched,6437
Leon County Schools,2026-05-12,https://go.boarddocs.com/fla/leon/Board.nsf/Download-AgendaDetailed?open&id=DSWPYN66ECBF,fetched,83708
Leon County Schools,2026-05-26,https://go.boarddocs.com/fla/leon/Board.nsf/Download-AgendaDetailed?open&id=DSWPZZ6714EC,fetched,85930
Leon County Schools,2026-06-15,https://go.boarddocs.com/fla/leon/Board.nsf/Download-AgendaDetailed?open&id=DUSQC8689E56,fetched,5993
Leon County Schools,2026-06-16,https://go.boarddocs.com/fla/leon/Board.nsf/Download-AgendaDetailed?open&id=DTSRKQ6C40EE,fetched,88655
Leon County Schools,2026-07-13,https://go.boarddocs.com/fla/leon/Board.nsf/Download-AgendaDetailed?open&id=DVHGDX435EBD,fetched,6407
Leon County Schools,2026-07-14,https://go.boarddocs.com/fla/leon/Board.nsf/Download-AgendaDetailed?open&id=DU9FJT3F6433,fetched,69266
Leon County Schools,2026-07-27,https://go.boarddocs.com/fla/leon/Board.nsf/Download-AgendaDetailed?open&id=DW5H7F471B48,fetched,4840
Leon County Schools,2026-07-28,https://go.boarddocs.com/fla/leon/Board.nsf/Download-AgendaDetailed?open&id=DU9FL63F8152,fetched,51538
Leon County Schools,2026-08-10,https://go.boarddocs.com/fla/leon/Board.nsf/Download-AgendaDetailed?open&id=DWHNA75EF2BA,fetched,4716
Leon County Schools,2026-08-11,https://go.boarddocs.com/fla/leon/Board.nsf/Download-AgendaDetailed?open&id=DVRG78426315,fetched,49451
Leon County Schools,2026-08-24,https://go.boarddocs.com/fla/leon/Board.nsf/Download-AgendaDetailed?open&id=DWZQZK6BBE6C,fetched,4303
Leon County Schools,2026-08-25,https://go.boarddocs.com/fla/leon/Board.nsf/Download-AgendaDetailed?open&id=DVRG8H42849E,fetched,46491
School Board of Levy County,2025-03-11,https://go.boarddocs.com/fl/levyk12/Board.nsf/Download-AgendaDetailed?open&id=D9QQDC68A71C,fetched,13654
School Board of Levy County,2025-03-11,https://go.boarddocs.com/fl/levyk12/Board.nsf/Download-AgendaDetailed?open&id=DE7LHV56B321,fetched,2545
School Board of Levy County,2025-03-25,https://go.boarddocs.com/fl/levyk12/Board.nsf/Download-AgendaDetailed?open&id=D9QQ9Z67FE32,fetched,3776
School Board of Levy County,2025-03-25,https://go.boarddocs.com/fl/levyk12/Board.nsf/Download-AgendaDetailed?open&id=DARRDC6D792F,fetched,11016
School Board of Levy County,2025-04-08,https://go.boarddocs.com/fl/levyk12/Board.nsf/Download-AgendaDetailed?open&id=D9QQE568A8BB,fetched,13627
School Board of Levy County,2025-04-08,https://go.boarddocs.com/fl/levyk12/Board.nsf/Download-AgendaDetailed?open&id=DF3HHT48A058,fetched,3857
School Board of Levy County,2025-04-22,https://go.boarddocs.com/fl/levyk12/Board.nsf/Download-AgendaDetailed?open&id=D9QQAH685EBE,fetched,2568
School Board of Levy County,2025-04-22,https://go.boarddocs.com/fl/levyk12/Board.nsf/Download-AgendaDetailed?open&id=DARRFE6DC679,fetched,13648
School Board of Levy County,2025-05-13,https://go.boarddocs.com/fl/levyk12/Board.nsf/Download-AgendaDetailed?open&id=D9QQEW68AAAE,fetched,18815
School Board of Levy County,2025-05-13,https://go.boarddocs.com/fl/levyk12/Board.nsf/Download-AgendaDetailed?open&id=DF3HJP48C1C1,fetched,3012
School Board of Levy County,2025-05-27,https://go.boarddocs.com/fl/levyk12/Board.nsf/Download-AgendaDetailed?open&id=D9QQBA687016,fetched,4210
School Board of Levy County,2025-05-27,https://go.boarddocs.com/fl/levyk12/Board.nsf/Download-AgendaDetailed?open&id=DF3HMQ4928C3,fetched,18686
School Board of Levy County,2025-06-10,https://go.boarddocs.com/fl/levyk12/Board.nsf/Download-AgendaDetailed?open&id=DDDKVU53C3F9,fetched,50473
School Board of Levy County,2025-06-10,https://go.boarddocs.com/fl/levyk12/Board.nsf/Download-AgendaDetailed?open&id=DF3HJU48C330,fetched,4718
School Board of Levy County,2025-06-10,https://go.boarddocs.com/fl/levyk12/Board.nsf/Download-AgendaDetailed?open&id=DH3JKV4D9DFF,fetched,90
School Board of Levy County,2025-06-24,https://go.boarddocs.com/fl/levyk12/Board.nsf/Download-AgendaDetailed?open&id=D9QQBZ6887BA,fetched,9020
School Board of Levy County,2025-06-24,https://go.boarddocs.com/fl/levyk12/Board.nsf/Download-AgendaDetailed?open&id=DF3HUK4A336A,fetched,14944
School Board of Levy County,2025-07-08,https://go.boarddocs.com/fl/levyk12/Board.nsf/Download-AgendaDetailed?open&id=D9QQHN68F800,fetched,10756
School Board of Levy County,2025-07-08,https://go.boarddocs.com/fl/levyk12/Board.nsf/Download-AgendaDetailed?open&id=DF3HLA48FD2B,fetched,2892
School Board of Levy County,2025-07-22,https://go.boarddocs.com/fl/levyk12/Board.nsf/Download-AgendaDetailed?open&id=DF3HS949DD48,fetched,12928
School Board of Levy County,2025-07-22,https://go.boarddocs.com/fl/levyk12/Board.nsf/Download-AgendaDetailed?open&id=DF3HT449ED21,fetched,4271
School Board of Levy County,2025-07-31,https://go.boarddocs.com/fl/levyk12/Board.nsf/Download-AgendaDetailed?open&id=DF3HTJ4A0D33,fetched,6662
School Board of Levy County,2025-07-31,https://go.boarddocs.com/fl/levyk12/Board.nsf/Download-AgendaDetailed?open&id=DF3HTP4A0FEF,fetched,15300
School Board of Levy County,2025-08-12,https://go.boarddocs.com/fl/levyk12/Board.nsf/Download-AgendaDetailed?open&id=D9QQJF68FACE,fetched,11156
School Board of Levy County,2025-08-12,https://go.boarddocs.com/fl/levyk12/Board.nsf/Download-AgendaDetailed?open&id=DF3HRF49BDCE,fetched,3853
School Board of Levy County,2025-08-26,https://go.boarddocs.com/fl/levyk12/Board.nsf/Download-AgendaDetailed?open&id=DF3HWE4A7915,fetched,9917
School Board of Levy County,2025-08-26,https://go.boarddocs.com/fl/levyk12/Board.nsf/Download-AgendaDetailed?open&id=DF3HWK4A7B26,fetched,15323
School Board of Levy County,2025-09-11,https://go.boarddocs.com/fl/levyk12/Board.nsf/Download-AgendaDetailed?open&id=D9QQK868FC91,fetched,9873
School Board of Levy County,2025-09-11,https://go.boarddocs.com/fl/levyk12/Board.nsf/Download-AgendaDetailed?open&id=DF3HQX49AB76,fetched,25713
School Board of Levy County,2025-09-23,https://go.boarddocs.com/fl/levyk12/Board.nsf/Download-AgendaDetailed?open&id=DF3HLT491091,fetched,13445
School Board of Levy County,2025-09-23,https://go.boarddocs.com/fl/levyk12/Board.nsf/Download-AgendaDetailed?open&id=DF3HW34A6B66,fetched,4266
Liberty County School District,2025-03-11,https://go.boarddocs.com/fl/lcsbfl/Board.nsf/Download-AgendaDetailed?open&id=CRMRN9663ACD,cached,10159
Liberty County School District,2025-03-11,https://go.boarddocs.com/fl/lcsbfl/Board.nsf/Download-AgendaDetailed?open&id=DDUKF8519C71,cached,924
Liberty County School District,2025-04-08,https://go.boarddocs.com/fl/lcsbfl/Board.nsf/Download-AgendaDetailed?open&id=CRMRQ3663CA4,cached,19076
Liberty County School District,2025-04-08,https://go.boarddocs.com/fl/lcsbfl/Board.nsf/Download-AgendaDetailed?open&id=DFBRDN6D84F4,cached,920
Liberty County School District,2025-05-13,https://go.boarddocs.com/fl/lcsbfl/Board.nsf/Download-AgendaDetailed?open&id=CRMRRV663E39,cached,15369
Liberty County School District,2025-05-27,https://go.boarddocs.com/fl/lcsbfl/Board.nsf/Download-AgendaDetailed?open&id=DGUNJT6035CB,cached,3661
Liberty County School District,2025-06-10,https://go.boarddocs.com/fl/lcsbfl/Board.nsf/Download-AgendaDetailed?open&id=CRMRTP664020,cached,16315
Liberty County School District,2025-06-30,https://go.boarddocs.com/fl/lcsbfl/Board.nsf/Download-AgendaDetailed?open&id=DH9NKV605572,cached,11082
Liberty County School District,2025-06-30,https://go.boarddocs.com/fl/lcsbfl/Board.nsf/Download-AgendaDetailed?open&id=DHWLEZ5646AC,cached,1382
Liberty County School District,2025-07-08,https://go.boarddocs.com/fl/lcsbfl/Board.nsf/Download-AgendaDetailed?open&id=DCSR9V6CF139,cached,8729
Liberty County School District,2025-07-22,https://go.boarddocs.com/fl/lcsbfl/Board.nsf/Download-AgendaDetailed?open&id=DJLS4Y70EEB1,cached,4445
Liberty County School District,2025-07-28,https://go.boarddocs.com/fl/lcsbfl/Board.nsf/Download-AgendaDetailed?open&id=DHBPFR646D2D,cached,4116
Liberty County School District,2025-07-28,https://go.boarddocs.com/fl/lcsbfl/Board.nsf/Download-AgendaDetailed?open&id=DJCPYK64EC77,cached,9806
Liberty County School District,2025-08-12,https://go.boarddocs.com/fl/lcsbfl/Board.nsf/Download-AgendaDetailed?open&id=DCSRA66CFDF1,cached,11641
Liberty County School District,2025-08-12,https://go.boarddocs.com/fl/lcsbfl/Board.nsf/Download-AgendaDetailed?open&id=DKFQH2695300,cached,920
Liberty County School District,2025-09-09,https://go.boarddocs.com/fl/lcsbfl/Board.nsf/Download-AgendaDetailed?open&id=DCSRC26D00F1,cached,13793
Liberty County School District,2025-09-18,https://go.boarddocs.com/fl/lcsbfl/Board.nsf/Download-AgendaDetailed?open&id=DHBPFS647279,cached,3314
Liberty County School District,2025-09-18,https://go.boarddocs.com/fl/lcsbfl/Board.nsf/Download-AgendaDetailed?open&id=DL7Q9Y6849B1,cached,8939
Liberty County School District,2025-10-14,https://go.boarddocs.com/fl/lcsbfl/Board.nsf/Download-AgendaDetailed?open&id=DCSRDU6D0452,cached,14120
Liberty County School District,2025-11-13,https://go.boarddocs.com/fl/lcsbfl/Board.nsf/Download-AgendaDetailed?open&id=DCSRC56D08F6,cached,10330
Liberty County School District,2025-11-13,https://go.boarddocs.com/fl/lcsbfl/Board.nsf/Download-AgendaDetailed?open&id=DCSRLL6D5ED5,cached,4090
Liberty County School District,2025-12-09,https://go.boarddocs.com/fl/lcsbfl/Board.nsf/Download-AgendaDetailed?open&id=DCSRFS6D0D16,fetched,7797
Liberty County School District,2025-12-09,https://go.boarddocs.com/fl/lcsbfl/Board.nsf/Download-AgendaDetailed?open&id=DNXN5A5E3A38,fetched,1097
Liberty County School District,2026-01-13,https://go.boarddocs.com/fl/lcsbfl/Board.nsf/Download-AgendaDetailed?open&id=DLKKLA525BB3,fetched,8382
Liberty County School District,2026-01-22,https://go.boarddocs.com/fl/lcsbfl/Board.nsf/Download-AgendaDetailed?open&id=DQHKZ6543F37,fetched,3438
Liberty County School District,2026-02-10,https://go.boarddocs.com/fl/lcsbfl/Board.nsf/Download-AgendaDetailed?open&id=DLKKN7525F7A,fetched,11778
Liberty County School District,2026-03-02,https://go.boarddocs.com/fl/lcsbfl/Board.nsf/Download-AgendaDetailed?open&id=DRGNJR60336E,fetched,1199
Liberty County School District,2026-03-10,https://go.boarddocs.com/fl/lcsbfl/Board.nsf/Download-AgendaDetailed?open&id=DLKKQ252621B,fetched,10706
Liberty County School District,2026-03-10,https://go.boarddocs.com/fl/lcsbfl/Board.nsf/Download-AgendaDetailed?open&id=DRVK5E502F3E,fetched,999
Liberty County School District,2026-03-18,https://go.boarddocs.com/fl/lcsbfl/Board.nsf/Download-AgendaDetailed?open&id=DS3U286FB51B,fetched,1066
Liberty County School District,2026-04-14,https://go.boarddocs.com/fl/lcsbfl/Board.nsf/Download-AgendaDetailed?open&id=DLKKRV526459,fetched,13416
Liberty County School District,2026-04-30,https://go.boarddocs.com/fl/lcsbfl/Board.nsf/Download-AgendaDetailed?open&id=DTEGYK461922,fetched,6293
Liberty County School District,2026-05-12,https://go.boarddocs.com/fl/lcsbfl/Board.nsf/Download-AgendaDetailed?open&id=DLKKTQ526681,fetched,17001
Liberty County School District,2026-05-29,https://go.boarddocs.com/fl/lcsbfl/Board.nsf/Download-AgendaDetailed?open&id=DTUH4E4638B7,fetched,5691
Liberty County School District,2026-06-16,https://go.boarddocs.com/fl/lcsbfl/Board.nsf/Download-AgendaDetailed?open&id=DLKKVK526882,fetched,21711
Liberty County School District,2026-06-29,https://go.boarddocs.com/fl/lcsbfl/Board.nsf/Download-AgendaDetailed?open&id=DV5HKA48D740,fetched,7987
Liberty County School District,2026-07-14,https://go.boarddocs.com/fl/lcsbfl/Board.nsf/Download-AgendaDetailed?open&id=DTEL6H550695,fetched,8701
Liberty County School District,2026-07-27,https://go.boarddocs.com/fl/lcsbfl/Board.nsf/Download-AgendaDetailed?open&id=DUFHQF4996F7,fetched,4125
Liberty County School District,2026-07-30,https://go.boarddocs.com/fl/lcsbfl/Board.nsf/Download-AgendaDetailed?open&id=DW7SD2721D8F,fetched,1232
Liberty County School District,2026-08-03,https://go.boarddocs.com/fl/lcsbfl/Board.nsf/Download-AgendaDetailed?open&id=DW7SDE72254C,fetched,8498
Liberty County School District,2026-08-11,https://go.boarddocs.com/fl/lcsbfl/Board.nsf/Download-AgendaDetailed?open&id=DTEL89550C62,fetched,11319
Liberty County School District,2026-08-31,https://go.boarddocs.com/fl/lcsbfl/Board.nsf/Download-AgendaDetailed?open&id=DWXHNE494CA4,fetched,1118
Madison County School District,2025-03-17,https://go.boarddocs.com/fl/madcofl/Board.nsf/Download-AgendaDetailed?open&id=DB9MGG5ADDD1,fetched,8226
Madison County School District,2025-04-07,https://go.boarddocs.com/fl/madcofl/Board.nsf/Download-AgendaDetailed?open&id=DB9MJZ5AFE95,fetched,8469
Madison County School District,2025-04-21,https://go.boarddocs.com/fl/madcofl/Board.nsf/Download-AgendaDetailed?open&id=DB9MFQ5B121D,fetched,10530
Madison County School District,2025-05-05,https://go.boarddocs.com/fl/madcofl/Board.nsf/Download-AgendaDetailed?open&id=DB9MMC5B2CA2,fetched,8729
Madison County School District,2025-05-19,https://go.boarddocs.com/fl/madcofl/Board.nsf/Download-AgendaDetailed?open&id=DB9MPM5B4055,fetched,10774
Madison County School District,2025-06-02,https://go.boarddocs.com/fl/madcofl/Board.nsf/Download-AgendaDetailed?open&id=DB9MRX5B4F69,fetched,10851
Madison County School District,2025-06-16,https://go.boarddocs.com/fl/madcofl/Board.nsf/Download-AgendaDetailed?open&id=DB9MUE5B659B,fetched,11291
Madison County School District,2025-06-30,https://go.boarddocs.com/fl/madcofl/Board.nsf/Download-AgendaDetailed?open&id=DHZD243392ED,fetched,657
Madison County School District,2025-07-02,https://go.boarddocs.com/fl/madcofl/Board.nsf/Download-AgendaDetailed?open&id=DJ7HN3493FC6,fetched,403
Madison County School District,2025-07-02,https://go.boarddocs.com/fl/madcofl/Board.nsf/Download-AgendaDetailed?open&id=DJ7HZX4AFD55,fetched,340
Madison County School District,2025-07-07,https://go.boarddocs.com/fl/madcofl/Board.nsf/Download-AgendaDetailed?open&id=DB9MKZ5B7E7E,fetched,13277
Madison County School District,2025-07-07,https://go.boarddocs.com/fl/madcofl/Board.nsf/Download-AgendaDetailed?open&id=DHWPCH61E191,fetched,1495
Madison County School District,2025-07-07,https://go.boarddocs.com/fl/madcofl/Board.nsf/Download-AgendaDetailed?open&id=DJ7HPT498140,fetched,611
Madison County School District,2025-07-14,https://go.boarddocs.com/fl/madcofl/Board.nsf/Download-AgendaDetailed?open&id=DJDPFN646F87,fetched,1094
Madison County School District,2025-07-21,https://go.boarddocs.com/fl/madcofl/Board.nsf/Download-AgendaDetailed?open&id=DB9MZE5BBCA0,fetched,6845
Madison County School District,2025-07-28,https://go.boarddocs.com/fl/madcofl/Board.nsf/Download-AgendaDetailed?open&id=DJTNCM5F4DE9,fetched,2917
Madison County School District,2025-08-04,https://go.boarddocs.com/fl/madcofl/Board.nsf/Download-AgendaDetailed?open&id=DB9MWZ5BA315,fetched,6025
Madison County School District,2025-08-04,https://go.boarddocs.com/fl/madcofl/Board.nsf/Download-AgendaDetailed?open&id=DK28S2741DCC,fetched,670
Madison County School District,2025-08-18,https://go.boarddocs.com/fl/madcofl/Board.nsf/Download-AgendaDetailed?open&id=DK9N8K5C064A,fetched,22082
Madison County School District,2025-08-25,https://go.boarddocs.com/fl/madcofl/Board.nsf/Download-AgendaDetailed?open&id=DJ7J4F4B5B0D,fetched,1834
Madison County School District,2025-09-02,https://go.boarddocs.com/fl/madcofl/Board.nsf/Download-AgendaDetailed?open&id=DKANBG5F22C2,fetched,11995
Madison County School District,2025-09-15,https://go.boarddocs.com/fl/madcofl/Board.nsf/Download-AgendaDetailed?open&id=DKANZY624694,fetched,9271
Madison County School District,2025-09-15,https://go.boarddocs.com/fl/madcofl/Board.nsf/Download-AgendaDetailed?open&id=DLBJKJ4D9130,fetched,1867
Madison County School District,2025-10-06,https://go.boarddocs.com/fl/madcofl/Board.nsf/Download-AgendaDetailed?open&id=DKANKJ605044,fetched,12044
Madison County School District,2025-10-20,https://go.boarddocs.com/fl/madcofl/Board.nsf/Download-AgendaDetailed?open&id=DKANNC607DBA,fetched,16724
Madison County School District,2025-11-03,https://go.boarddocs.com/fl/madcofl/Board.nsf/Download-AgendaDetailed?open&id=DKANPF60E35F,fetched,8396
Madison County School District,2025-11-03,https://go.boarddocs.com/fl/madcofl/Board.nsf/Download-AgendaDetailed?open&id=DKANZP62641C,fetched,1253
Madison County School District,2025-11-03,https://go.boarddocs.com/fl/madcofl/Board.nsf/Download-AgendaDetailed?open&id=DMUMRC5C7B2C,fetched,1026
Madison County School District,2025-11-10,https://go.boarddocs.com/fl/madcofl/Board.nsf/Download-AgendaDetailed?open&id=DN4QG2682DA5,fetched,1282
Madison County School District,2025-11-17,https://go.boarddocs.com/fl/madcofl/Board.nsf/Download-AgendaDetailed?open&id=DKANS46120BB,fetched,11340
Madison County School District,2025-12-01,https://go.boarddocs.com/fl/madcofl/Board.nsf/Download-AgendaDetailed?open&id=DNMLSW58054C,fetched,372
Madison County School District,2025-12-15,https://go.boarddocs.com/fl/madcofl/Board.nsf/Download-AgendaDetailed?open&id=DKANVZ61C8AB,fetched,9979
Madison County School District,2025-12-16,https://go.boarddocs.com/fl/madcofl/Board.nsf/Download-AgendaDetailed?open&id=DNYPF4645AE9,fetched,375
Madison County School District,2026-01-12,https://go.boarddocs.com/fl/madcofl/Board.nsf/Download-AgendaDetailed?open&id=DNXMWQ5D3E55,fetched,14103
Madison County School District,2026-01-20,https://go.boarddocs.com/fl/madcofl/Board.nsf/Download-AgendaDetailed?open&id=DP3LX958614C,fetched,374
Madison County School District,2026-02-02,https://go.boarddocs.com/fl/madcofl/Board.nsf/Download-AgendaDetailed?open&id=DP3LSQ57FE9C,fetched,12102
Madison County School District,2026-02-09,https://go.boarddocs.com/fl/madcofl/Board.nsf/Download-AgendaDetailed?open&id=DQYKDH5156C6,fetched,2842
Madison County School District,2026-02-17,https://go.boarddocs.com/fl/madcofl/Board.nsf/Download-AgendaDetailed?open&id=DP3LWJ583A68,fetched,375
Madison County School District,2026-03-02,https://go.boarddocs.com/fl/madcofl/Board.nsf/Download-AgendaDetailed?open&id=DQPKRZ5332F4,fetched,14730
Madison County School District,2026-03-02,https://go.boarddocs.com/fl/madcofl/Board.nsf/Download-AgendaDetailed?open&id=DRSM7L59B27B,fetched,10056
Madison County School District,2026-03-09,https://go.boarddocs.com/fl/madcofl/Board.nsf/Download-AgendaDetailed?open&id=DRSMDK59C5AB,fetched,11054
Madison County School District,2026-03-24,https://go.boarddocs.com/fl/madcofl/Board.nsf/Download-AgendaDetailed?open&id=DS3QFK691971,fetched,3303
Madison County School District,2026-04-06,https://go.boarddocs.com/fl/madcofl/Board.nsf/Download-AgendaDetailed?open&id=DQWK5E502C73,fetched,14828
Madison County School District,2026-04-20,https://go.boarddocs.com/fl/madcofl/Board.nsf/Download-AgendaDetailed?open&id=DSZQ2U6705BB,fetched,1649
Madison County School District,2026-05-04,https://go.boarddocs.com/fl/madcofl/Board.nsf/Download-AgendaDetailed?open&id=DSXP6X632542,fetched,13890
Madison County School District,2026-05-11,https://go.boarddocs.com/fl/madcofl/Board.nsf/Download-AgendaDetailed?open&id=DTRVDU804BBD,fetched,632
Madison County School District,2026-05-11,https://go.boarddocs.com/fl/madcofl/Board.nsf/Download-AgendaDetailed?open&id=DTSPFT647503,fetched,633
Madison County School District,2026-05-18,https://go.boarddocs.com/fl/madcofl/Board.nsf/Download-AgendaDetailed?open&id=DS3R346BF8A7,fetched,12091
Madison County School District,2026-06-01,https://go.boarddocs.com/fl/madcofl/Board.nsf/Download-AgendaDetailed?open&id=DSFJX44F41E8,fetched,12064
Madison County School District,2026-06-15,https://go.boarddocs.com/fl/madcofl/Board.nsf/Download-AgendaDetailed?open&id=DT7QEE68F10F,fetched,12149
Madison County School District,2026-06-17,https://go.boarddocs.com/fl/madcofl/Board.nsf/Download-AgendaDetailed?open&id=DV3VNN81966D,fetched,4134
Madison County School District,2026-07-06,https://go.boarddocs.com/fl/madcofl/Board.nsf/Download-AgendaDetailed?open&id=DT7QGT691B75,fetched,12878
Madison County School District,2026-07-13,https://go.boarddocs.com/fl/madcofl/Board.nsf/Download-AgendaDetailed?open&id=DVRPGP649650,fetched,877
Madison County School District,2026-07-20,https://go.boarddocs.com/fl/madcofl/Board.nsf/Download-AgendaDetailed?open&id=DT7QG3692F24,fetched,8512
Madison County School District,2026-07-20,https://go.boarddocs.com/fl/madcofl/Board.nsf/Download-AgendaDetailed?open&id=DVYFA43E1EBF,fetched,842
Madison County School District,2026-08-03,https://go.boarddocs.com/fl/madcofl/Board.nsf/Download-AgendaDetailed?open&id=DT7QJD693F88,fetched,9680
Madison County School District,2026-08-17,https://go.boarddocs.com/fl/madcofl/Board.nsf/Download-AgendaDetailed?open&id=DT7QLR694F5A,fetched,9084
Madison County School District,2026-08-27,https://go.boarddocs.com/fl/madcofl/Board.nsf/Download-AgendaDetailed?open&id=DX9MH95B4B2A,fetched,1024
Marion County Public Schools,2025-03-11,https://go.boarddocs.com/fl/marion/Board.nsf/Download-AgendaDetailed?open&id=DBLMVR55A88F,fetched,64743
Marion County Public Schools,2025-03-13,https://go.boarddocs.com/fl/marion/Board.nsf/Download-AgendaDetailed?open&id=DBCST67401F7,fetched,4016
Marion County Public Schools,2025-03-24,https://go.boarddocs.com/fl/marion/Board.nsf/Download-AgendaDetailed?open&id=DENVGM80B3D3,fetched,2532
Marion County Public Schools,2025-03-25,https://go.boarddocs.com/fl/marion/Board.nsf/Download-AgendaDetailed?open&id=DBLMY855AC67,fetched,84099
Marion County Public Schools,2025-04-03,https://go.boarddocs.com/fl/marion/Board.nsf/Download-AgendaDetailed?open&id=DBA4Q70C8021,fetched,5610
Marion County Public Schools,2025-04-03,https://go.boarddocs.com/fl/marion/Board.nsf/Download-AgendaDetailed?open&id=DBN3ZZ095D0C,fetched,10796
Marion County Public Schools,2025-04-08,https://go.boarddocs.com/fl/marion/Board.nsf/Download-AgendaDetailed?open&id=DBLLAJ554C22,fetched,71677
Marion County Public Schools,2025-04-17,https://go.boarddocs.com/fl/marion/Board.nsf/Download-AgendaDetailed?open&id=DBA4R60C8461,fetched,5742
Marion County Public Schools,2025-04-22,https://go.boarddocs.com/fl/marion/Board.nsf/Download-AgendaDetailed?open&id=DBLLCY55697C,fetched,103240
Marion County Public Schools,2025-04-29,https://go.boarddocs.com/fl/marion/Board.nsf/Download-AgendaDetailed?open&id=DFDQC5689A86,fetched,10143
Marion County Public Schools,2025-05-08,https://go.boarddocs.com/fl/marion/Board.nsf/Download-AgendaDetailed?open&id=DBA4S50C8895,fetched,2192
Marion County Public Schools,2025-05-08,https://go.boarddocs.com/fl/marion/Board.nsf/Download-AgendaDetailed?open&id=DBN42X0964DF,fetched,4490
Marion County Public Schools,2025-05-13,https://go.boarddocs.com/fl/marion/Board.nsf/Download-AgendaDetailed?open&id=DBLLFE556CD4,fetched,133942
Marion County Public Schools,2025-05-13,https://go.boarddocs.com/fl/marion/Board.nsf/Download-AgendaDetailed?open&id=DFSKPL52D933,fetched,7520
Marion County Public Schools,2025-05-22,https://go.boarddocs.com/fl/marion/Board.nsf/Download-AgendaDetailed?open&id=DBA4T40C8D0D,fetched,4885
Marion County Public Schools,2025-05-27,https://go.boarddocs.com/fl/marion/Board.nsf/Download-AgendaDetailed?open&id=DBLLHU556FA7,fetched,150708
Marion County Public Schools,2025-06-05,https://go.boarddocs.com/fl/marion/Board.nsf/Download-AgendaDetailed?open&id=DBA4U50C910E,fetched,3460
Marion County Public Schools,2025-06-10,https://go.boarddocs.com/fl/marion/Board.nsf/Download-AgendaDetailed?open&id=DBLLLB5571ED,fetched,137639
Marion County Public Schools,2025-06-16,https://go.boarddocs.com/fl/marion/Board.nsf/Download-AgendaDetailed?open&id=DHBFPP401C73,fetched,11027
Marion County Public Schools,2025-06-19,https://go.boarddocs.com/fl/marion/Board.nsf/Download-AgendaDetailed?open&id=DBA4V40C9514,fetched,4759
Marion County Public Schools,2025-06-19,https://go.boarddocs.com/fl/marion/Board.nsf/Download-AgendaDetailed?open&id=DBN4460977DF,fetched,2540
Marion County Public Schools,2025-06-24,https://go.boarddocs.com/fl/marion/Board.nsf/Download-AgendaDetailed?open&id=DBLLNR55747E,fetched,171835
Marion County Public Schools,2025-07-08,https://go.boarddocs.com/fl/marion/Board.nsf/Download-AgendaDetailed?open&id=DBLLR7557709,fetched,62852
Marion County Public Schools,2025-07-16,https://go.boarddocs.com/fl/marion/Board.nsf/Download-AgendaDetailed?open&id=DJEQ7P67F4C5,fetched,3459
Marion County Public Schools,2025-07-17,https://go.boarddocs.com/fl/marion/Board.nsf/Download-AgendaDetailed?open&id=DBA4W30C99BD,fetched,5221
Marion County Public Schools,2025-07-22,https://go.boarddocs.com/fl/marion/Board.nsf/Download-AgendaDetailed?open&id=DBLLTM557942,fetched,5973
Marion County Public Schools,2025-07-22,https://go.boarddocs.com/fl/marion/Board.nsf/Download-AgendaDetailed?open&id=DBLLW3557BD1,fetched,72190
Marion County Public Schools,2025-07-29,https://go.boarddocs.com/fl/marion/Board.nsf/Download-AgendaDetailed?open&id=DJ6QVU6B33CF,fetched,4760
Marion County Public Schools,2025-08-07,https://go.boarddocs.com/fl/marion/Board.nsf/Download-AgendaDetailed?open&id=DBA4Q70C9F7D,fetched,4801
Marion County Public Schools,2025-08-12,https://go.boarddocs.com/fl/marion/Board.nsf/Download-AgendaDetailed?open&id=DHJPZF6705E2,fetched,116408
Marion County Public Schools,2025-08-12,https://go.boarddocs.com/fl/marion/Board.nsf/Download-AgendaDetailed?open&id=DJTQ8F6810B7,fetched,4164
Marion County Public Schools,2025-08-14,https://go.boarddocs.com/fl/marion/Board.nsf/Download-AgendaDetailed?open&id=DBA4R60CA3CF,fetched,2574
Marion County Public Schools,2025-08-21,https://go.boarddocs.com/fl/marion/Board.nsf/Download-AgendaDetailed?open&id=DBA4S50CA7C9,fetched,4014
Marion County Public Schools,2025-08-26,https://go.boarddocs.com/fl/marion/Board.nsf/Download-AgendaDetailed?open&id=DHJSAP71C5AA,fetched,79916
Marion County Public Schools,2025-09-04,https://go.boarddocs.com/fl/marion/Board.nsf/Download-AgendaDetailed?open&id=DBA4U30CB077,fetched,3898
Marion County Public Schools,2025-09-04,https://go.boarddocs.com/fl/marion/Board.nsf/Download-AgendaDetailed?open&id=DBN4560984D9,fetched,2597
Marion County Public Schools,2025-09-09,https://go.boarddocs.com/fl/marion/Board.nsf/Download-AgendaDetailed?open&id=DBLM7T5590E9,fetched,16628
Marion County Public Schools,2025-09-09,https://go.boarddocs.com/fl/marion/Board.nsf/Download-AgendaDetailed?open&id=DHJSAT7186AB,fetched,79158
Marion County Public Schools,2025-09-18,https://go.boarddocs.com/fl/marion/Board.nsf/Download-AgendaDetailed?open&id=DBA4T40CABBE,fetched,4384
Marion County Public Schools,2025-09-23,https://go.boarddocs.com/fl/marion/Board.nsf/Download-AgendaDetailed?open&id=DHJSDE71F23B,fetched,101275
Marion County Public Schools,2025-10-02,https://go.boarddocs.com/fl/marion/Board.nsf/Download-AgendaDetailed?open&id=DBA4V20CB511,fetched,3566
Marion County Public Schools,2025-10-14,https://go.boarddocs.com/fl/marion/Board.nsf/Download-AgendaDetailed?open&id=DHJSG77225D2,fetched,127247
Marion County Public Schools,2025-10-14,https://go.boarddocs.com/fl/marion/Board.nsf/Download-AgendaDetailed?open&id=DLRN8M5EB74D,fetched,4519
Marion County Public Schools,2025-10-16,https://go.boarddocs.com/fl/marion/Board.nsf/Download-AgendaDetailed?open&id=DBA4VZ0CBA3F,fetched,3848
Marion County Public Schools,2025-10-16,https://go.boarddocs.com/fl/marion/Board.nsf/Download-AgendaDetailed?open&id=DBN47H099FA8,fetched,3996
Marion County Public Schools,2025-10-28,https://go.boarddocs.com/fl/marion/Board.nsf/Download-AgendaDetailed?open&id=DHJSJW7234CF,fetched,81689
Marion County Public Schools,2025-10-31,https://go.boarddocs.com/fl/marion/Board.nsf/Download-AgendaDetailed?open&id=DLZQFK691C62,fetched,2413
Marion County Public Schools,2025-11-06,https://go.boarddocs.com/fl/marion/Board.nsf/Download-AgendaDetailed?open&id=DBA4WY0CBEE6,fetched,4426
Marion County Public Schools,2025-11-11,https://go.boarddocs.com/fl/marion/Board.nsf/Download-AgendaDetailed?open&id=DHJSMR7245B2,fetched,87767
Marion County Public Schools,2025-11-11,https://go.boarddocs.com/fl/marion/Board.nsf/Download-AgendaDetailed?open&id=DMMSAD71B909,fetched,14728
Marion County Public Schools,2025-11-11,https://go.boarddocs.com/fl/marion/Board.nsf/Download-AgendaDetailed?open&id=DMMSC271D72B,fetched,7906
Marion County Public Schools,2025-11-20,https://go.boarddocs.com/fl/marion/Board.nsf/Download-AgendaDetailed?open&id=DBA4XX0CC365,fetched,3156
Marion County Public Schools,2025-11-20,https://go.boarddocs.com/fl/marion/Board.nsf/Download-AgendaDetailed?open&id=DBN48F09A9C0,fetched,3903
Marion County Public Schools,2025-12-01,https://go.boarddocs.com/fl/marion/Board.nsf/Download-AgendaDetailed?open&id=DM4JM44DCB4A,fetched,2609
Marion County Public Schools,2025-12-01,https://go.boarddocs.com/fl/marion/Board.nsf/Download-AgendaDetailed?open&id=DNEK2P4FC8AC,fetched,2995
Marion County Public Schools,2025-12-09,https://go.boarddocs.com/fl/marion/Board.nsf/Download-AgendaDetailed?open&id=DHJSF772671D,fetched,98101
Marion County Public Schools,2025-12-18,https://go.boarddocs.com/fl/marion/Board.nsf/Download-AgendaDetailed?open&id=DBA4YW0CC763,fetched,5540
Marion County Public Schools,2026-01-08,https://go.boarddocs.com/fl/marion/Board.nsf/Download-AgendaDetailed?open&id=DNJHQZ49960C,fetched,4905
Marion County Public Schools,2026-01-13,https://go.boarddocs.com/fl/marion/Board.nsf/Download-AgendaDetailed?open&id=DHJSHW727A18,fetched,135454
Marion County Public Schools,2026-01-22,https://go.boarddocs.com/fl/marion/Board.nsf/Download-AgendaDetailed?open&id=DNJHQ2498961,fetched,3759
Marion County Public Schools,2026-01-22,https://go.boarddocs.com/fl/marion/Board.nsf/Download-AgendaDetailed?open&id=DNJRZU6DE607,fetched,8068
Marion County Public Schools,2026-01-27,https://go.boarddocs.com/fl/marion/Board.nsf/Download-AgendaDetailed?open&id=DNETZG7278F8,fetched,109929
Marion County Public Schools,2026-02-05,https://go.boarddocs.com/fl/marion/Board.nsf/Download-AgendaDetailed?open&id=DNJKAQ4E08EF,fetched,2809
Marion County Public Schools,2026-02-10,https://go.boarddocs.com/fl/marion/Board.nsf/Download-AgendaDetailed?open&id=DNETWX727571,fetched,90542
Marion County Public Schools,2026-02-19,https://go.boarddocs.com/fl/marion/Board.nsf/Download-AgendaDetailed?open&id=DNJK9R4E0786,fetched,2963
Marion County Public Schools,2026-02-19,https://go.boarddocs.com/fl/marion/Board.nsf/Download-AgendaDetailed?open&id=DNJRYT6DDFF9,fetched,10054
Marion County Public Schools,2026-02-24,https://go.boarddocs.com/fl/marion/Board.nsf/Download-AgendaDetailed?open&id=DNETUG727277,fetched,109699
Marion County Public Schools,2026-02-24,https://go.boarddocs.com/fl/marion/Board.nsf/Download-AgendaDetailed?open&id=DQSQXY6B3287,fetched,4509
Marion County Public Schools,2026-03-05,https://go.boarddocs.com/fl/marion/Board.nsf/Download-AgendaDetailed?open&id=DNJK8N4DFD0E,fetched,5336
Marion County Public Schools,2026-03-10,https://go.boarddocs.com/fl/marion/Board.nsf/Download-AgendaDetailed?open&id=DNETRZ726EDB,fetched,79153
Marion County Public Schools,2026-03-24,https://go.boarddocs.com/fl/marion/Board.nsf/Download-AgendaDetailed?open&id=DNETPJ726A74,fetched,121245
Marion County Public Schools,2026-03-31,https://go.boarddocs.com/fl/marion/Board.nsf/Download-AgendaDetailed?open&id=DSJKUB538A9A,fetched,2477
Marion County Public Schools,2026-04-02,https://go.boarddocs.com/fl/marion/Board.nsf/Download-AgendaDetailed?open&id=DNJK7M4DFB60,fetched,4250
Marion County Public Schools,2026-04-14,https://go.boarddocs.com/fl/marion/Board.nsf/Download-AgendaDetailed?open&id=DNETM2726782,fetched,101347
Marion County Public Schools,2026-04-16,https://go.boarddocs.com/fl/marion/Board.nsf/Download-AgendaDetailed?open&id=DNJK6N4DF9AA,fetched,4980
Marion County Public Schools,2026-04-16,https://go.boarddocs.com/fl/marion/Board.nsf/Download-AgendaDetailed?open&id=DSRKJ6520B32,fetched,9241
Marion County Public Schools,2026-04-27,https://go.boarddocs.com/fl/marion/Board.nsf/Download-AgendaDetailed?open&id=DSNNJH602800,fetched,2534
Marion County Public Schools,2026-04-28,https://go.boarddocs.com/fl/marion/Board.nsf/Download-AgendaDetailed?open&id=DNETJK7263B2,fetched,84035
Marion County Public Schools,2026-05-07,https://go.boarddocs.com/fl/marion/Board.nsf/Download-AgendaDetailed?open&id=DNJK5M4DF760,fetched,4397
Marion County Public Schools,2026-05-12,https://go.boarddocs.com/fl/marion/Board.nsf/Download-AgendaDetailed?open&id=DNETG4725FB2,fetched,119535
Marion County Public Schools,2026-05-21,https://go.boarddocs.com/fl/marion/Board.nsf/Download-AgendaDetailed?open&id=DNJK4N4DF58D,fetched,4190
Marion County Public Schools,2026-05-21,https://go.boarddocs.com/fl/marion/Board.nsf/Download-AgendaDetailed?open&id=DNJRWC6DCC3F,fetched,11167
Marion County Public Schools,2026-05-26,https://go.boarddocs.com/fl/marion/Board.nsf/Download-AgendaDetailed?open&id=DNETDM725BBC,fetched,110746
Marion County Public Schools,2026-06-04,https://go.boarddocs.com/fl/marion/Board.nsf/Download-AgendaDetailed?open&id=DNJK3P4DF3DA,fetched,3495
Marion County Public Schools,2026-06-09,https://go.boarddocs.com/fl/marion/Board.nsf/Download-AgendaDetailed?open&id=DNETB47257DD,fetched,118047
Marion County Public Schools,2026-06-18,https://go.boarddocs.com/fl/marion/Board.nsf/Download-AgendaDetailed?open&id=DNJK2Q4DF1E7,fetched,3931
Marion County Public Schools,2026-06-23,https://go.boarddocs.com/fl/marion/Board.nsf/Download-AgendaDetailed?open&id=DNET8K725407,fetched,123624
Marion County Public Schools,2026-06-29,https://go.boarddocs.com/fl/marion/Board.nsf/Download-AgendaDetailed?open&id=DNJJFN4B9780,fetched,1732
Marion County Public Schools,2026-07-09,https://go.boarddocs.com/fl/marion/Board.nsf/Download-AgendaDetailed?open&id=DNJJZP4DEF55,fetched,3271
Marion County Public Schools,2026-07-09,https://go.boarddocs.com/fl/marion/Board.nsf/Download-AgendaDetailed?open&id=DNJRLH6DBEB5,fetched,7705
Marion County Public Schools,2026-07-13,https://go.boarddocs.com/fl/marion/Board.nsf/Download-AgendaDetailed?open&id=DNJJEZ4B9572,fetched,2980
Marion County Public Schools,2026-07-14,https://go.boarddocs.com/fl/marion/Board.nsf/Download-AgendaDetailed?open&id=DNET647250FC,fetched,93093
Marion County Public Schools,2026-07-21,https://go.boarddocs.com/fl/marion/Board.nsf/Download-AgendaDetailed?open&id=DNET3M724D20,fetched,5753
Marion County Public Schools,2026-07-23,https://go.boarddocs.com/fl/marion/Board.nsf/Download-AgendaDetailed?open&id=DNJJYQ4DED6B,fetched,4928
Marion County Public Schools,2026-07-27,https://go.boarddocs.com/fl/marion/Board.nsf/Download-AgendaDetailed?open&id=DNJJEC4B934E,fetched,1488
Marion County Public Schools,2026-07-28,https://go.boarddocs.com/fl/marion/Board.nsf/Download-AgendaDetailed?open&id=DNESWM72448F,fetched,5546
Marion County Public Schools,2026-07-28,https://go.boarddocs.com/fl/marion/Board.nsf/Download-AgendaDetailed?open&id=DNESZ4724804,fetched,76690
Marion County Public Schools,2026-08-06,https://go.boarddocs.com/fl/marion/Board.nsf/Download-AgendaDetailed?open&id=DNJJXR4DEB85,fetched,4821
Marion County Public Schools,2026-08-11,https://go.boarddocs.com/fl/marion/Board.nsf/Download-AgendaDetailed?open&id=DNESU272413D,fetched,65081
Marion County Public Schools,2026-08-12,https://go.boarddocs.com/fl/marion/Board.nsf/Download-AgendaDetailed?open&id=DNJJDP4B9153,fetched,1943
Marion County Public Schools,2026-08-13,https://go.boarddocs.com/fl/marion/Board.nsf/Download-AgendaDetailed?open&id=DNJJWQ4DE9CC,fetched,2789
Marion County Public Schools,2026-08-20,https://go.boarddocs.com/fl/marion/Board.nsf/Download-AgendaDetailed?open&id=DNJJVR4DE7F1,fetched,3918
Marion County Public Schools,2026-08-24,https://go.boarddocs.com/fl/marion/Board.nsf/Download-AgendaDetailed?open&id=DNJJD24B8F32,fetched,1639
Marion County Public Schools,2026-08-25,https://go.boarddocs.com/fl/marion/Board.nsf/Download-AgendaDetailed?open&id=DNESRH723D58,fetched,63622
Marion County Public Schools,2026-09-03,https://go.boarddocs.com/fl/marion/Board.nsf/Download-AgendaDetailed?open&id=DNJJUS4DE616,fetched,4208
Martin County School District,2025-03-07,https://go.boarddocs.com/fl/martin/Board.nsf/Download-AgendaDetailed?open&id=DEBNCG5F4887,fetched,490
Martin County School District,2025-03-25,https://go.boarddocs.com/fl/martin/Board.nsf/Download-AgendaDetailed?open&id=DE2MSK5CA899,fetched,133258
Martin County School District,2025-04-01,https://go.boarddocs.com/fl/martin/Board.nsf/Download-AgendaDetailed?open&id=DE9PTX661026,fetched,9301
Martin County School District,2025-04-01,https://go.boarddocs.com/fl/martin/Board.nsf/Download-AgendaDetailed?open&id=DF5GHE43E189,fetched,5809
Martin County School District,2025-04-15,https://go.boarddocs.com/fl/martin/Board.nsf/Download-AgendaDetailed?open&id=DE8K7B507427,fetched,106779
Martin County School District,2025-05-06,https://go.boarddocs.com/fl/martin/Board.nsf/Download-AgendaDetailed?open&id=DFDLG756049F,fetched,5633
Martin County School District,2025-05-13,https://go.boarddocs.com/fl/martin/Board.nsf/Download-AgendaDetailed?open&id=DENHQD499680,fetched,180652
Martin County School District,2025-06-03,https://go.boarddocs.com/fl/martin/Board.nsf/Download-AgendaDetailed?open&id=DGGL95556AF3,fetched,11144
Martin County School District,2025-06-03,https://go.boarddocs.com/fl/martin/Board.nsf/Download-AgendaDetailed?open&id=DH4RDU6D8B73,fetched,6582
Martin County School District,2025-06-17,https://go.boarddocs.com/fl/martin/Board.nsf/Download-AgendaDetailed?open&id=DG3M9P5A2F84,fetched,191357
Martin County School District,2025-07-08,https://go.boarddocs.com/fl/martin/Board.nsf/Download-AgendaDetailed?open&id=DHKJTP4EC31D,fetched,6938
Martin County School District,2025-07-15,https://go.boarddocs.com/fl/martin/Board.nsf/Download-AgendaDetailed?open&id=DHKK8X50B19C,fetched,159998
Martin County School District,2025-07-29,https://go.boarddocs.com/fl/martin/Board.nsf/Download-AgendaDetailed?open&id=DJNRFP6DD141,fetched,11455
Martin County School District,2025-07-31,https://go.boarddocs.com/fl/martin/Board.nsf/Download-AgendaDetailed?open&id=DJZHTT4A17CC,fetched,727
Martin County School District,2025-08-05,https://go.boarddocs.com/fl/martin/Board.nsf/Download-AgendaDetailed?open&id=DJMGVM459CB0,fetched,11215
Martin County School District,2025-08-05,https://go.boarddocs.com/fl/martin/Board.nsf/Download-AgendaDetailed?open&id=DJZMYN5D67EA,fetched,11101
Martin County School District,2025-08-19,https://go.boarddocs.com/fl/martin/Board.nsf/Download-AgendaDetailed?open&id=DJMGUJ4582A0,fetched,133684
Martin County School District,2025-09-09,https://go.boarddocs.com/fl/martin/Board.nsf/Download-AgendaDetailed?open&id=DKRHYJ4A016F,fetched,7855
Martin County School District,2025-09-09,https://go.boarddocs.com/fl/martin/Board.nsf/Download-AgendaDetailed?open&id=DKVJB34C52FC,fetched,18546
Martin County School District,2025-09-09,https://go.boarddocs.com/fl/martin/Board.nsf/Download-AgendaDetailed?open&id=DL5NJZ603CB0,fetched,3017
Martin County School District,2025-09-16,https://go.boarddocs.com/fl/martin/Board.nsf/Download-AgendaDetailed?open&id=DK8NSW615FB6,fetched,113958
Martin County School District,2025-10-03,https://go.boarddocs.com/fl/martin/Board.nsf/Download-AgendaDetailed?open&id=DLVJ4G4B4F7C,fetched,485
Martin County School District,2025-10-07,https://go.boarddocs.com/fl/martin/Board.nsf/Download-AgendaDetailed?open&id=DLRPPW657C37,fetched,15192
Martin County School District,2025-10-07,https://go.boarddocs.com/fl/martin/Board.nsf/Download-AgendaDetailed?open&id=DLRPRH65C8EA,fetched,8502
Martin County School District,2025-10-21,https://go.boarddocs.com/fl/martin/Board.nsf/Download-AgendaDetailed?open&id=DKHP8T636EC6,fetched,133730
Martin County School District,2025-11-04,https://go.boarddocs.com/fl/martin/Board.nsf/Download-AgendaDetailed?open&id=DMRG6D42420E,fetched,10541
Martin County School District,2025-11-18,https://go.boarddocs.com/fl/martin/Board.nsf/Download-AgendaDetailed?open&id=DM4Q3Z676A1E,fetched,124195
Martin County School District,2025-12-09,https://go.boarddocs.com/fl/martin/Board.nsf/Download-AgendaDetailed?open&id=DN6LQU579F34,fetched,8649
Martin County School District,2025-12-16,https://go.boarddocs.com/fl/martin/Board.nsf/Download-AgendaDetailed?open&id=DNXGZ746305D,fetched,74766
Martin County School District,2026-01-06,https://go.boarddocs.com/fl/martin/Board.nsf/Download-AgendaDetailed?open&id=DP7K7X508DC5,fetched,10996
Martin County School District,2026-01-26,https://go.boarddocs.com/fl/martin/Board.nsf/Download-AgendaDetailed?open&id=DP7K8U509316,fetched,119005
Martin County School District,2026-02-03,https://go.boarddocs.com/fl/martin/Board.nsf/Download-AgendaDetailed?open&id=DQ6KX453F289,fetched,9628
Martin County School District,2026-02-17,https://go.boarddocs.com/fl/martin/Board.nsf/Download-AgendaDetailed?open&id=DQ6KXB53FB12,fetched,75340
Martin County School District,2026-02-17,https://go.boarddocs.com/fl/martin/Board.nsf/Download-AgendaDetailed?open&id=DR7LGZ569275,fetched,500
Martin County School District,2026-03-03,https://go.boarddocs.com/fl/martin/Board.nsf/Download-AgendaDetailed?open&id=DQRRS56F579D,fetched,15478
Martin County School District,2026-03-24,https://go.boarddocs.com/fl/martin/Board.nsf/Download-AgendaDetailed?open&id=DQRRSA6F5DF3,fetched,113499
Martin County School District,2026-04-21,https://go.boarddocs.com/fl/martin/Board.nsf/Download-AgendaDetailed?open&id=DSFPZA66DC91,fetched,94555
Nassau County School District,2025-03-10,https://go.boarddocs.com/fl/nassau/Board.nsf/Download-AgendaDetailed?open&id=DEBM8P5A0A8E,cached,886
Nassau County School District,2025-03-13,https://go.boarddocs.com/fl/nassau/Board.nsf/Download-AgendaDetailed?open&id=DDZTHS777EE7,cached,15908
Nassau County School District,2025-03-27,https://go.boarddocs.com/fl/nassau/Board.nsf/Download-AgendaDetailed?open&id=DDZTLU778BA3,cached,16951
Nassau County School District,2025-04-07,https://go.boarddocs.com/fl/nassau/Board.nsf/Download-AgendaDetailed?open&id=DENH7B471667,cached,595
Nassau County School District,2025-04-10,https://go.boarddocs.com/fl/nassau/Board.nsf/Download-AgendaDetailed?open&id=DF6PBV63E17F,cached,18322
Nassau County School District,2025-04-29,https://go.boarddocs.com/fl/nassau/Board.nsf/Download-AgendaDetailed?open&id=DFQRT86F7DDD,cached,408
Nassau County School District,2025-05-05,https://go.boarddocs.com/fl/nassau/Board.nsf/Download-AgendaDetailed?open&id=DET6VS16D13F,cached,591
Nassau County School District,2025-05-08,https://go.boarddocs.com/fl/nassau/Board.nsf/Download-AgendaDetailed?open&id=DET6V716BAC9,cached,33003
Nassau County School District,2025-06-05,https://go.boarddocs.com/fl/nassau/Board.nsf/Download-AgendaDetailed?open&id=DGVLMC573450,cached,659
Nassau County School District,2025-06-09,https://go.boarddocs.com/fl/nassau/Board.nsf/Download-AgendaDetailed?open&id=DET6YU17063D,cached,836
Nassau County School District,2025-06-12,https://go.boarddocs.com/fl/nassau/Board.nsf/Download-AgendaDetailed?open&id=DET6YY171ED4,cached,38574
Nassau County School District,2025-07-07,https://go.boarddocs.com/fl/nassau/Board.nsf/Download-AgendaDetailed?open&id=DGFM3558B3A4,cached,507
Nassau County School District,2025-07-10,https://go.boarddocs.com/fl/nassau/Board.nsf/Download-AgendaDetailed?open&id=DGFLY458C608,cached,28713
Nassau County School District,2025-07-21,https://go.boarddocs.com/fl/nassau/Board.nsf/Download-AgendaDetailed?open&id=DFAN9X5EE984,cached,3826
Nassau County School District,2025-07-21,https://go.boarddocs.com/fl/nassau/Board.nsf/Download-AgendaDetailed?open&id=DFANDR5F7570,cached,741
Nassau County School District,2025-07-28,https://go.boarddocs.com/fl/nassau/Board.nsf/Download-AgendaDetailed?open&id=DFANGG5FDCC0,cached,4809
Nassau County School District,2025-08-11,https://go.boarddocs.com/fl/nassau/Board.nsf/Download-AgendaDetailed?open&id=DK74KA0BE764,cached,410
Nassau County School District,2025-08-14,https://go.boarddocs.com/fl/nassau/Board.nsf/Download-AgendaDetailed?open&id=DHPLRJ579E83,cached,39801
Nassau County School District,2025-08-28,https://go.boarddocs.com/fl/nassau/Board.nsf/Download-AgendaDetailed?open&id=DKNS72713718,cached,361
Nassau County School District,2025-09-08,https://go.boarddocs.com/fl/nassau/Board.nsf/Download-AgendaDetailed?open&id=DL8JWK4F2EAA,cached,362
Nassau County School District,2025-09-09,https://go.boarddocs.com/fl/nassau/Board.nsf/Download-AgendaDetailed?open&id=DFAQFR69209B,cached,5946
Nassau County School District,2025-09-11,https://go.boarddocs.com/fl/nassau/Board.nsf/Download-AgendaDetailed?open&id=DK74KZ0C01E8,cached,28743
Nassau County School District,2025-10-06,https://go.boarddocs.com/fl/nassau/Board.nsf/Download-AgendaDetailed?open&id=DKPQCN688966,cached,372
Nassau County School District,2025-10-09,https://go.boarddocs.com/fl/nassau/Board.nsf/Download-AgendaDetailed?open&id=DKPQDE68C7EB,cached,32984
Nassau County School District,2025-11-10,https://go.boarddocs.com/fl/nassau/Board.nsf/Download-AgendaDetailed?open&id=DMMQPE68BEE2,cached,375
Nassau County School District,2025-11-13,https://go.boarddocs.com/fl/nassau/Board.nsf/Download-AgendaDetailed?open&id=DMMQQF68E66D,cached,40673
Nassau County School District,2025-11-18,https://go.boarddocs.com/fl/nassau/Board.nsf/Download-AgendaDetailed?open&id=DNAQZY6BCDD6,cached,4909
Nassau County School District,2025-12-08,https://go.boarddocs.com/fl/nassau/Board.nsf/Download-AgendaDetailed?open&id=DNKLSX57E0C4,cached,604
Nassau County School District,2025-12-11,https://go.boarddocs.com/fl/nassau/Board.nsf/Download-AgendaDetailed?open&id=DNKLKE56E37B,cached,25606
Nassau County School District,2025-12-11,https://go.boarddocs.com/fl/nassau/Board.nsf/Download-AgendaDetailed?open&id=DNQSHT72CFD6,cached,2753
Nassau County School District,2026-01-05,https://go.boarddocs.com/fl/nassau/Board.nsf/Download-AgendaDetailed?open&id=DPTUJG7C48B1,cached,372
Nassau County School District,2026-01-05,https://go.boarddocs.com/fl/nassau/Board.nsf/Download-AgendaDetailed?open&id=DPTUKZ7C8267,cached,463
Nassau County School District,2026-01-08,https://go.boarddocs.com/fl/nassau/Board.nsf/Download-AgendaDetailed?open&id=DNQR7A6C957E,cached,16394
Nassau County School District,2026-01-27,https://go.boarddocs.com/fl/nassau/Board.nsf/Download-AgendaDetailed?open&id=DQJLPB577F30,cached,453
Nassau County School District,2026-02-02,https://go.boarddocs.com/fl/nassau/Board.nsf/Download-AgendaDetailed?open&id=DQQT9E76450D,cached,485
Nassau County School District,2026-02-05,https://go.boarddocs.com/fl/nassau/Board.nsf/Download-AgendaDetailed?open&id=DQQTEP770A43,cached,385
Nassau County School District,2026-02-09,https://go.boarddocs.com/fl/nassau/Board.nsf/Download-AgendaDetailed?open&id=DQ5NUN619FCC,cached,406
Nassau County School District,2026-02-10,https://go.boarddocs.com/fl/nassau/Board.nsf/Download-AgendaDetailed?open&id=DNK27H00CE0A,cached,700
Nassau County School District,2026-02-12,https://go.boarddocs.com/fl/nassau/Board.nsf/Download-AgendaDetailed?open&id=DQ5NYB61FEBA,cached,27466
Nassau County School District,2026-02-24,https://go.boarddocs.com/fl/nassau/Board.nsf/Download-AgendaDetailed?open&id=DREPSX661608,cached,650
Nassau County School District,2026-02-24,https://go.boarddocs.com/fl/nassau/Board.nsf/Download-AgendaDetailed?open&id=DRGQ7H67EBDB,cached,366
Nassau County School District,2026-03-02,https://go.boarddocs.com/fl/nassau/Board.nsf/Download-AgendaDetailed?open&id=DRQPW9669314,cached,403
Nassau County School District,2026-03-09,https://go.boarddocs.com/fl/nassau/Board.nsf/Download-AgendaDetailed?open&id=DRURQV6E921D,cached,632
Nassau County School District,2026-03-12,https://go.boarddocs.com/fl/nassau/Board.nsf/Download-AgendaDetailed?open&id=DR5P9X6398B5,cached,25225
Nassau County School District,2026-03-23,https://go.boarddocs.com/fl/nassau/Board.nsf/Download-AgendaDetailed?open&id=DS2MSK5CA852,cached,634
Nassau County School District,2026-04-06,https://go.boarddocs.com/fl/nassau/Board.nsf/Download-AgendaDetailed?open&id=DSGKHL51F635,cached,375
Nassau County School District,2026-04-09,https://go.boarddocs.com/fl/nassau/Board.nsf/Download-AgendaDetailed?open&id=DRKMFC5B0344,cached,29061
Nassau County School District,2026-04-28,https://go.boarddocs.com/fl/nassau/Board.nsf/Download-AgendaDetailed?open&id=DTBRMB6EA302,cached,2119
Nassau County School District,2026-05-11,https://go.boarddocs.com/fl/nassau/Board.nsf/Download-AgendaDetailed?open&id=DTSPD2640CBE,cached,359
Nassau County School District,2026-05-14,https://go.boarddocs.com/fl/nassau/Board.nsf/Download-AgendaDetailed?open&id=DSXRUG6FAF74,cached,40219
Nassau County School District,2026-06-08,https://go.boarddocs.com/fl/nassau/Board.nsf/Download-AgendaDetailed?open&id=DUGNFX5FBF8C,cached,373
Nassau County School District,2026-06-11,https://go.boarddocs.com/fl/nassau/Board.nsf/Download-AgendaDetailed?open&id=DU2M37593BD0,cached,36136
Nassau County School District,2026-06-18,https://go.boarddocs.com/fl/nassau/Board.nsf/Download-AgendaDetailed?open&id=DUWMTY5CDB2F,cached,5693
Nassau County School District,2026-07-20,https://go.boarddocs.com/fl/nassau/Board.nsf/Download-AgendaDetailed?open&id=DVZM6R59C10F,cached,7147
Nassau County School District,2026-07-20,https://go.boarddocs.com/fl/nassau/Board.nsf/Download-AgendaDetailed?open&id=DVZNPP60ED47,cached,741
Okaloosa County School District,2025-03-10,https://go.boarddocs.com/fl/okaloosa/Board.nsf/Download-AgendaDetailed?open&id=DB7P5462E301,cached,51430
Okaloosa County School District,2025-03-10,https://go.boarddocs.com/fl/okaloosa/Board.nsf/Download-AgendaDetailed?open&id=DE9RMS6EB4D3,cached,3386
Okaloosa County School District,2025-03-10,https://go.boarddocs.com/fl/okaloosa/Board.nsf/Download-AgendaDetailed?open&id=DEJQKC69AA0A,cached,43607
Okaloosa County School District,2025-03-24,https://go.boarddocs.com/fl/okaloosa/Board.nsf/Download-AgendaDetailed?open&id=DB7P6662E81D,cached,74266
Okaloosa County School District,2025-03-24,https://go.boarddocs.com/fl/okaloosa/Board.nsf/Download-AgendaDetailed?open&id=DEXLLV572169,cached,62562
Okaloosa County School District,2025-04-14,https://go.boarddocs.com/fl/okaloosa/Board.nsf/Download-AgendaDetailed?open&id=DDLSVE7482E3,cached,53142
Okaloosa County School District,2025-04-14,https://go.boarddocs.com/fl/okaloosa/Board.nsf/Download-AgendaDetailed?open&id=DFPMWW5D4B77,cached,44254
Okaloosa County School District,2025-04-28,https://go.boarddocs.com/fl/okaloosa/Board.nsf/Download-AgendaDetailed?open&id=DDLSXU74DE97,cached,70801
Okaloosa County School District,2025-04-28,https://go.boarddocs.com/fl/okaloosa/Board.nsf/Download-AgendaDetailed?open&id=DG3QMF69F848,cached,60372
Okaloosa County School District,2025-05-12,https://go.boarddocs.com/fl/okaloosa/Board.nsf/Download-AgendaDetailed?open&id=DDLSYU7503E6,cached,55705
Okaloosa County School District,2025-05-12,https://go.boarddocs.com/fl/okaloosa/Board.nsf/Download-AgendaDetailed?open&id=DGHSNR738756,cached,48230
Okaloosa County School District,2025-05-27,https://go.boarddocs.com/fl/okaloosa/Board.nsf/Download-AgendaDetailed?open&id=DDLT23752EE8,cached,81071
Okaloosa County School District,2025-05-27,https://go.boarddocs.com/fl/okaloosa/Board.nsf/Download-AgendaDetailed?open&id=DG7M4B594E8D,cached,2871
Okaloosa County School District,2025-05-27,https://go.boarddocs.com/fl/okaloosa/Board.nsf/Download-AgendaDetailed?open&id=DGXM3X59581C,cached,69276
Okaloosa County School District,2025-06-09,https://go.boarddocs.com/fl/okaloosa/Board.nsf/Download-AgendaDetailed?open&id=DG7LXP58B816,cached,74094
Okaloosa County School District,2025-06-09,https://go.boarddocs.com/fl/okaloosa/Board.nsf/Download-AgendaDetailed?open&id=DHDQCG68A23A,cached,62520
Okaloosa County School District,2025-06-23,https://go.boarddocs.com/fl/okaloosa/Board.nsf/Download-AgendaDetailed?open&id=DG7LZC58F61F,cached,133805
Okaloosa County School District,2025-06-23,https://go.boarddocs.com/fl/okaloosa/Board.nsf/Download-AgendaDetailed?open&id=DGXMTM5CD082,cached,10617
Okaloosa County School District,2025-06-23,https://go.boarddocs.com/fl/okaloosa/Board.nsf/Download-AgendaDetailed?open&id=DHTNCN5F4EE1,cached,113029
Okaloosa County School District,2025-07-14,https://go.boarddocs.com/fl/okaloosa/Board.nsf/Download-AgendaDetailed?open&id=DGVQF368CDBE,cached,99937
Okaloosa County School District,2025-07-14,https://go.boarddocs.com/fl/okaloosa/Board.nsf/Download-AgendaDetailed?open&id=DJHHWE3E4688,cached,84545
Okaloosa County School District,2025-07-28,https://go.boarddocs.com/fl/okaloosa/Board.nsf/Download-AgendaDetailed?open&id=DGVQER68FB03,cached,88425
Okaloosa County School District,2025-07-28,https://go.boarddocs.com/fl/okaloosa/Board.nsf/Download-AgendaDetailed?open&id=DJWRFT6DD32F,cached,73817
Okaloosa County School District,2025-08-11,https://go.boarddocs.com/fl/okaloosa/Board.nsf/Download-AgendaDetailed?open&id=DGVQGG693DDF,cached,79561
Okaloosa County School District,2025-08-11,https://go.boarddocs.com/fl/okaloosa/Board.nsf/Download-AgendaDetailed?open&id=DK8GLA444CA1,cached,3336
Okaloosa County School District,2025-08-11,https://go.boarddocs.com/fl/okaloosa/Board.nsf/Download-AgendaDetailed?open&id=DKCP7Y634DCC,cached,66742
Okaloosa County School District,2025-08-25,https://go.boarddocs.com/fl/okaloosa/Board.nsf/Download-AgendaDetailed?open&id=DGVQLT695EF3,cached,55051
Okaloosa County School District,2025-08-25,https://go.boarddocs.com/fl/okaloosa/Board.nsf/Download-AgendaDetailed?open&id=DKSSXD74CD31,cached,46519
Okaloosa County School District,2025-09-08,https://go.boarddocs.com/fl/okaloosa/Board.nsf/Download-AgendaDetailed?open&id=DGVQKT69A7DD,cached,86981
Okaloosa County School District,2025-09-08,https://go.boarddocs.com/fl/okaloosa/Board.nsf/Download-AgendaDetailed?open&id=DL8QR56A8241,cached,71531
Okaloosa County School District,2025-09-22,https://go.boarddocs.com/fl/okaloosa/Board.nsf/Download-AgendaDetailed?open&id=DGVQN869E053,cached,76869
Okaloosa County School District,2025-09-22,https://go.boarddocs.com/fl/okaloosa/Board.nsf/Download-AgendaDetailed?open&id=DLNPB763C866,cached,63459
Okaloosa County School District,2025-10-13,https://go.boarddocs.com/fl/okaloosa/Board.nsf/Download-AgendaDetailed?open&id=DGVQYD6A0171,cached,71931
Okaloosa County School District,2025-10-13,https://go.boarddocs.com/fl/okaloosa/Board.nsf/Download-AgendaDetailed?open&id=DMBQS56AA33A,cached,60903
Okaloosa County School District,2025-10-27,https://go.boarddocs.com/fl/okaloosa/Board.nsf/Download-AgendaDetailed?open&id=DGVR236A3CEC,cached,79010
Okaloosa County School District,2025-10-27,https://go.boarddocs.com/fl/okaloosa/Board.nsf/Download-AgendaDetailed?open&id=DMRRGH6DEF71,cached,66958
Okaloosa County School District,2025-11-10,https://go.boarddocs.com/fl/okaloosa/Board.nsf/Download-AgendaDetailed?open&id=DGVR3K6A8D87,cached,47312
Okaloosa County School District,2025-11-10,https://go.boarddocs.com/fl/okaloosa/Board.nsf/Download-AgendaDetailed?open&id=DMAQGM694357,cached,11965
Okaloosa County School District,2025-11-10,https://go.boarddocs.com/fl/okaloosa/Board.nsf/Download-AgendaDetailed?open&id=DN8FXK41438C,cached,39226
Okaloosa County School District,2025-12-08,https://go.boarddocs.com/fl/okaloosa/Board.nsf/Download-AgendaDetailed?open&id=DGVR9T6ACECF,cached,103691
Okaloosa County School District,2025-12-08,https://go.boarddocs.com/fl/okaloosa/Board.nsf/Download-AgendaDetailed?open&id=DP3S9S70FFCD,cached,87675
Okaloosa County School District,2026-01-12,https://go.boarddocs.com/fl/okaloosa/Board.nsf/Download-AgendaDetailed?open&id=DNKJ624B9691,fetched,69210
Okaloosa County School District,2026-01-12,https://go.boarddocs.com/fl/okaloosa/Board.nsf/Download-AgendaDetailed?open&id=DQ6MET5AF02B,fetched,58893
Okaloosa County School District,2026-01-26,https://go.boarddocs.com/fl/okaloosa/Board.nsf/Download-AgendaDetailed?open&id=DNKJKA4D87D4,fetched,67526
Okaloosa County School District,2026-01-26,https://go.boarddocs.com/fl/okaloosa/Board.nsf/Download-AgendaDetailed?open&id=DQLSNE737D39,fetched,57195
Okaloosa County School District,2026-02-09,https://go.boarddocs.com/fl/okaloosa/Board.nsf/Download-AgendaDetailed?open&id=DQ3RWM7000EB,fetched,36163
Okaloosa County School District,2026-02-09,https://go.boarddocs.com/fl/okaloosa/Board.nsf/Download-AgendaDetailed?open&id=DR5QMY69D3F2,fetched,30445
Okaloosa County School District,2026-02-23,https://go.boarddocs.com/fl/okaloosa/Board.nsf/Download-AgendaDetailed?open&id=DQ3RYJ7037FC,fetched,55783
Okaloosa County School District,2026-02-23,https://go.boarddocs.com/fl/okaloosa/Board.nsf/Download-AgendaDetailed?open&id=DRGPST66122A,fetched,46813
Okaloosa County School District,2026-03-09,https://go.boarddocs.com/fl/okaloosa/Board.nsf/Download-AgendaDetailed?open&id=DQJJGD4D19FB,fetched,70437
Okaloosa County School District,2026-03-09,https://go.boarddocs.com/fl/okaloosa/Board.nsf/Download-AgendaDetailed?open&id=DRVLK756E3A4,fetched,60055
Okaloosa County School District,2026-03-23,https://go.boarddocs.com/fl/okaloosa/Board.nsf/Download-AgendaDetailed?open&id=DQJJJ64D5D09,cached,61322
Okaloosa County School District,2026-03-23,https://go.boarddocs.com/fl/okaloosa/Board.nsf/Download-AgendaDetailed?open&id=DSCU5Q7A6B23,fetched,51347
Okeechobee County School Board,2025-03-11,https://go.boarddocs.com/fl/okee/Board.nsf/Download-AgendaDetailed?open&id=D7VPXF61F9E9,fetched,68553
Okeechobee County School Board,2025-04-08,https://go.boarddocs.com/fl/okee/Board.nsf/Download-AgendaDetailed?open&id=D7VPVT61F739,fetched,50781
Okeechobee County School Board,2025-05-13,https://go.boarddocs.com/fl/okee/Board.nsf/Download-AgendaDetailed?open&id=D7VNWY61FD74,fetched,71342
Okeechobee County School Board,2025-06-10,https://go.boarddocs.com/fl/okee/Board.nsf/Download-AgendaDetailed?open&id=D7VNYN61FF7A,fetched,48088
Okeechobee County School Board,2025-07-08,https://go.boarddocs.com/fl/okee/Board.nsf/Download-AgendaDetailed?open&id=DD7JR34D97C2,fetched,53727
Okeechobee County School Board,2025-07-22,https://go.boarddocs.com/fl/okee/Board.nsf/Download-AgendaDetailed?open&id=DFEH3P468E43,fetched,29126
Okeechobee County School Board,2025-07-29,https://go.boarddocs.com/fl/okee/Board.nsf/Download-AgendaDetailed?open&id=DFEH5E4693C7,fetched,31777
Okeechobee County School Board,2025-08-12,https://go.boarddocs.com/fl/okee/Board.nsf/Download-AgendaDetailed?open&id=DFEH724695A3,fetched,26847
Okeechobee County School Board,2025-08-25,https://go.boarddocs.com/fl/okee/Board.nsf/Download-AgendaDetailed?open&id=DKPJJV4D69C4,fetched,2912
Okeechobee County School Board,2025-09-09,https://go.boarddocs.com/fl/okee/Board.nsf/Download-AgendaDetailed?open&id=DFEH8N469995,fetched,76575
Okeechobee County School Board,2025-10-14,https://go.boarddocs.com/fl/okee/Board.nsf/Download-AgendaDetailed?open&id=DGLLBA55BB16,fetched,67962
Okeechobee County School Board,2025-10-22,https://go.boarddocs.com/fl/okee/Board.nsf/Download-AgendaDetailed?open&id=DMAKDG50D8E5,fetched,2765
Okeechobee County School Board,2025-11-11,https://go.boarddocs.com/fl/okee/Board.nsf/Download-AgendaDetailed?open&id=DGLLCK55EB8F,fetched,37173
Okeechobee County School Board,2025-12-09,https://go.boarddocs.com/fl/okee/Board.nsf/Download-AgendaDetailed?open&id=DGLLDF560BD6,fetched,52164
Orange County Public Schools,2025-03-11,https://go.boarddocs.com/fla/orcpsfl/Board.nsf/Download-AgendaDetailed?open&id=DAPQAA680631,cached,57214
Orange County Public Schools,2025-04-01,https://go.boarddocs.com/fla/orcpsfl/Board.nsf/Download-AgendaDetailed?open&id=DAPQWE6A9E94,cached,51711
Orange County Public Schools,2025-04-01,https://go.boarddocs.com/fla/orcpsfl/Board.nsf/Download-AgendaDetailed?open&id=DCPPDT642A6A,cached,902
Orange County Public Schools,2025-04-22,https://go.boarddocs.com/fla/orcpsfl/Board.nsf/Download-AgendaDetailed?open&id=DAPRXV703027,cached,95740
Orange County Public Schools,2025-05-06,https://go.boarddocs.com/fla/orcpsfl/Board.nsf/Download-AgendaDetailed?open&id=DEBSBS71ED8C,cached,946
Orange County Public Schools,2025-05-08,https://go.boarddocs.com/fla/orcpsfl/Board.nsf/Download-AgendaDetailed?open&id=DFHREJ6DA4E7,cached,1535
Orange County Public Schools,2025-05-13,https://go.boarddocs.com/fla/orcpsfl/Board.nsf/Download-AgendaDetailed?open&id=DBMNMD60966F,cached,385
Orange County Public Schools,2025-05-13,https://go.boarddocs.com/fla/orcpsfl/Board.nsf/Download-AgendaDetailed?open&id=DCSTFV75F0CB,cached,78336
Orange County Public Schools,2025-05-20,https://go.boarddocs.com/fla/orcpsfl/Board.nsf/Download-AgendaDetailed?open&id=DBMP2760CD30,cached,505
Orange County Public Schools,2025-06-10,https://go.boarddocs.com/fla/orcpsfl/Board.nsf/Download-AgendaDetailed?open&id=DBMP2H60F270,cached,619
Orange County Public Schools,2025-06-10,https://go.boarddocs.com/fla/orcpsfl/Board.nsf/Download-AgendaDetailed?open&id=DCSTHQ760094,cached,97122
Orange County Public Schools,2025-06-17,https://go.boarddocs.com/fla/orcpsfl/Board.nsf/Download-AgendaDetailed?open&id=DE2KGB51C882,cached,711
Orange County Public Schools,2025-06-24,https://go.boarddocs.com/fla/orcpsfl/Board.nsf/Download-AgendaDetailed?open&id=DCSTKN761340,cached,67209
Orange County Public Schools,2025-06-24,https://go.boarddocs.com/fla/orcpsfl/Board.nsf/Download-AgendaDetailed?open&id=DE2MX75D53EC,cached,670
Orange County Public Schools,2025-07-08,https://go.boarddocs.com/fla/orcpsfl/Board.nsf/Download-AgendaDetailed?open&id=DF7QRV6A9F42,cached,1723
Orange County Public Schools,2025-07-29,https://go.boarddocs.com/fla/orcpsfl/Board.nsf/Download-AgendaDetailed?open&id=DCSTPK763F1C,cached,84133
Orange County Public Schools,2025-08-12,https://go.boarddocs.com/fla/orcpsfl/Board.nsf/Download-AgendaDetailed?open&id=DCSTRM766C22,cached,41071
Orange County Public Schools,2025-08-19,https://go.boarddocs.com/fla/orcpsfl/Board.nsf/Download-AgendaDetailed?open&id=DHCLUA569541,cached,360
Orange County Public Schools,2025-08-26,https://go.boarddocs.com/fla/orcpsfl/Board.nsf/Download-AgendaDetailed?open&id=DCSTTF767AA0,cached,42819
Orange County Public Schools,2025-08-26,https://go.boarddocs.com/fla/orcpsfl/Board.nsf/Download-AgendaDetailed?open&id=DJLGJ843D140,cached,1390
Orange County Public Schools,2025-09-09,https://go.boarddocs.com/fla/orcpsfl/Board.nsf/Download-AgendaDetailed?open&id=DCSTV87694FE,cached,33189
Orange County Public Schools,2025-09-30,https://go.boarddocs.com/fla/orcpsfl/Board.nsf/Download-AgendaDetailed?open&id=DCSTWZ76AB7C,fetched,56818
Orange County Public Schools,2025-09-30,https://go.boarddocs.com/fla/orcpsfl/Board.nsf/Download-AgendaDetailed?open&id=DJLGYZ462A55,fetched,1473
Orange County Public Schools,2025-10-14,https://go.boarddocs.com/fla/orcpsfl/Board.nsf/Download-AgendaDetailed?open&id=DCSTYR76BADE,fetched,41730
Orange County Public Schools,2025-10-14,https://go.boarddocs.com/fla/orcpsfl/Board.nsf/Download-AgendaDetailed?open&id=DLVRLQ6E8D53,fetched,1564
Orange County Public Schools,2025-10-21,https://go.boarddocs.com/fla/orcpsfl/Board.nsf/Download-AgendaDetailed?open&id=DGMHTL4A0EF1,fetched,362
Orange County Public Schools,2025-10-28,https://go.boarddocs.com/fla/orcpsfl/Board.nsf/Download-AgendaDetailed?open&id=DCSU2K76C70A,fetched,55502
Orange County Public Schools,2025-11-06,https://go.boarddocs.com/fla/orcpsfl/Board.nsf/Download-AgendaDetailed?open&id=DLFNK96046DF,fetched,601
Orange County Public Schools,2025-11-06,https://go.boarddocs.com/fla/orcpsfl/Board.nsf/Download-AgendaDetailed?open&id=DMAMBW5A81CB,fetched,349
Orange County Public Schools,2025-11-07,https://go.boarddocs.com/fla/orcpsfl/Board.nsf/Download-AgendaDetailed?open&id=DLUKHJ51F639,fetched,623
Orange County Public Schools,2025-11-11,https://go.boarddocs.com/fla/orcpsfl/Board.nsf/Download-AgendaDetailed?open&id=DCSU4B76D54F,fetched,35496
Orange County Public Schools,2025-11-18,https://go.boarddocs.com/fla/orcpsfl/Board.nsf/Download-AgendaDetailed?open&id=DMRK4F500B4A,fetched,809
Orange County Public Schools,2025-12-01,https://go.boarddocs.com/fla/orcpsfl/Board.nsf/Download-AgendaDetailed?open&id=DNBLK856E594,fetched,308
Orange County Public Schools,2025-12-09,https://go.boarddocs.com/fla/orcpsfl/Board.nsf/Download-AgendaDetailed?open&id=DMUHUC4A2AFF,fetched,101024
Orange County Public Schools,2025-12-16,https://go.boarddocs.com/fla/orcpsfl/Board.nsf/Download-AgendaDetailed?open&id=DMRPNH6570BB,fetched,1217
Orange County Public Schools,2026-01-06,https://go.boarddocs.com/fla/orcpsfl/Board.nsf/Download-AgendaDetailed?open&id=DP2NB55F15E3,fetched,490
Orange County Public Schools,2026-01-13,https://go.boarddocs.com/fla/orcpsfl/Board.nsf/Download-AgendaDetailed?open&id=DMUM6Z59CA7E,fetched,105595
Orange County Public Schools,2026-01-27,https://go.boarddocs.com/fla/orcpsfl/Board.nsf/Download-AgendaDetailed?open&id=DNDPWD6691EA,fetched,434
Orange County Public Schools,2026-02-03,https://go.boarddocs.com/fla/orcpsfl/Board.nsf/Download-AgendaDetailed?open&id=DNDPXU66C972,fetched,517
Orange County Public Schools,2026-02-03,https://go.boarddocs.com/fla/orcpsfl/Board.nsf/Download-AgendaDetailed?open&id=DQCK88506BCA,fetched,375
Orange County Public Schools,2026-02-10,https://go.boarddocs.com/fla/orcpsfl/Board.nsf/Download-AgendaDetailed?open&id=DMUMZS5DB737,fetched,71261
Orange County Public Schools,2026-02-17,https://go.boarddocs.com/fla/orcpsfl/Board.nsf/Download-AgendaDetailed?open&id=DR2RYY6F51E7,fetched,466
Orange County Public Schools,2026-03-10,https://go.boarddocs.com/fla/orcpsfl/Board.nsf/Download-AgendaDetailed?open&id=DMXJCY4C9A7C,fetched,126956
Orange County Public Schools,2026-03-24,https://go.boarddocs.com/fla/orcpsfl/Board.nsf/Download-AgendaDetailed?open&id=DNDPZ266F911,fetched,2335
Orange County Public Schools,2026-03-26,https://go.boarddocs.com/fla/orcpsfl/Board.nsf/Download-AgendaDetailed?open&id=DSGTW6794FA5,fetched,485
Orange County Public Schools,2026-03-31,https://go.boarddocs.com/fla/orcpsfl/Board.nsf/Download-AgendaDetailed?open&id=DRTRMA6EA1C9,fetched,1211
Orange County Public Schools,2026-04-07,https://go.boarddocs.com/fla/orcpsfl/Board.nsf/Download-AgendaDetailed?open&id=DMXK374DFF6A,fetched,71529
Orange County Public Schools,2026-04-07,https://go.boarddocs.com/fla/orcpsfl/Board.nsf/Download-AgendaDetailed?open&id=DSHQ4H677BD0,fetched,653
Orange County Public Schools,2026-04-28,https://go.boarddocs.com/fla/orcpsfl/Board.nsf/Download-AgendaDetailed?open&id=DN6NEC5F8E10,fetched,1592
Orange County Public Schools,2026-04-28,https://go.boarddocs.com/fla/orcpsfl/Board.nsf/Download-AgendaDetailed?open&id=DQQJQN4E181E,fetched,526
Orange County Public Schools,2026-05-05,https://go.boarddocs.com/fla/orcpsfl/Board.nsf/Download-AgendaDetailed?open&id=DN7NMR60A43B,fetched,339
Orange County Public Schools,2026-05-12,https://go.boarddocs.com/fla/orcpsfl/Board.nsf/Download-AgendaDetailed?open&id=DMXJUZ4EF11E,fetched,112312
Orange County Public Schools,2026-05-12,https://go.boarddocs.com/fla/orcpsfl/Board.nsf/Download-AgendaDetailed?open&id=DRZQNU6A2D49,fetched,1197
Orange County Public Schools,2026-05-19,https://go.boarddocs.com/fla/orcpsfl/Board.nsf/Download-AgendaDetailed?open&id=DNDQ326744A7,fetched,1010
Orange County Public Schools,2026-05-19,https://go.boarddocs.com/fla/orcpsfl/Board.nsf/Download-AgendaDetailed?open&id=DU2NS2613BE1,fetched,4738
Orange County Public Schools,2026-06-09,https://go.boarddocs.com/fla/orcpsfl/Board.nsf/Download-AgendaDetailed?open&id=DTLK9550BAA6,fetched,727
Orange County Public Schools,2026-06-16,https://go.boarddocs.com/fla/orcpsfl/Board.nsf/Download-AgendaDetailed?open&id=DNDP8Y637428,fetched,128421
Orange County Public Schools,2026-06-23,https://go.boarddocs.com/fla/orcpsfl/Board.nsf/Download-AgendaDetailed?open&id=DN6NHK600773,fetched,363
Orange County Public Schools,2026-07-07,https://go.boarddocs.com/fla/orcpsfl/Board.nsf/Download-AgendaDetailed?open&id=DVBKYX543736,fetched,871
Orange County Public Schools,2026-07-21,https://go.boarddocs.com/fla/orcpsfl/Board.nsf/Download-AgendaDetailed?open&id=DUMLUR584541,fetched,1001
Orange County Public Schools,2026-07-28,https://go.boarddocs.com/fla/orcpsfl/Board.nsf/Download-AgendaDetailed?open&id=DNDPDG63FFE0,fetched,131744
Orange County Public Schools,2026-08-13,https://go.boarddocs.com/fla/orcpsfl/Board.nsf/Download-AgendaDetailed?open&id=DNDQ6C677ECC,fetched,642
Orange County Public Schools,2026-08-25,https://go.boarddocs.com/fla/orcpsfl/Board.nsf/Download-AgendaDetailed?open&id=DNDPF7645BC0,fetched,76056
Orange County Public Schools,2026-08-25,https://go.boarddocs.com/fla/orcpsfl/Board.nsf/Download-AgendaDetailed?open&id=DWTGYL461933,fetched,582
School District of Osceola County,2025-03-11,https://go.boarddocs.com/fl/osceola/Board.nsf/Download-AgendaDetailed?open&id=DBMSFK727BB4,fetched,84671
School District of Osceola County,2025-03-11,https://go.boarddocs.com/fl/osceola/Board.nsf/Download-AgendaDetailed?open&id=DBNHM7491E7F,fetched,3249
School District of Osceola County,2025-03-25,https://go.boarddocs.com/fl/osceola/Board.nsf/Download-AgendaDetailed?open&id=DBNHWF49E055,fetched,1475
School District of Osceola County,2025-03-25,https://go.boarddocs.com/fl/osceola/Board.nsf/Download-AgendaDetailed?open&id=DBNHXA4A1CA8,fetched,3054
School District of Osceola County,2025-04-08,https://go.boarddocs.com/fl/osceola/Board.nsf/Download-AgendaDetailed?open&id=DBNJSX4EA670,fetched,100238
School District of Osceola County,2025-05-27,https://go.boarddocs.com/fl/osceola/Board.nsf/Download-AgendaDetailed?open&id=DBNKEU50FF56,fetched,125346
School District of Osceola County,2025-05-27,https://go.boarddocs.com/fl/osceola/Board.nsf/Download-AgendaDetailed?open&id=DFRRNM6ED4DA,fetched,1407
School District of Osceola County,2025-05-27,https://go.boarddocs.com/fl/osceola/Board.nsf/Download-AgendaDetailed?open&id=DFRRPL6EF4FA,fetched,1332
School District of Osceola County,2025-06-19,https://go.boarddocs.com/fl/osceola/Board.nsf/Download-AgendaDetailed?open&id=DHSHGW487EC5,fetched,3471
School District of Osceola County,2025-06-24,https://go.boarddocs.com/fl/osceola/Board.nsf/Download-AgendaDetailed?open&id=DBNKV453A711,fetched,3009
School District of Osceola County,2025-06-24,https://go.boarddocs.com/fl/osceola/Board.nsf/Download-AgendaDetailed?open&id=DBNLBC53E955,fetched,1942
School District of Osceola County,2025-06-24,https://go.boarddocs.com/fl/osceola/Board.nsf/Download-AgendaDetailed?open&id=DBNLC25405A4,fetched,153783
School District of Osceola County,2025-06-24,https://go.boarddocs.com/fl/osceola/Board.nsf/Download-AgendaDetailed?open&id=DFHRSE6F6271,fetched,2335
School District of Osceola County,2025-07-15,https://go.boarddocs.com/fl/osceola/Board.nsf/Download-AgendaDetailed?open&id=DBNMNS5C1ACC,fetched,57380
School District of Osceola County,2025-07-15,https://go.boarddocs.com/fl/osceola/Board.nsf/Download-AgendaDetailed?open&id=DBNMPU5C4284,fetched,3263
School District of Osceola County,2025-07-15,https://go.boarddocs.com/fl/osceola/Board.nsf/Download-AgendaDetailed?open&id=DHZLAD5599B9,fetched,1277
School District of Osceola County,2025-07-29,https://go.boarddocs.com/fl/osceola/Board.nsf/Download-AgendaDetailed?open&id=DBNMQM5C5723,fetched,4809
School District of Osceola County,2025-07-29,https://go.boarddocs.com/fl/osceola/Board.nsf/Download-AgendaDetailed?open&id=DBNMTM5C6EC6,fetched,38846
School District of Osceola County,2025-07-29,https://go.boarddocs.com/fl/osceola/Board.nsf/Download-AgendaDetailed?open&id=DFRRQ66F0994,fetched,1485
School District of Osceola County,2025-08-12,https://go.boarddocs.com/fl/osceola/Board.nsf/Download-AgendaDetailed?open&id=DHJMUB5CE98D,fetched,50965
School District of Osceola County,2025-09-09,https://go.boarddocs.com/fl/osceola/Board.nsf/Download-AgendaDetailed?open&id=DHJP8R607809,fetched,89516
School District of Osceola County,2025-09-09,https://go.boarddocs.com/fl/osceola/Board.nsf/Download-AgendaDetailed?open&id=DHJPDF609141,fetched,3804
School District of Osceola County,2025-10-14,https://go.boarddocs.com/fl/osceola/Board.nsf/Download-AgendaDetailed?open&id=DHJP7360D434,fetched,95284
School District of Osceola County,2025-10-28,https://go.boarddocs.com/fl/osceola/Board.nsf/Download-AgendaDetailed?open&id=DLYQYJ6B97F4,fetched,2421
School District of Osceola County,2025-10-28,https://go.boarddocs.com/fl/osceola/Board.nsf/Download-AgendaDetailed?open&id=DLYQZP6B9F3A,fetched,1918
School District of Osceola County,2025-11-18,https://go.boarddocs.com/fl/osceola/Board.nsf/Download-AgendaDetailed?open&id=DLYR3Y6C19B3,fetched,82330
School District of Osceola County,2025-11-18,https://go.boarddocs.com/fl/osceola/Board.nsf/Download-AgendaDetailed?open&id=DLYR7M6CA219,fetched,2668
School District of Osceola County,2025-11-18,https://go.boarddocs.com/fl/osceola/Board.nsf/Download-AgendaDetailed?open&id=DMRKRP532610,fetched,2368
School District of Osceola County,2025-11-18,https://go.boarddocs.com/fl/osceola/Board.nsf/Download-AgendaDetailed?open&id=DN3PWK669EC2,fetched,2732
School District of Osceola County,2025-12-09,https://go.boarddocs.com/fl/osceola/Board.nsf/Download-AgendaDetailed?open&id=DLYR636C637E,fetched,3227
School District of Osceola County,2025-12-09,https://go.boarddocs.com/fl/osceola/Board.nsf/Download-AgendaDetailed?open&id=DLYR8B6C2A27,fetched,61708
School District of Osceola County,2025-12-09,https://go.boarddocs.com/fl/osceola/Board.nsf/Download-AgendaDetailed?open&id=DNMR6J6C79C9,fetched,2477
School District of Osceola County,2026-01-20,https://go.boarddocs.com/fl/osceola/Board.nsf/Download-AgendaDetailed?open&id=DP2Q9T6672B6,fetched,79535
School District of Osceola County,2026-01-20,https://go.boarddocs.com/fl/osceola/Board.nsf/Download-AgendaDetailed?open&id=DP2TB66FDC2A,fetched,1575
School District of Osceola County,2026-02-10,https://go.boarddocs.com/fl/osceola/Board.nsf/Download-AgendaDetailed?open&id=DP2Q7J66BA61,fetched,50162
School District of Osceola County,2026-02-10,https://go.boarddocs.com/fl/osceola/Board.nsf/Download-AgendaDetailed?open&id=DP2TAN6FDA2C,fetched,2707
School District of Osceola County,2026-03-10,https://go.boarddocs.com/fl/osceola/Board.nsf/Download-AgendaDetailed?open&id=DP2PX266B086,fetched,77449
School District of Osceola County,2026-03-10,https://go.boarddocs.com/fl/osceola/Board.nsf/Download-AgendaDetailed?open&id=DP8QXV6B7F1C,fetched,3292
School District of Osceola County,2026-04-07,https://go.boarddocs.com/fl/osceola/Board.nsf/Download-AgendaDetailed?open&id=DRZQ4P678411,fetched,1846
School District of Osceola County,2026-04-21,https://go.boarddocs.com/fl/osceola/Board.nsf/Download-AgendaDetailed?open&id=DP2QLV673443,fetched,109069
School District of Osceola County,2026-04-21,https://go.boarddocs.com/fl/osceola/Board.nsf/Download-AgendaDetailed?open&id=DP2TR3753CCF,fetched,1925
School District of Osceola County,2026-05-05,https://go.boarddocs.com/fl/osceola/Board.nsf/Download-AgendaDetailed?open&id=DP2QV96737F2,fetched,57296
School District of Osceola County,2026-05-05,https://go.boarddocs.com/fl/osceola/Board.nsf/Download-AgendaDetailed?open&id=DP2TC86FE11F,fetched,1300
School District of Osceola County,2026-05-05,https://go.boarddocs.com/fl/osceola/Board.nsf/Download-AgendaDetailed?open&id=DP2TRP7579DB,fetched,2724
School District of Palm Beach County,2025-03-12,https://go.boarddocs.com/fl/palmbeach/Board.nsf/Download-AgendaDetailed?open&id=DDRPYD66CEF9,fetched,101931
School District of Palm Beach County,2025-03-12,https://go.boarddocs.com/fl/palmbeach/Board.nsf/Download-AgendaDetailed?open&id=DE9PT6661E79,fetched,786
School District of Palm Beach County,2025-03-12,https://go.boarddocs.com/fl/palmbeach/Board.nsf/Download-AgendaDetailed?open&id=DE9PTM66307A,fetched,864
School District of Palm Beach County,2025-04-02,https://go.boarddocs.com/fl/palmbeach/Board.nsf/Download-AgendaDetailed?open&id=DEGQSP6ABC9D,fetched,21349
School District of Palm Beach County,2025-04-02,https://go.boarddocs.com/fl/palmbeach/Board.nsf/Download-AgendaDetailed?open&id=DEGQUE6AFE05,fetched,5285
School District of Palm Beach County,2025-04-02,https://go.boarddocs.com/fl/palmbeach/Board.nsf/Download-AgendaDetailed?open&id=DENGGC43B8F5,fetched,10158
School District of Palm Beach County,2025-04-02,https://go.boarddocs.com/fl/palmbeach/Board.nsf/Download-AgendaDetailed?open&id=DEWJL94DAC49,fetched,838
School District of Palm Beach County,2025-04-02,https://go.boarddocs.com/fl/palmbeach/Board.nsf/Download-AgendaDetailed?open&id=DEWJLW4DC48E,fetched,4667
School District of Palm Beach County,2025-04-23,https://go.boarddocs.com/fl/palmbeach/Board.nsf/Download-AgendaDetailed?open&id=DEGQUS6B0B5A,fetched,243888
School District of Palm Beach County,2025-04-23,https://go.boarddocs.com/fl/palmbeach/Board.nsf/Download-AgendaDetailed?open&id=DFBHF34839A5,fetched,822
School District of Palm Beach County,2025-04-23,https://go.boarddocs.com/fl/palmbeach/Board.nsf/Download-AgendaDetailed?open&id=DFBHFE484623,fetched,7354
School District of Palm Beach County,2025-04-23,https://go.boarddocs.com/fl/palmbeach/Board.nsf/Download-AgendaDetailed?open&id=DFQLXY58C313,fetched,3346
School District of Palm Beach County,2025-04-23,https://go.boarddocs.com/fl/palmbeach/Board.nsf/Download-AgendaDetailed?open&id=DFTKJR5223E9,fetched,840
School District of Palm Beach County,2025-05-07,https://go.boarddocs.com/fl/palmbeach/Board.nsf/Download-AgendaDetailed?open&id=DFKGHT43F0B9,fetched,188714
School District of Palm Beach County,2025-05-07,https://go.boarddocs.com/fl/palmbeach/Board.nsf/Download-AgendaDetailed?open&id=DG2MR35C702C,fetched,844
School District of Palm Beach County,2025-05-28,https://go.boarddocs.com/fl/palmbeach/Board.nsf/Download-AgendaDetailed?open&id=DFYGNL4485D1,fetched,45979
School District of Palm Beach County,2025-05-28,https://go.boarddocs.com/fl/palmbeach/Board.nsf/Download-AgendaDetailed?open&id=DG2LDL5611D4,fetched,9559
School District of Palm Beach County,2025-05-28,https://go.boarddocs.com/fl/palmbeach/Board.nsf/Download-AgendaDetailed?open&id=DGNR726C8C60,fetched,23347
School District of Palm Beach County,2025-06-04,https://go.boarddocs.com/fl/palmbeach/Board.nsf/Download-AgendaDetailed?open&id=DFYGM5446A82,fetched,199289
School District of Palm Beach County,2025-06-04,https://go.boarddocs.com/fl/palmbeach/Board.nsf/Download-AgendaDetailed?open&id=DGTHHV48A335,fetched,969
School District of Palm Beach County,2025-06-04,https://go.boarddocs.com/fl/palmbeach/Board.nsf/Download-AgendaDetailed?open&id=DGTHN748D467,fetched,2017
School District of Palm Beach County,2025-06-04,https://go.boarddocs.com/fl/palmbeach/Board.nsf/Download-AgendaDetailed?open&id=DGXJJT4D7574,fetched,1625
School District of Palm Beach County,2025-07-16,https://go.boarddocs.com/fl/palmbeach/Board.nsf/Download-AgendaDetailed?open&id=DGXKRG531FB3,fetched,194773
School District of Palm Beach County,2025-07-16,https://go.boarddocs.com/fl/palmbeach/Board.nsf/Download-AgendaDetailed?open&id=DHWQC56899B6,fetched,2150
School District of Palm Beach County,2025-07-16,https://go.boarddocs.com/fl/palmbeach/Board.nsf/Download-AgendaDetailed?open&id=DHXN795CF2B7,fetched,893
School District of Palm Beach County,2025-07-30,https://go.boarddocs.com/fl/palmbeach/Board.nsf/Download-AgendaDetailed?open&id=DHHLMY574C5B,fetched,5584
School District of Palm Beach County,2025-07-30,https://go.boarddocs.com/fl/palmbeach/Board.nsf/Download-AgendaDetailed?open&id=DHJKAH50EE48,fetched,37559
School District of Palm Beach County,2025-07-30,https://go.boarddocs.com/fl/palmbeach/Board.nsf/Download-AgendaDetailed?open&id=DHJKBD50FE5C,fetched,18377
School District of Palm Beach County,2025-07-30,https://go.boarddocs.com/fl/palmbeach/Board.nsf/Download-AgendaDetailed?open&id=DHJKBS5113F0,fetched,6309
School District of Palm Beach County,2025-07-30,https://go.boarddocs.com/fl/palmbeach/Board.nsf/Download-AgendaDetailed?open&id=DHJKD7515347,fetched,927
School District of Palm Beach County,2025-08-13,https://go.boarddocs.com/fl/palmbeach/Board.nsf/Download-AgendaDetailed?open&id=DJEJ2Y4B0173,fetched,21557
School District of Palm Beach County,2025-08-13,https://go.boarddocs.com/fl/palmbeach/Board.nsf/Download-AgendaDetailed?open&id=DJSKFM517536,fetched,4169
School District of Palm Beach County,2025-08-13,https://go.boarddocs.com/fl/palmbeach/Board.nsf/Download-AgendaDetailed?open&id=DK9KM8528007,fetched,863
School District of Palm Beach County,2025-08-13,https://go.boarddocs.com/fl/palmbeach/Board.nsf/Download-AgendaDetailed?open&id=DK9KPT52E132,fetched,2240
School District of Palm Beach County,2025-08-20,https://go.boarddocs.com/fl/palmbeach/Board.nsf/Download-AgendaDetailed?open&id=DJEHZN4AF238,fetched,156504
School District of Palm Beach County,2025-08-20,https://go.boarddocs.com/fl/palmbeach/Board.nsf/Download-AgendaDetailed?open&id=DKBT2Z7554F8,fetched,2034
School District of Palm Beach County,2025-08-20,https://go.boarddocs.com/fl/palmbeach/Board.nsf/Download-AgendaDetailed?open&id=DKBT6775CC1B,fetched,2074
School District of Palm Beach County,2025-09-10,https://go.boarddocs.com/fl/palmbeach/Board.nsf/Download-AgendaDetailed?open&id=DKCJQF4E48B9,fetched,6156
School District of Palm Beach County,2025-09-10,https://go.boarddocs.com/fl/palmbeach/Board.nsf/Download-AgendaDetailed?open&id=DKCJQP4E1B46,fetched,43304
School District of Palm Beach County,2025-09-10,https://go.boarddocs.com/fl/palmbeach/Board.nsf/Download-AgendaDetailed?open&id=DKCJRN4E298A,fetched,4911
School District of Palm Beach County,2025-09-10,https://go.boarddocs.com/fl/palmbeach/Board.nsf/Download-AgendaDetailed?open&id=DKFK4E4C5587,fetched,3554
School District of Palm Beach County,2025-09-10,https://go.boarddocs.com/fl/palmbeach/Board.nsf/Download-AgendaDetailed?open&id=DKYJNY4E11DA,fetched,884
School District of Palm Beach County,2025-09-17,https://go.boarddocs.com/fl/palmbeach/Board.nsf/Download-AgendaDetailed?open&id=DKCJRV4E399E,fetched,172862
School District of Palm Beach County,2025-09-17,https://go.boarddocs.com/fl/palmbeach/Board.nsf/Download-AgendaDetailed?open&id=DKYJPK4E26A6,fetched,985
School District of Palm Beach County,2025-09-17,https://go.boarddocs.com/fl/palmbeach/Board.nsf/Download-AgendaDetailed?open&id=DLCRMA6EA201,fetched,2004
School District of Palm Beach County,2025-10-08,https://go.boarddocs.com/fl/palmbeach/Board.nsf/Download-AgendaDetailed?open&id=DLBJQQ4E52CC,fetched,49104
School District of Palm Beach County,2025-10-08,https://go.boarddocs.com/fl/palmbeach/Board.nsf/Download-AgendaDetailed?open&id=DLBJRL4E661E,fetched,6344
School District of Palm Beach County,2025-10-08,https://go.boarddocs.com/fl/palmbeach/Board.nsf/Download-AgendaDetailed?open&id=DLBJRZ4E7B3C,fetched,6427
School District of Palm Beach County,2025-10-08,https://go.boarddocs.com/fl/palmbeach/Board.nsf/Download-AgendaDetailed?open&id=DLBJSS4E92FB,fetched,4503
School District of Palm Beach County,2025-10-15,https://go.boarddocs.com/fl/palmbeach/Board.nsf/Download-AgendaDetailed?open&id=DLBJQ44E3881,fetched,148030
School District of Palm Beach County,2025-10-15,https://go.boarddocs.com/fl/palmbeach/Board.nsf/Download-AgendaDetailed?open&id=DM3J4F4B5A3C,fetched,967
School District of Palm Beach County,2025-10-15,https://go.boarddocs.com/fl/palmbeach/Board.nsf/Download-AgendaDetailed?open&id=DM3J4P4B3A7E,fetched,976
School District of Palm Beach County,2025-10-30,https://go.boarddocs.com/fl/palmbeach/Board.nsf/Download-AgendaDetailed?open&id=DLBJW34EF6EC,fetched,1443
School District of Palm Beach County,2025-11-05,https://go.boarddocs.com/fl/palmbeach/Board.nsf/Download-AgendaDetailed?open&id=DM3J7G4BCCA8,fetched,26304
School District of Palm Beach County,2025-11-05,https://go.boarddocs.com/fl/palmbeach/Board.nsf/Download-AgendaDetailed?open&id=DM3J7U4BDA9A,fetched,4607
School District of Palm Beach County,2025-11-05,https://go.boarddocs.com/fl/palmbeach/Board.nsf/Download-AgendaDetailed?open&id=DM3J874BE722,fetched,10501
School District of Palm Beach County,2025-11-05,https://go.boarddocs.com/fl/palmbeach/Board.nsf/Download-AgendaDetailed?open&id=DMXMU25CDF1C,fetched,1892
School District of Palm Beach County,2025-11-19,https://go.boarddocs.com/fl/palmbeach/Board.nsf/Download-AgendaDetailed?open&id=DM3J8J4BF4E6,fetched,112138
School District of Palm Beach County,2025-11-19,https://go.boarddocs.com/fl/palmbeach/Board.nsf/Download-AgendaDetailed?open&id=DMAPUP6655B8,fetched,6251
School District of Palm Beach County,2025-12-09,https://go.boarddocs.com/fl/palmbeach/Board.nsf/Download-AgendaDetailed?open&id=DNYQE568E158,fetched,1470
School District of Palm Beach County,2025-12-10,https://go.boarddocs.com/fl/palmbeach/Board.nsf/Download-AgendaDetailed?open&id=DN7HSE49E250,fetched,3490
School District of Palm Beach County,2025-12-10,https://go.boarddocs.com/fl/palmbeach/Board.nsf/Download-AgendaDetailed?open&id=DN7HSQ49EEBD,fetched,31603
School District of Palm Beach County,2025-12-10,https://go.boarddocs.com/fl/palmbeach/Board.nsf/Download-AgendaDetailed?open&id=DN7HTV49FB09,fetched,11377
School District of Palm Beach County,2025-12-10,https://go.boarddocs.com/fl/palmbeach/Board.nsf/Download-AgendaDetailed?open&id=DNMMNS5C1A6A,fetched,845
School District of Palm Beach County,2025-12-17,https://go.boarddocs.com/fl/palmbeach/Board.nsf/Download-AgendaDetailed?open&id=DN7HUK4A062E,fetched,139603
School District of Palm Beach County,2025-12-17,https://go.boarddocs.com/fl/palmbeach/Board.nsf/Download-AgendaDetailed?open&id=DNMMQU5C685C,fetched,933
School District of Palm Beach County,2025-12-17,https://go.boarddocs.com/fl/palmbeach/Board.nsf/Download-AgendaDetailed?open&id=DNZLEE56306E,fetched,1936
School District of Palm Beach County,2026-01-21,https://go.boarddocs.com/fl/palmbeach/Board.nsf/Download-AgendaDetailed?open&id=DP6KJG52194C,fetched,106807
School District of Palm Beach County,2026-01-21,https://go.boarddocs.com/fl/palmbeach/Board.nsf/Download-AgendaDetailed?open&id=DQ3K7W508CCA,fetched,896
School District of Palm Beach County,2026-01-21,https://go.boarddocs.com/fl/palmbeach/Board.nsf/Download-AgendaDetailed?open&id=DQDKCD5133DA,fetched,1936
School District of Palm Beach County,2026-02-04,https://go.boarddocs.com/fl/palmbeach/Board.nsf/Download-AgendaDetailed?open&id=DQ5L6U54E8D5,fetched,14692
School District of Palm Beach County,2026-02-04,https://go.boarddocs.com/fl/palmbeach/Board.nsf/Download-AgendaDetailed?open&id=DQ6QHP6956FF,fetched,6241
School District of Palm Beach County,2026-02-04,https://go.boarddocs.com/fl/palmbeach/Board.nsf/Download-AgendaDetailed?open&id=DQPK6M4FD8BC,fetched,13454
School District of Palm Beach County,2026-02-04,https://go.boarddocs.com/fl/palmbeach/Board.nsf/Download-AgendaDetailed?open&id=DQPMKX5BB088,fetched,909
School District of Palm Beach County,2026-02-04,https://go.boarddocs.com/fl/palmbeach/Board.nsf/Download-AgendaDetailed?open&id=DQPMLB5BBE20,fetched,914
School District of Palm Beach County,2026-02-04,https://go.boarddocs.com/fl/palmbeach/Board.nsf/Download-AgendaDetailed?open&id=DQPMM65BDB46,fetched,2014
School District of Palm Beach County,2026-02-04,https://go.boarddocs.com/fl/palmbeach/Board.nsf/Download-AgendaDetailed?open&id=DQPMQC5C546D,fetched,10396
School District of Palm Beach County,2026-02-18,https://go.boarddocs.com/fl/palmbeach/Board.nsf/Download-AgendaDetailed?open&id=DQ6QG76933AE,fetched,134718
School District of Palm Beach County,2026-02-18,https://go.boarddocs.com/fl/palmbeach/Board.nsf/Download-AgendaDetailed?open&id=DQWS2N709798,fetched,933
School District of Palm Beach County,2026-02-18,https://go.boarddocs.com/fl/palmbeach/Board.nsf/Download-AgendaDetailed?open&id=DQWSCC7202F5,fetched,1874
School District of Palm Beach County,2026-02-18,https://go.boarddocs.com/fl/palmbeach/Board.nsf/Download-AgendaDetailed?open&id=DR5L785522B7,fetched,883
School District of Palm Beach County,2026-02-25,https://go.boarddocs.com/fl/palmbeach/Board.nsf/Download-AgendaDetailed?open&id=DR5LGH567ECC,fetched,1252
Pasco County Schools,2025-04-01,https://go.boarddocs.com/fl/pasco/Board.nsf/Download-AgendaDetailed?open&id=DCQJKB4D70EA,fetched,71427
Pasco County Schools,2025-04-01,https://go.boarddocs.com/fl/pasco/Board.nsf/Download-AgendaDetailed?open&id=DEJLCN55EE90,fetched,952
Pasco County Schools,2025-04-01,https://go.boarddocs.com/fl/pasco/Board.nsf/Download-AgendaDetailed?open&id=DEJSJE72E6A6,fetched,312
Pasco County Schools,2025-04-15,https://go.boarddocs.com/fl/pasco/Board.nsf/Download-AgendaDetailed?open&id=DCQJLK4D8723,fetched,59712
Pasco County Schools,2025-04-15,https://go.boarddocs.com/fl/pasco/Board.nsf/Download-AgendaDetailed?open&id=DDJMS35C9638,fetched,1161
Pasco County Schools,2025-05-06,https://go.boarddocs.com/fl/pasco/Board.nsf/Download-AgendaDetailed?open&id=DF3P6D631317,fetched,53121
Pasco County Schools,2025-05-06,https://go.boarddocs.com/fl/pasco/Board.nsf/Download-AgendaDetailed?open&id=DF4NSK61588C,fetched,1327
Pasco County Schools,2025-05-20,https://go.boarddocs.com/fl/pasco/Board.nsf/Download-AgendaDetailed?open&id=DF3P7R632DA0,fetched,61108
Pasco County Schools,2025-05-20,https://go.boarddocs.com/fl/pasco/Board.nsf/Download-AgendaDetailed?open&id=DFSLDF5526B2,fetched,453
Pasco County Schools,2025-05-20,https://go.boarddocs.com/fl/pasco/Board.nsf/Download-AgendaDetailed?open&id=DGHQRL6A8353,fetched,494
Pasco County Schools,2025-06-17,https://go.boarddocs.com/fl/pasco/Board.nsf/Download-AgendaDetailed?open&id=DFSL755510E3,fetched,73834
Pasco County Schools,2025-06-17,https://go.boarddocs.com/fl/pasco/Board.nsf/Download-AgendaDetailed?open&id=DHGJXH4F2481,fetched,525
Pasco County Schools,2025-07-08,https://go.boarddocs.com/fl/pasco/Board.nsf/Download-AgendaDetailed?open&id=DFSL6N54CF8A,fetched,1208
Pasco County Schools,2025-07-08,https://go.boarddocs.com/fl/pasco/Board.nsf/Download-AgendaDetailed?open&id=DFSLC4551C90,fetched,46804
Pasco County Schools,2025-07-22,https://go.boarddocs.com/fl/pasco/Board.nsf/Download-AgendaDetailed?open&id=DHRPP765509B,fetched,45205
Pasco County Schools,2025-07-22,https://go.boarddocs.com/fl/pasco/Board.nsf/Download-AgendaDetailed?open&id=DJFSMH735A83,fetched,649
Pasco County Schools,2025-07-29,https://go.boarddocs.com/fl/pasco/Board.nsf/Download-AgendaDetailed?open&id=DHRPQJ655D45,fetched,35064
Pasco County Schools,2025-08-05,https://go.boarddocs.com/fl/pasco/Board.nsf/Download-AgendaDetailed?open&id=DHRPRQ655F40,fetched,27018
Pasco County Schools,2025-08-05,https://go.boarddocs.com/fl/pasco/Board.nsf/Download-AgendaDetailed?open&id=DJSPKR650981,fetched,1428
Pasco County Schools,2025-08-05,https://go.boarddocs.com/fl/pasco/Board.nsf/Download-AgendaDetailed?open&id=DK2TQ3786B47,fetched,935
Pasco County Schools,2025-08-19,https://go.boarddocs.com/fl/pasco/Board.nsf/Download-AgendaDetailed?open&id=DHRPMN654945,fetched,38888
Pasco County Schools,2025-08-19,https://go.boarddocs.com/fl/pasco/Board.nsf/Download-AgendaDetailed?open&id=DJSPMJ65457B,fetched,4597
Pasco County Schools,2025-09-09,https://go.boarddocs.com/fl/pasco/Board.nsf/Download-AgendaDetailed?open&id=DJSPP7658A3C,fetched,880
Pasco County Schools,2025-09-09,https://go.boarddocs.com/fl/pasco/Board.nsf/Download-AgendaDetailed?open&id=DJVJ6V4BB4DF,fetched,58246
Pasco County Schools,2025-09-23,https://go.boarddocs.com/fl/pasco/Board.nsf/Download-AgendaDetailed?open&id=DJVJ8S4BE881,fetched,47065
Pasco County Schools,2025-10-07,https://go.boarddocs.com/fl/pasco/Board.nsf/Download-AgendaDetailed?open&id=DKBP9G638764,fetched,46047
Pasco County Schools,2025-10-07,https://go.boarddocs.com/fl/pasco/Board.nsf/Download-AgendaDetailed?open&id=DKGHGA486771,fetched,783
Pasco County Schools,2025-10-21,https://go.boarddocs.com/fl/pasco/Board.nsf/Download-AgendaDetailed?open&id=DKBPAQ6389E4,fetched,43136
Pasco County Schools,2025-11-04,https://go.boarddocs.com/fl/pasco/Board.nsf/Download-AgendaDetailed?open&id=DLSQEJ68F4EA,fetched,45605
Pasco County Schools,2025-11-04,https://go.boarddocs.com/fl/pasco/Board.nsf/Download-AgendaDetailed?open&id=DMPRQ86F10CC,fetched,661
Pasco County Schools,2025-11-18,https://go.boarddocs.com/fl/pasco/Board.nsf/Download-AgendaDetailed?open&id=DLSQFY692B4B,fetched,56669
Pasco County Schools,2025-12-16,https://go.boarddocs.com/fl/pasco/Board.nsf/Download-AgendaDetailed?open&id=DLSQHH69649F,fetched,53553
Pasco County Schools,2025-12-16,https://go.boarddocs.com/fl/pasco/Board.nsf/Download-AgendaDetailed?open&id=DN7PCW63D331,fetched,851
Pasco County Schools,2026-01-13,https://go.boarddocs.com/fl/pasco/Board.nsf/Download-AgendaDetailed?open&id=DNMSPR72C033,fetched,43259
Pasco County Schools,2026-01-13,https://go.boarddocs.com/fl/pasco/Board.nsf/Download-AgendaDetailed?open&id=DPDLCR55F30B,fetched,3353
Pasco County Schools,2026-02-03,https://go.boarddocs.com/fl/pasco/Board.nsf/Download-AgendaDetailed?open&id=DNMSR572C53B,fetched,48496
Pasco County Schools,2026-02-03,https://go.boarddocs.com/fl/pasco/Board.nsf/Download-AgendaDetailed?open&id=DQ2LSX580663,fetched,489
Pasco County Schools,2026-02-17,https://go.boarddocs.com/fl/pasco/Board.nsf/Download-AgendaDetailed?open&id=DNMSSB72C858,fetched,56702
Pasco County Schools,2026-02-17,https://go.boarddocs.com/fl/pasco/Board.nsf/Download-AgendaDetailed?open&id=DQ2LT3580AC5,fetched,928
Pasco County Schools,2026-03-03,https://go.boarddocs.com/fl/pasco/Board.nsf/Download-AgendaDetailed?open&id=DNMSTM72C9FF,fetched,32356
Pasco County Schools,2026-03-03,https://go.boarddocs.com/fl/pasco/Board.nsf/Download-AgendaDetailed?open&id=DR5MWV5D4A0A,fetched,773
Pinellas County Schools,2025-03-11,https://go.boarddocs.com/fl/pcsfl/Board.nsf/Download-AgendaDetailed?open&id=DBCM2A591080,cached,3520
Pinellas County Schools,2025-03-25,https://go.boarddocs.com/fl/pcsfl/Board.nsf/Download-AgendaDetailed?open&id=DBCMP55C2802,cached,62487
Pinellas County Schools,2025-04-08,https://go.boarddocs.com/fl/pcsfl/Board.nsf/Download-AgendaDetailed?open&id=DBCMQL5C2A20,cached,32527
Pinellas County Schools,2025-04-15,https://go.boarddocs.com/fl/pcsfl/Board.nsf/Download-AgendaDetailed?open&id=DBCM2K59122F,cached,4934
Pinellas County Schools,2025-04-22,https://go.boarddocs.com/fl/pcsfl/Board.nsf/Download-AgendaDetailed?open&id=DBCM945A1858,cached,39523
Pinellas County Schools,2025-05-06,https://go.boarddocs.com/fl/pcsfl/Board.nsf/Download-AgendaDetailed?open&id=DBCM2U591413,cached,3217
Pinellas County Schools,2025-05-13,https://go.boarddocs.com/fl/pcsfl/Board.nsf/Download-AgendaDetailed?open&id=DBCMAK5A1A94,cached,81973
Pinellas County Schools,2025-05-27,https://go.boarddocs.com/fl/pcsfl/Board.nsf/Download-AgendaDetailed?open&id=DGTGFG439844,cached,9280
Pinellas County Schools,2025-06-10,https://go.boarddocs.com/fl/pcsfl/Board.nsf/Download-AgendaDetailed?open&id=DBCMC25A1CC2,cached,74346
Pinellas County Schools,2025-06-24,https://go.boarddocs.com/fl/pcsfl/Board.nsf/Download-AgendaDetailed?open&id=DBCM355916EB,cached,3676
Pinellas County Schools,2025-06-24,https://go.boarddocs.com/fl/pcsfl/Board.nsf/Download-AgendaDetailed?open&id=DBCMDH5A1E93,cached,66379
Pinellas County Schools,2025-07-15,https://go.boarddocs.com/fl/pcsfl/Board.nsf/Download-AgendaDetailed?open&id=DBCMF25A207A,cached,47315
Pinellas County Schools,2025-07-22,https://go.boarddocs.com/fl/pcsfl/Board.nsf/Download-AgendaDetailed?open&id=DBCM7359CD5F,cached,4190
Pinellas County Schools,2025-07-29,https://go.boarddocs.com/fl/pcsfl/Board.nsf/Download-AgendaDetailed?open&id=DBCMGH5A2234,cached,53081
Pinellas County Schools,2025-07-29,https://go.boarddocs.com/fl/pcsfl/Board.nsf/Download-AgendaDetailed?open&id=DBCMWJ5D3D62,cached,3620
Pinellas County Schools,2025-08-19,https://go.boarddocs.com/fl/pcsfl/Board.nsf/Download-AgendaDetailed?open&id=DBCM3E591A1B,cached,3615
Pinellas County Schools,2025-08-19,https://go.boarddocs.com/fl/pcsfl/Board.nsf/Download-AgendaDetailed?open&id=DBCMHY5A2449,cached,47232
Pinellas County Schools,2025-09-09,https://go.boarddocs.com/fl/pcsfl/Board.nsf/Download-AgendaDetailed?open&id=DBCMKF5A2797,cached,35216
Pinellas County Schools,2025-09-09,https://go.boarddocs.com/fl/pcsfl/Board.nsf/Download-AgendaDetailed?open&id=DBCMYD5D821B,cached,3985
Pinellas County Schools,2025-09-16,https://go.boarddocs.com/fl/pcsfl/Board.nsf/Download-AgendaDetailed?open&id=DBCLZZ590D3B,cached,3297
Pinellas County Schools,2025-09-23,https://go.boarddocs.com/fl/pcsfl/Board.nsf/Download-AgendaDetailed?open&id=DBCMLY5A2C87,cached,55738
Pinellas County Schools,2025-10-14,https://go.boarddocs.com/fl/pcsfl/Board.nsf/Download-AgendaDetailed?open&id=DBCMNH5A2E53,cached,43798
Pinellas County Schools,2025-10-21,https://go.boarddocs.com/fl/pcsfl/Board.nsf/Download-AgendaDetailed?open&id=DBCM7C59CF3D,cached,3930
Pinellas County Schools,2025-10-28,https://go.boarddocs.com/fl/pcsfl/Board.nsf/Download-AgendaDetailed?open&id=DBCMQ35A3020,cached,46787
Pinellas County Schools,2025-11-11,https://go.boarddocs.com/fl/pcsfl/Board.nsf/Download-AgendaDetailed?open&id=DBCMRJ5A31DC,cached,51129
Pinellas County Schools,2025-11-11,https://go.boarddocs.com/fl/pcsfl/Board.nsf/Download-AgendaDetailed?open&id=DBCMZD5DA87E,cached,2732
Pinellas County Schools,2025-11-11,https://go.boarddocs.com/fl/pcsfl/Board.nsf/Download-AgendaDetailed?open&id=DBCMZP5DB1A0,cached,1178
Pinellas County Schools,2025-12-09,https://go.boarddocs.com/fl/pcsfl/Board.nsf/Download-AgendaDetailed?open&id=DNRJRB4E69FC,cached,4588
Pinellas County Schools,2025-12-16,https://go.boarddocs.com/fl/pcsfl/Board.nsf/Download-AgendaDetailed?open&id=DMQQRV6A9EA3,cached,57067
Pinellas County Schools,2026-01-20,https://go.boarddocs.com/fl/pcsfl/Board.nsf/Download-AgendaDetailed?open&id=DNRJSQ4E8471,cached,3799
Pinellas County Schools,2026-01-27,https://go.boarddocs.com/fl/pcsfl/Board.nsf/Download-AgendaDetailed?open&id=DMQQTH6AC098,cached,61307
Pinellas County Schools,2026-02-10,https://go.boarddocs.com/fl/pcsfl/Board.nsf/Download-AgendaDetailed?open&id=DMQR7K6B0388,cached,35498
Pinellas County Schools,2026-02-17,https://go.boarddocs.com/fl/pcsfl/Board.nsf/Download-AgendaDetailed?open&id=DNRJT84E8D1C,cached,4577
Pinellas County Schools,2026-02-24,https://go.boarddocs.com/fl/pcsfl/Board.nsf/Download-AgendaDetailed?open&id=DMQRD76C8FF3,cached,56749
Pinellas County Schools,2026-03-11,https://go.boarddocs.com/fl/pcsfl/Board.nsf/Download-AgendaDetailed?open&id=DMQQV96AF398,cached,46037
Pinellas County Schools,2026-03-24,https://go.boarddocs.com/fl/pcsfl/Board.nsf/Download-AgendaDetailed?open&id=DNRJTN4E8F06,cached,3738
Pinellas County Schools,2026-03-31,https://go.boarddocs.com/fl/pcsfl/Board.nsf/Download-AgendaDetailed?open&id=DMQRG86C9C59,cached,28994
Pinellas County Schools,2026-04-14,https://go.boarddocs.com/fl/pcsfl/Board.nsf/Download-AgendaDetailed?open&id=DMQRHT6CA79D,cached,34843
Pinellas County Schools,2026-04-21,https://go.boarddocs.com/fl/pcsfl/Board.nsf/Download-AgendaDetailed?open&id=DNRJU44E909F,cached,4105
Pinellas County Schools,2026-04-28,https://go.boarddocs.com/fl/pcsfl/Board.nsf/Download-AgendaDetailed?open&id=DMQQWR6AF64D,cached,52079
Pinellas County Schools,2026-05-12,https://go.boarddocs.com/fl/pcsfl/Board.nsf/Download-AgendaDetailed?open&id=DNRJUJ4E966A,cached,3188
Pinellas County Schools,2026-05-19,https://go.boarddocs.com/fl/pcsfl/Board.nsf/Download-AgendaDetailed?open&id=DMQQY86AF8E8,cached,75286
Pinellas County Schools,2026-06-09,https://go.boarddocs.com/fl/pcsfl/Board.nsf/Download-AgendaDetailed?open&id=DMQRKC6CAAC8,cached,70931
Pinellas County Schools,2026-06-23,https://go.boarddocs.com/fl/pcsfl/Board.nsf/Download-AgendaDetailed?open&id=DMQQZP6AFB6A,cached,82054
Pinellas County Schools,2026-06-23,https://go.boarddocs.com/fl/pcsfl/Board.nsf/Download-AgendaDetailed?open&id=DNRJVE4E9A10,cached,4314
Pinellas County Schools,2026-07-14,https://go.boarddocs.com/fl/pcsfl/Board.nsf/Download-AgendaDetailed?open&id=DMQR4M6AFFA7,cached,77375
Pinellas County Schools,2026-07-21,https://go.boarddocs.com/fl/pcsfl/Board.nsf/Download-AgendaDetailed?open&id=DNRJVU4E9D73,cached,4090
Pinellas County Schools,2026-07-28,https://go.boarddocs.com/fl/pcsfl/Board.nsf/Download-AgendaDetailed?open&id=DMQRLU6CAE92,cached,34861
Pinellas County Schools,2026-07-28,https://go.boarddocs.com/fl/pcsfl/Board.nsf/Download-AgendaDetailed?open&id=DMQRQ86D4747,cached,3643
Pinellas County Schools,2026-08-13,https://go.boarddocs.com/fl/pcsfl/Board.nsf/Download-AgendaDetailed?open&id=DMQR646B0163,cached,35582
Pinellas County Schools,2026-08-13,https://go.boarddocs.com/fl/pcsfl/Board.nsf/Download-AgendaDetailed?open&id=DNRJRU4E7DB7,cached,3625
Polk County Public Schools,2025-03-11,https://go.boarddocs.com/fl/polk/Board.nsf/Download-AgendaDetailed?open&id=DE3KDZ5171AB,cached,5587
Polk County Public Schools,2025-03-25,https://go.boarddocs.com/fl/polk/Board.nsf/Download-AgendaDetailed?open&id=DBLS8371164D,cached,16015
Polk County Public Schools,2025-03-25,https://go.boarddocs.com/fl/polk/Board.nsf/Download-AgendaDetailed?open&id=DBLS8R71387C,cached,62663
Polk County Public Schools,2025-04-08,https://go.boarddocs.com/fl/polk/Board.nsf/Download-AgendaDetailed?open&id=DCQJU34EC0D1,cached,7465
Polk County Public Schools,2025-04-10,https://go.boarddocs.com/fl/polk/Board.nsf/Download-AgendaDetailed?open&id=DF6PPT65A144,cached,11759
Polk County Public Schools,2025-04-15,https://go.boarddocs.com/fl/polk/Board.nsf/Download-AgendaDetailed?open&id=DFKQ6V67D6CD,cached,1170
Polk County Public Schools,2025-04-16,https://go.boarddocs.com/fl/polk/Board.nsf/Download-AgendaDetailed?open&id=DFKQXZ6B83DC,cached,9157
Polk County Public Schools,2025-04-22,https://go.boarddocs.com/fl/polk/Board.nsf/Download-AgendaDetailed?open&id=DCQJTM4EBE4A,cached,14526
Polk County Public Schools,2025-04-22,https://go.boarddocs.com/fl/polk/Board.nsf/Download-AgendaDetailed?open&id=DCQJUH4EC67F,cached,78384
Polk County Public Schools,2025-04-30,https://go.boarddocs.com/fl/polk/Board.nsf/Download-AgendaDetailed?open&id=DFJRSL6F6575,cached,11723
Polk County Public Schools,2025-05-06,https://go.boarddocs.com/fl/polk/Board.nsf/Download-AgendaDetailed?open&id=DD5TBQ769BE9,cached,14981
Polk County Public Schools,2025-05-06,https://go.boarddocs.com/fl/polk/Board.nsf/Download-AgendaDetailed?open&id=DD5TC6769F9A,cached,56036
Polk County Public Schools,2025-06-10,https://go.boarddocs.com/fl/polk/Board.nsf/Download-AgendaDetailed?open&id=DD6LT7580D6A,cached,15494
Polk County Public Schools,2025-06-10,https://go.boarddocs.com/fl/polk/Board.nsf/Download-AgendaDetailed?open&id=DD6LTN58103B,cached,103576
Polk County Public Schools,2025-06-10,https://go.boarddocs.com/fl/polk/Board.nsf/Download-AgendaDetailed?open&id=DGQQ2D672D09,cached,6685
Polk County Public Schools,2025-07-29,https://go.boarddocs.com/fl/polk/Board.nsf/Download-AgendaDetailed?open&id=DFCRBW6D429A,cached,110382
Polk County Public Schools,2025-07-29,https://go.boarddocs.com/fl/polk/Board.nsf/Download-AgendaDetailed?open&id=DFCRCX6D6861,cached,26992
Polk County Public Schools,2025-08-12,https://go.boarddocs.com/fl/polk/Board.nsf/Download-AgendaDetailed?open&id=DFHNUE619DA9,cached,8377
Polk County Public Schools,2025-08-12,https://go.boarddocs.com/fl/polk/Board.nsf/Download-AgendaDetailed?open&id=DFHNUU619F84,cached,51217
Polk County Public Schools,2025-09-02,https://go.boarddocs.com/fl/polk/Board.nsf/Download-AgendaDetailed?open&id=DFXJRF4E6DFD,cached,5616
Polk County Public Schools,2025-09-09,https://go.boarddocs.com/fl/polk/Board.nsf/Download-AgendaDetailed?open&id=DGVHKC48DA60,cached,79048
Polk County Public Schools,2025-09-09,https://go.boarddocs.com/fl/polk/Board.nsf/Download-AgendaDetailed?open&id=DGVHNH48F7D2,cached,18364
Polk County Public Schools,2025-09-23,https://go.boarddocs.com/fl/polk/Board.nsf/Download-AgendaDetailed?open&id=DH4SNZ731957,cached,6439
Polk County Public Schools,2025-09-30,https://go.boarddocs.com/fl/polk/Board.nsf/Download-AgendaDetailed?open&id=DLLP6Y6329F9,cached,18966
Polk County Public Schools,2025-10-14,https://go.boarddocs.com/fl/polk/Board.nsf/Download-AgendaDetailed?open&id=DHSGP544B812,cached,8655
Polk County Public Schools,2025-10-28,https://go.boarddocs.com/fl/polk/Board.nsf/Download-AgendaDetailed?open&id=DHSGRE450D3F,cached,72344
Polk County Public Schools,2025-10-28,https://go.boarddocs.com/fl/polk/Board.nsf/Download-AgendaDetailed?open&id=DHSGTQ4519CE,cached,12595
Polk County Public Schools,2025-11-18,https://go.boarddocs.com/fl/polk/Board.nsf/Download-AgendaDetailed?open&id=DJVLTH581AC7,cached,8948
Polk County Public Schools,2025-11-18,https://go.boarddocs.com/fl/polk/Board.nsf/Download-AgendaDetailed?open&id=DLZPWV66AAB1,cached,55784
Polk County Public Schools,2025-12-09,https://go.boarddocs.com/fl/polk/Board.nsf/Download-AgendaDetailed?open&id=DK2J794BC47A,cached,7274
Polk County Public Schools,2025-12-09,https://go.boarddocs.com/fl/polk/Board.nsf/Download-AgendaDetailed?open&id=DK2J7P4BC646,cached,63336
Polk County Public Schools,2026-01-09,https://go.boarddocs.com/fl/polk/Board.nsf/Download-AgendaDetailed?open&id=DKAPLM612819,cached,5820
Polk County Public Schools,2026-01-09,https://go.boarddocs.com/fl/polk/Board.nsf/Download-AgendaDetailed?open&id=DQ4MFJ5B0ACD,cached,13196
Polk County Public Schools,2026-01-13,https://go.boarddocs.com/fl/polk/Board.nsf/Download-AgendaDetailed?open&id=DKAPPC619833,cached,12765
Polk County Public Schools,2026-01-27,https://go.boarddocs.com/fl/polk/Board.nsf/Download-AgendaDetailed?open&id=DKAPQ361B0CC,cached,13588
Polk County Public Schools,2026-01-27,https://go.boarddocs.com/fl/polk/Board.nsf/Download-AgendaDetailed?open&id=DKAPQJ61B2B3,cached,72374
Polk County Public Schools,2026-02-10,https://go.boarddocs.com/fl/polk/Board.nsf/Download-AgendaDetailed?open&id=DMPJF64CED46,cached,4547
Polk County Public Schools,2026-02-10,https://go.boarddocs.com/fl/polk/Board.nsf/Download-AgendaDetailed?open&id=DPGRFT6DD524,cached,5975
Polk County Public Schools,2026-02-24,https://go.boarddocs.com/fl/polk/Board.nsf/Download-AgendaDetailed?open&id=DMPJHD4D4010,cached,16806
Polk County Public Schools,2026-02-24,https://go.boarddocs.com/fl/polk/Board.nsf/Download-AgendaDetailed?open&id=DMPJHX4D48D2,cached,66510
Polk County Public Schools,2026-03-10,https://go.boarddocs.com/fl/polk/Board.nsf/Download-AgendaDetailed?open&id=DPGMGY58B12A,cached,4978
Polk County Public Schools,2026-03-24,https://go.boarddocs.com/fl/polk/Board.nsf/Download-AgendaDetailed?open&id=DPGMHD58C369,cached,5298
Polk County Public Schools,2026-03-24,https://go.boarddocs.com/fl/polk/Board.nsf/Download-AgendaDetailed?open&id=DPGMHT58C777,cached,58871
Polk County Public Schools,2026-04-10,https://go.boarddocs.com/fl/polk/Board.nsf/Download-AgendaDetailed?open&id=DPGMN658E856,cached,7013
Polk County Public Schools,2026-04-14,https://go.boarddocs.com/fl/polk/Board.nsf/Download-AgendaDetailed?open&id=DPGMRR59FE57,cached,13333
Polk County Public Schools,2026-04-28,https://go.boarddocs.com/fl/polk/Board.nsf/Download-AgendaDetailed?open&id=DQYRKK6E621F,cached,13654
Polk County Public Schools,2026-04-28,https://go.boarddocs.com/fl/polk/Board.nsf/Download-AgendaDetailed?open&id=DQYRL26E68C1,cached,98857
Polk County Public Schools,2026-05-05,https://go.boarddocs.com/fl/polk/Board.nsf/Download-AgendaDetailed?open&id=DQYRME6EA76E,cached,13507
Polk County Public Schools,2026-05-05,https://go.boarddocs.com/fl/polk/Board.nsf/Download-AgendaDetailed?open&id=DQYRMU6EA97F,cached,69649
Polk County Public Schools,2026-06-09,https://go.boarddocs.com/fl/polk/Board.nsf/Download-AgendaDetailed?open&id=DQYRQV6EE407,cached,14691
Polk County Public Schools,2026-06-09,https://go.boarddocs.com/fl/polk/Board.nsf/Download-AgendaDetailed?open&id=DQYRRB6EE61D,cached,84940
Polk County Public Schools,2026-07-13,https://go.boarddocs.com/fl/polk/Board.nsf/Download-AgendaDetailed?open&id=DTFJ2V4B20AB,cached,5236
Polk County Public Schools,2026-07-13,https://go.boarddocs.com/fl/polk/Board.nsf/Download-AgendaDetailed?open&id=DTTKZX545C9C,cached,16915
Polk County Public Schools,2026-07-28,https://go.boarddocs.com/fl/polk/Board.nsf/Download-AgendaDetailed?open&id=DTFJ5B4B7A63,cached,24027
Polk County Public Schools,2026-07-28,https://go.boarddocs.com/fl/polk/Board.nsf/Download-AgendaDetailed?open&id=DTFJ5V4B90FE,cached,145785
Polk County Public Schools,2026-07-28,https://go.boarddocs.com/fl/polk/Board.nsf/Download-AgendaDetailed?open&id=DVJRUG6FAF6A,cached,4104
Polk County Public Schools,2026-08-25,https://go.boarddocs.com/fl/polk/Board.nsf/Download-AgendaDetailed?open&id=DVHHY34AB68D,cached,14164
Polk County Public Schools,2026-08-25,https://go.boarddocs.com/fl/polk/Board.nsf/Download-AgendaDetailed?open&id=DVHHYM4AC482,cached,52355
Putnam County School District,2025-03-25,https://go.boarddocs.com/fl/putnam/Board.nsf/Download-AgendaDetailed?open&id=DAYLRE57C88F,fetched,62931
Putnam County School District,2025-03-27,https://go.boarddocs.com/fl/putnam/Board.nsf/Download-AgendaDetailed?open&id=DD7JWH4F1740,fetched,571
Putnam County School District,2025-04-15,https://go.boarddocs.com/fl/putnam/Board.nsf/Download-AgendaDetailed?open&id=DAYLRJ57D1ED,fetched,58542
Putnam County School District,2025-04-15,https://go.boarddocs.com/fl/putnam/Board.nsf/Download-AgendaDetailed?open&id=DEGQ4P670019,fetched,648
Putnam County School District,2025-04-15,https://go.boarddocs.com/fl/putnam/Board.nsf/Download-AgendaDetailed?open&id=DEMJ9J4C1A47,fetched,669
Putnam County School District,2025-04-24,https://go.boarddocs.com/fl/putnam/Board.nsf/Download-AgendaDetailed?open&id=DD7JWR4F2C37,fetched,948
Putnam County School District,2025-04-29,https://go.boarddocs.com/fl/putnam/Board.nsf/Download-AgendaDetailed?open&id=DAYLRW57DC8D,fetched,39004
Putnam County School District,2025-05-13,https://go.boarddocs.com/fl/putnam/Board.nsf/Download-AgendaDetailed?open&id=DAYLS557E798,fetched,48608
Putnam County School District,2025-05-22,https://go.boarddocs.com/fl/putnam/Board.nsf/Download-AgendaDetailed?open&id=DD7JZ54F8E5A,fetched,763
Putnam County School District,2025-06-03,https://go.boarddocs.com/fl/putnam/Board.nsf/Download-AgendaDetailed?open&id=DAYLSD57F110,fetched,71772
Putnam County School District,2025-06-17,https://go.boarddocs.com/fl/putnam/Board.nsf/Download-AgendaDetailed?open&id=DAYLSM57FAAF,fetched,40904
Putnam County School District,2025-06-18,https://go.boarddocs.com/fl/putnam/Board.nsf/Download-AgendaDetailed?open&id=DH9NH75FF764,fetched,2090
Putnam County School District,2025-06-26,https://go.boarddocs.com/fl/putnam/Board.nsf/Download-AgendaDetailed?open&id=DD7JZQ4FA466,fetched,764
Putnam County School District,2025-06-26,https://go.boarddocs.com/fl/putnam/Board.nsf/Download-AgendaDetailed?open&id=DHUNAA5EF5EF,fetched,1110
Putnam County School District,2025-06-26,https://go.boarddocs.com/fl/putnam/Board.nsf/Download-AgendaDetailed?open&id=DHUNDK5F7146,fetched,667
Putnam County School District,2025-07-08,https://go.boarddocs.com/fl/putnam/Board.nsf/Download-AgendaDetailed?open&id=DAYLSY580759,fetched,60768
Putnam County School District,2025-07-08,https://go.boarddocs.com/fl/putnam/Board.nsf/Download-AgendaDetailed?open&id=DHYHGR48780E,fetched,703
Putnam County School District,2025-07-24,https://go.boarddocs.com/fl/putnam/Board.nsf/Download-AgendaDetailed?open&id=DD7K474FBB2D,fetched,826
Putnam County School District,2025-07-24,https://go.boarddocs.com/fl/putnam/Board.nsf/Download-AgendaDetailed?open&id=DJKH9C45A3E8,fetched,2036
Putnam County School District,2025-07-30,https://go.boarddocs.com/fl/putnam/Board.nsf/Download-AgendaDetailed?open&id=DJKH9F45BD43,fetched,8944
Putnam County School District,2025-08-05,https://go.boarddocs.com/fl/putnam/Board.nsf/Download-AgendaDetailed?open&id=DAYLT85810FB,fetched,49617
Putnam County School District,2025-08-05,https://go.boarddocs.com/fl/putnam/Board.nsf/Download-AgendaDetailed?open&id=DJKP5762E520,fetched,668
Putnam County School District,2025-08-19,https://go.boarddocs.com/fl/putnam/Board.nsf/Download-AgendaDetailed?open&id=DAYLTG581ADB,fetched,27050
Putnam County School District,2025-08-28,https://go.boarddocs.com/fl/putnam/Board.nsf/Download-AgendaDetailed?open&id=DD7K5W4FD2A3,fetched,887
Putnam County School District,2025-09-09,https://go.boarddocs.com/fl/putnam/Board.nsf/Download-AgendaDetailed?open&id=DAYLTS5825C4,fetched,64103
Putnam County School District,2025-09-09,https://go.boarddocs.com/fl/putnam/Board.nsf/Download-AgendaDetailed?open&id=DKCLZ258EAAF,fetched,707
Putnam County School District,2025-09-11,https://go.boarddocs.com/fl/putnam/Board.nsf/Download-AgendaDetailed?open&id=DJKH9K45CE6A,fetched,10718
Putnam County School District,2025-09-17,https://go.boarddocs.com/fl/putnam/Board.nsf/Download-AgendaDetailed?open&id=DLDHKR48E81D,fetched,1838
Putnam County School District,2025-09-23,https://go.boarddocs.com/fl/putnam/Board.nsf/Download-AgendaDetailed?open&id=DAYLU2582FBC,fetched,52888
Putnam County School District,2025-09-25,https://go.boarddocs.com/fl/putnam/Board.nsf/Download-AgendaDetailed?open&id=DD7K6B4FE6FC,fetched,601
Putnam County School District,2025-10-07,https://go.boarddocs.com/fl/putnam/Board.nsf/Download-AgendaDetailed?open&id=DAYLUB583A2A,fetched,33027
Putnam County School District,2025-10-07,https://go.boarddocs.com/fl/putnam/Board.nsf/Download-AgendaDetailed?open&id=DKXLC455D2F7,fetched,493
Putnam County School District,2025-10-08,https://go.boarddocs.com/fl/putnam/Board.nsf/Download-AgendaDetailed?open&id=DM4H8R474C38,fetched,266
Putnam County School District,2025-10-21,https://go.boarddocs.com/fl/putnam/Board.nsf/Download-AgendaDetailed?open&id=DAYLUK584270,fetched,40724
Putnam County School District,2025-10-23,https://go.boarddocs.com/fl/putnam/Board.nsf/Download-AgendaDetailed?open&id=DD7K7F507AF4,fetched,481
Putnam County School District,2025-11-04,https://go.boarddocs.com/fl/putnam/Board.nsf/Download-AgendaDetailed?open&id=DAYLUT584C4F,fetched,33976
Putnam County School District,2025-11-18,https://go.boarddocs.com/fl/putnam/Board.nsf/Download-AgendaDetailed?open&id=DMAKLN526A9C,fetched,31493
Putnam County School District,2025-11-19,https://go.boarddocs.com/fl/putnam/Board.nsf/Download-AgendaDetailed?open&id=DNCM9B5A2145,fetched,1708
Putnam County School District,2025-11-20,https://go.boarddocs.com/fl/putnam/Board.nsf/Download-AgendaDetailed?open&id=DD7K8C509DCD,fetched,1093
Putnam County School District,2025-12-16,https://go.boarddocs.com/fl/putnam/Board.nsf/Download-AgendaDetailed?open&id=DNKK4M500D3B,fetched,86335
Putnam County School District,2025-12-18,https://go.boarddocs.com/fl/putnam/Board.nsf/Download-AgendaDetailed?open&id=DD7KA550BB56,fetched,1148
Putnam County School District,2026-01-06,https://go.boarddocs.com/fl/putnam/Board.nsf/Download-AgendaDetailed?open&id=DNMK224FB0D5,fetched,26829
Putnam County School District,2026-01-20,https://go.boarddocs.com/fl/putnam/Board.nsf/Download-AgendaDetailed?open&id=DNMK2B4FB9D8,fetched,39777
Putnam County School District,2026-01-20,https://go.boarddocs.com/fl/putnam/Board.nsf/Download-AgendaDetailed?open&id=DQ3PWA669440,fetched,496
Putnam County School District,2026-01-22,https://go.boarddocs.com/fl/putnam/Board.nsf/Download-AgendaDetailed?open&id=DQ4LKE56EC1D,fetched,758
Putnam County School District,2026-02-03,https://go.boarddocs.com/fl/putnam/Board.nsf/Download-AgendaDetailed?open&id=DNMK2H4FC2A4,fetched,30139
Putnam County School District,2026-02-06,https://go.boarddocs.com/fl/putnam/Board.nsf/Download-AgendaDetailed?open&id=DQXJ4W4B5F5B,fetched,1814
Putnam County School District,2026-02-11,https://go.boarddocs.com/fl/putnam/Board.nsf/Download-AgendaDetailed?open&id=DQXKPK527BC2,fetched,2053
Putnam County School District,2026-02-19,https://go.boarddocs.com/fl/putnam/Board.nsf/Download-AgendaDetailed?open&id=DQ4LKP56F64E,fetched,878
Putnam County School District,2026-02-24,https://go.boarddocs.com/fl/putnam/Board.nsf/Download-AgendaDetailed?open&id=DNMK2V4FCFBA,fetched,38315
Putnam County School District,2026-03-10,https://go.boarddocs.com/fl/putnam/Board.nsf/Download-AgendaDetailed?open&id=DNMK354FD895,fetched,30975
Putnam County School District,2026-03-13,https://go.boarddocs.com/fl/putnam/Board.nsf/Download-AgendaDetailed?open&id=DS3FUT40DCC7,fetched,1242
Putnam County School District,2026-03-24,https://go.boarddocs.com/fl/putnam/Board.nsf/Download-AgendaDetailed?open&id=DNMK3E4FE119,fetched,30813
Putnam County School District,2026-03-26,https://go.boarddocs.com/fl/putnam/Board.nsf/Download-AgendaDetailed?open&id=DQ4LKW56FE94,fetched,1441
Putnam County School District,2026-04-14,https://go.boarddocs.com/fl/putnam/Board.nsf/Download-AgendaDetailed?open&id=DNMK3L4FE9DA,fetched,39351
Putnam County School District,2026-04-14,https://go.boarddocs.com/fl/putnam/Board.nsf/Download-AgendaDetailed?open&id=DSAPTE6614EF,fetched,649
Putnam County School District,2026-04-15,https://go.boarddocs.com/fl/putnam/Board.nsf/Download-AgendaDetailed?open&id=DSAPU86638D9,fetched,910
Putnam County School District,2026-04-15,https://go.boarddocs.com/fl/putnam/Board.nsf/Download-AgendaDetailed?open&id=DSAPUD664C27,fetched,708
Putnam County School District,2026-04-22,https://go.boarddocs.com/fl/putnam/Board.nsf/Download-AgendaDetailed?open&id=DSZMWF5D395B,fetched,1765
Putnam County School District,2026-04-23,https://go.boarddocs.com/fl/putnam/Board.nsf/Download-AgendaDetailed?open&id=DRLH6546E9BB,fetched,1328
Putnam County School District,2026-04-28,https://go.boarddocs.com/fl/putnam/Board.nsf/Download-AgendaDetailed?open&id=DNMK3U4FF44D,fetched,51135
Putnam County School District,2026-04-28,https://go.boarddocs.com/fl/putnam/Board.nsf/Download-AgendaDetailed?open&id=DSXLGP56854C,fetched,693
Putnam County School District,2026-05-12,https://go.boarddocs.com/fl/putnam/Board.nsf/Download-AgendaDetailed?open&id=DNMK454FFEAC,fetched,30582
Putnam County School District,2026-05-21,https://go.boarddocs.com/fl/putnam/Board.nsf/Download-AgendaDetailed?open&id=DRLH6X4708FD,fetched,1308
Putnam County School District,2026-05-27,https://go.boarddocs.com/fl/putnam/Board.nsf/Download-AgendaDetailed?open&id=DT5HK748CFCE,fetched,704
Putnam County School District,2026-05-27,https://go.boarddocs.com/fl/putnam/Board.nsf/Download-AgendaDetailed?open&id=DU2K6L4E08D2,fetched,8534
Putnam County School District,2026-06-09,https://go.boarddocs.com/fl/putnam/Board.nsf/Download-AgendaDetailed?open&id=DNMK4D500903,fetched,80013
Putnam County School District,2026-06-09,https://go.boarddocs.com/fl/putnam/Board.nsf/Download-AgendaDetailed?open&id=DSNK7P508468,fetched,720
Putnam County School District,2026-06-23,https://go.boarddocs.com/fl/putnam/Board.nsf/Download-AgendaDetailed?open&id=DNMKQ452EBFB,fetched,65394
Putnam County School District,2026-06-25,https://go.boarddocs.com/fl/putnam/Board.nsf/Download-AgendaDetailed?open&id=DRLH784712AD,fetched,1018
Putnam County School District,2026-07-14,https://go.boarddocs.com/fl/putnam/Board.nsf/Download-AgendaDetailed?open&id=DNMKTH53391F,fetched,55820
Putnam County School District,2026-07-14,https://go.boarddocs.com/fl/putnam/Board.nsf/Download-AgendaDetailed?open&id=DVDGSW4544F5,fetched,750
Putnam County School District,2026-07-23,https://go.boarddocs.com/fl/putnam/Board.nsf/Download-AgendaDetailed?open&id=DRLH7K471F6D,fetched,710
Putnam County School District,2026-07-23,https://go.boarddocs.com/fl/putnam/Board.nsf/Download-AgendaDetailed?open&id=DVYNAH5EFE61,fetched,1441
Putnam County School District,2026-07-27,https://go.boarddocs.com/fl/putnam/Board.nsf/Download-AgendaDetailed?open&id=DVYNDV5F514E,fetched,8966
Putnam County School District,2026-07-27,https://go.boarddocs.com/fl/putnam/Board.nsf/Download-AgendaDetailed?open&id=DW6QUD6AFCFE,fetched,4234
Putnam County School District,2026-07-27,https://go.boarddocs.com/fl/putnam/Board.nsf/Download-AgendaDetailed?open&id=DW9M7259CBDE,fetched,496
Putnam County School District,2026-08-05,https://go.boarddocs.com/fl/putnam/Board.nsf/Download-AgendaDetailed?open&id=DWEJU24ECD11,fetched,1727
Putnam County School District,2026-08-11,https://go.boarddocs.com/fl/putnam/Board.nsf/Download-AgendaDetailed?open&id=DNMKTM534635,fetched,57718
Putnam County School District,2026-08-25,https://go.boarddocs.com/fl/putnam/Board.nsf/Download-AgendaDetailed?open&id=DNMKWB5350BD,fetched,49257
Putnam County School District,2026-08-25,https://go.boarddocs.com/fl/putnam/Board.nsf/Download-AgendaDetailed?open&id=DWNR8Y6CD4CC,fetched,768
Putnam County School District,2026-08-27,https://go.boarddocs.com/fl/putnam/Board.nsf/Download-AgendaDetailed?open&id=DWWRRQ6F455E,fetched,1228
St. Johns County School District,2025-03-11,https://go.boarddocs.com/fl/stjohns/Board.nsf/Download-AgendaDetailed?open&id=DDTH5H46D287,fetched,147662
St. Johns County School District,2025-03-25,https://go.boarddocs.com/fl/stjohns/Board.nsf/Download-AgendaDetailed?open&id=DF2EW63C5EF8,fetched,2355
St. Johns County School District,2025-04-01,https://go.boarddocs.com/fl/stjohns/Board.nsf/Download-AgendaDetailed?open&id=DF5GW345BB96,fetched,1634
St. Johns County School District,2025-04-08,https://go.boarddocs.com/fl/stjohns/Board.nsf/Download-AgendaDetailed?open&id=DE4QRL6A9461,fetched,180546
St. Johns County School District,2025-04-10,https://go.boarddocs.com/fl/stjohns/Board.nsf/Download-AgendaDetailed?open&id=DFGSVH7486E8,fetched,1281
St. Johns County School District,2025-04-22,https://go.boarddocs.com/fl/stjohns/Board.nsf/Download-AgendaDetailed?open&id=DFTLZA58F024,fetched,2086
St. Johns County School District,2025-04-25,https://go.boarddocs.com/fl/stjohns/Board.nsf/Download-AgendaDetailed?open&id=DFXGVT45B285,fetched,1274
St. Johns County School District,2025-05-06,https://go.boarddocs.com/fl/stjohns/Board.nsf/Download-AgendaDetailed?open&id=DGAS7U715ADD,fetched,1987
St. Johns County School District,2025-05-13,https://go.boarddocs.com/fl/stjohns/Board.nsf/Download-AgendaDetailed?open&id=DGHN455D1442,fetched,1829
St. Johns County School District,2025-05-20,https://go.boarddocs.com/fl/stjohns/Board.nsf/Download-AgendaDetailed?open&id=DFBLYU58E2B8,fetched,141700
St. Johns County School District,2025-05-27,https://go.boarddocs.com/fl/stjohns/Board.nsf/Download-AgendaDetailed?open&id=DGXGR94506F7,fetched,1091
St. Johns County School District,2025-06-03,https://go.boarddocs.com/fl/stjohns/Board.nsf/Download-AgendaDetailed?open&id=DH3NUS61AB86,fetched,1989
St. Johns County School District,2025-06-10,https://go.boarddocs.com/fl/stjohns/Board.nsf/Download-AgendaDetailed?open&id=DGPQPS6A4FB3,fetched,126752
St. Johns County School District,2025-06-17,https://go.boarddocs.com/fl/stjohns/Board.nsf/Download-AgendaDetailed?open&id=DHAKV453631E,fetched,6717
St. Johns County School District,2025-06-24,https://go.boarddocs.com/fl/stjohns/Board.nsf/Download-AgendaDetailed?open&id=DHHN7N5E69B0,fetched,1981
St. Johns County School District,2025-07-01,https://go.boarddocs.com/fl/stjohns/Board.nsf/Download-AgendaDetailed?open&id=DHWGSJ4537D4,fetched,1645
St. Johns County School District,2025-07-08,https://go.boarddocs.com/fl/stjohns/Board.nsf/Download-AgendaDetailed?open&id=DHQLSC57F0A1,fetched,148033
St. Johns County School District,2025-07-24,https://go.boarddocs.com/fl/stjohns/Board.nsf/Download-AgendaDetailed?open&id=DJCKYN542D5E,fetched,3697
St. Johns County School District,2025-07-24,https://go.boarddocs.com/fl/stjohns/Board.nsf/Download-AgendaDetailed?open&id=DJLKJC5213DD,fetched,1977
St. Johns County School District,2025-07-30,https://go.boarddocs.com/fl/stjohns/Board.nsf/Download-AgendaDetailed?open&id=DJCL3G548EE8,fetched,7269
St. Johns County School District,2025-08-05,https://go.boarddocs.com/fl/stjohns/Board.nsf/Download-AgendaDetailed?open&id=DJZKMY529C0B,fetched,1980
St. Johns County School District,2025-08-12,https://go.boarddocs.com/fl/stjohns/Board.nsf/Download-AgendaDetailed?open&id=DJDPVZ668939,fetched,117637
St. Johns County School District,2025-08-26,https://go.boarddocs.com/fl/stjohns/Board.nsf/Download-AgendaDetailed?open&id=DK9PM36539E4,fetched,1302
St. Johns County School District,2025-09-02,https://go.boarddocs.com/fl/stjohns/Board.nsf/Download-AgendaDetailed?open&id=DKXH8247313A,fetched,2376
St. Johns County School District,2025-09-11,https://go.boarddocs.com/fl/stjohns/Board.nsf/Download-AgendaDetailed?open&id=DJNGMD447584,fetched,137332
St. Johns County School District,2025-09-11,https://go.boarddocs.com/fl/stjohns/Board.nsf/Download-AgendaDetailed?open&id=DKBH78471350,fetched,5417
St. Johns County School District,2025-09-16,https://go.boarddocs.com/fl/stjohns/Board.nsf/Download-AgendaDetailed?open&id=DLFGSR453FD4,fetched,1297
St. Johns County School District,2025-09-23,https://go.boarddocs.com/fl/stjohns/Board.nsf/Download-AgendaDetailed?open&id=DLLF5N3D7917,fetched,1628
St. Johns County School District,2025-10-07,https://go.boarddocs.com/fl/stjohns/Board.nsf/Download-AgendaDetailed?open&id=DLRH8G4740A2,fetched,6358
St. Johns County School District,2025-10-07,https://go.boarddocs.com/fl/stjohns/Board.nsf/Download-AgendaDetailed?open&id=DM4M3M594ABE,fetched,2255
St. Johns County School District,2025-10-14,https://go.boarddocs.com/fl/stjohns/Board.nsf/Download-AgendaDetailed?open&id=DLFJBL4C334E,fetched,148716
St. Johns County School District,2025-10-28,https://go.boarddocs.com/fl/stjohns/Board.nsf/Download-AgendaDetailed?open&id=DMQEYF3CB507,fetched,1957
St. Johns County School District,2025-11-04,https://go.boarddocs.com/fl/stjohns/Board.nsf/Download-AgendaDetailed?open&id=DMXF423D3B55,fetched,2242
St. Johns County School District,2025-11-18,https://go.boarddocs.com/fl/stjohns/Board.nsf/Download-AgendaDetailed?open&id=DMBJWN4F327B,fetched,100110
St. Johns County School District,2025-11-18,https://go.boarddocs.com/fl/stjohns/Board.nsf/Download-AgendaDetailed?open&id=DMBK4L501094,fetched,6273
St. Johns County School District,2025-11-18,https://go.boarddocs.com/fl/stjohns/Board.nsf/Download-AgendaDetailed?open&id=DMBK7C507754,fetched,2377
St. Johns County School District,2025-12-08,https://go.boarddocs.com/fl/stjohns/Board.nsf/Download-AgendaDetailed?open&id=DNKQNC689889,fetched,1367
St. Johns County School District,2025-12-09,https://go.boarddocs.com/fl/stjohns/Board.nsf/Download-AgendaDetailed?open&id=DNCRN26E9FED,fetched,104837
St. Johns County School District,2026-01-06,https://go.boarddocs.com/fl/stjohns/Board.nsf/Download-AgendaDetailed?open&id=DNKQL469C4C5,fetched,1397
St. Johns County School District,2026-01-06,https://go.boarddocs.com/fl/stjohns/Board.nsf/Download-AgendaDetailed?open&id=DNRHPG4974A4,fetched,3656
St. Johns County School District,2026-01-13,https://go.boarddocs.com/fl/stjohns/Board.nsf/Download-AgendaDetailed?open&id=DP8GU3457048,fetched,121169
St. Johns County School District,2026-01-27,https://go.boarddocs.com/fl/stjohns/Board.nsf/Download-AgendaDetailed?open&id=DQ4NY8622CCE,fetched,1819
St. Johns County School District,2026-02-03,https://go.boarddocs.com/fl/stjohns/Board.nsf/Download-AgendaDetailed?open&id=DQQMBM5A0F46,fetched,1475
St. Johns County School District,2026-02-10,https://go.boarddocs.com/fl/stjohns/Board.nsf/Download-AgendaDetailed?open&id=DQ4MJB5B46C6,fetched,124586
St. Johns County School District,2026-02-24,https://go.boarddocs.com/fl/stjohns/Board.nsf/Download-AgendaDetailed?open&id=DQQMGW5B2EED,fetched,1862
St. Johns County School District,2026-03-03,https://go.boarddocs.com/fl/stjohns/Board.nsf/Download-AgendaDetailed?open&id=DRKLVJ5867CE,fetched,1121
St. Johns County School District,2026-03-10,https://go.boarddocs.com/fl/stjohns/Board.nsf/Download-AgendaDetailed?open&id=DR5LJN567271,fetched,130308
St. Johns County School District,2026-03-24,https://go.boarddocs.com/fl/stjohns/Board.nsf/Download-AgendaDetailed?open&id=DRMH3U46950D,fetched,1096
St. Johns County School District,2026-04-07,https://go.boarddocs.com/fl/stjohns/Board.nsf/Download-AgendaDetailed?open&id=DRU2W3041C1E,fetched,1136
St. Johns County School District,2026-04-14,https://go.boarddocs.com/fl/stjohns/Board.nsf/Download-AgendaDetailed?open&id=DRVPLW6533FE,fetched,146352
St. Johns County School District,2026-04-28,https://go.boarddocs.com/fl/stjohns/Board.nsf/Download-AgendaDetailed?open&id=DS3LRF57CE34,fetched,1778
St. Johns County School District,2026-05-05,https://go.boarddocs.com/fl/stjohns/Board.nsf/Download-AgendaDetailed?open&id=DSQKMY529CBB,fetched,1445
St. Johns County School District,2026-05-12,https://go.boarddocs.com/fl/stjohns/Board.nsf/Download-AgendaDetailed?open&id=DSKPQD65B632,fetched,144697
St. Johns County School District,2026-05-26,https://go.boarddocs.com/fl/stjohns/Board.nsf/Download-AgendaDetailed?open&id=DTKQ6K679558,fetched,1469
St. Johns County School District,2026-06-02,https://go.boarddocs.com/fl/stjohns/Board.nsf/Download-AgendaDetailed?open&id=DTKQL367F9F3,fetched,1788
St. Johns County School District,2026-06-09,https://go.boarddocs.com/fl/stjohns/Board.nsf/Download-AgendaDetailed?open&id=DTVP9D63840A,fetched,172782
St. Johns County School District,2026-06-23,https://go.boarddocs.com/fl/stjohns/Board.nsf/Download-AgendaDetailed?open&id=DU8MG25B1D46,fetched,1484
St. Johns County School District,2026-07-14,https://go.boarddocs.com/fl/stjohns/Board.nsf/Download-AgendaDetailed?open&id=DUVQBB687D1D,fetched,116067
St. Johns County School District,2026-07-23,https://go.boarddocs.com/fl/stjohns/Board.nsf/Download-AgendaDetailed?open&id=DUVG3K41DA65,fetched,3598
St. Johns County School District,2026-07-28,https://go.boarddocs.com/fl/stjohns/Board.nsf/Download-AgendaDetailed?open&id=DUPQSE6AB2A1,fetched,1534
St. Johns County School District,2026-07-30,https://go.boarddocs.com/fl/stjohns/Board.nsf/Download-AgendaDetailed?open&id=DUVG5V4230E3,fetched,7577
St. Johns County School District,2026-08-04,https://go.boarddocs.com/fl/stjohns/Board.nsf/Download-AgendaDetailed?open&id=DVBMD85AB48C,fetched,1221
St. Johns County School District,2026-08-11,https://go.boarddocs.com/fl/stjohns/Board.nsf/Download-AgendaDetailed?open&id=DVSPF7645D27,fetched,82848
St. Johns County School District,2026-08-25,https://go.boarddocs.com/fl/stjohns/Board.nsf/Download-AgendaDetailed?open&id=DWFJVF4F04E1,fetched,1024
St. Johns County School District,2026-08-25,https://go.boarddocs.com/fl/stjohns/Board.nsf/Download-AgendaDetailed?open&id=DX4FKX3F8FBF,fetched,3719
St. Johns County School District,2026-09-01,https://go.boarddocs.com/fl/stjohns/Board.nsf/Download-AgendaDetailed?open&id=DWFJW64F1F51,fetched,1820
St. Johns County School District,2026-09-01,https://go.boarddocs.com/fl/stjohns/Board.nsf/Download-AgendaDetailed?open&id=DX4FTM40AFCB,fetched,3858
St. Lucie Public Schools,2025-03-11,https://go.boarddocs.com/fl/stlucie/Board.nsf/Download-AgendaDetailed?open&id=DDSJJX4D7A09,cached,91082
St. Lucie Public Schools,2025-03-25,https://go.boarddocs.com/fl/stlucie/Board.nsf/Download-AgendaDetailed?open&id=DEVJR74E6517,cached,2972
St. Lucie Public Schools,2025-03-25,https://go.boarddocs.com/fl/stlucie/Board.nsf/Download-AgendaDetailed?open&id=DEVJZA4F93E1,cached,2243
St. Lucie Public Schools,2025-03-31,https://go.boarddocs.com/fl/stlucie/Board.nsf/Download-AgendaDetailed?open&id=DF7JGR4D28B7,cached,3004
St. Lucie Public Schools,2025-04-08,https://go.boarddocs.com/fl/stlucie/Board.nsf/Download-AgendaDetailed?open&id=DEUPF8645FAD,cached,60181
St. Lucie Public Schools,2025-05-13,https://go.boarddocs.com/fl/stlucie/Board.nsf/Download-AgendaDetailed?open&id=DFLLY858CCBA,cached,95290
St. Lucie Public Schools,2025-06-10,https://go.boarddocs.com/fl/stlucie/Board.nsf/Download-AgendaDetailed?open&id=DGQMAJ5A29BB,cached,69456
St. Lucie Public Schools,2025-06-24,https://go.boarddocs.com/fl/stlucie/Board.nsf/Download-AgendaDetailed?open&id=DHPKQH52DC11,cached,2315
St. Lucie Public Schools,2025-06-25,https://go.boarddocs.com/fl/stlucie/Board.nsf/Download-AgendaDetailed?open&id=DHYNPA60DCC3,cached,900
St. Lucie Public Schools,2025-07-08,https://go.boarddocs.com/fl/stlucie/Board.nsf/Download-AgendaDetailed?open&id=DHGRQ66F0DE1,cached,93622
St. Lucie Public Schools,2025-07-29,https://go.boarddocs.com/fl/stlucie/Board.nsf/Download-AgendaDetailed?open&id=DJSGZJ463DC3,cached,10544
St. Lucie Public Schools,2025-07-29,https://go.boarddocs.com/fl/stlucie/Board.nsf/Download-AgendaDetailed?open&id=DJSLER563DF8,cached,2547
St. Lucie Public Schools,2025-08-12,https://go.boarddocs.com/fl/stlucie/Board.nsf/Download-AgendaDetailed?open&id=DJFPFN646FFB,cached,59232
St. Lucie Public Schools,2025-08-26,https://go.boarddocs.com/fl/stlucie/Board.nsf/Download-AgendaDetailed?open&id=DKJSX96ED1C9,cached,2951
St. Lucie Public Schools,2025-09-08,https://go.boarddocs.com/fl/stlucie/Board.nsf/Download-AgendaDetailed?open&id=DL5RQW6F29F9,cached,3059
St. Lucie Public Schools,2025-09-09,https://go.boarddocs.com/fl/stlucie/Board.nsf/Download-AgendaDetailed?open&id=DKGLQU57B804,cached,77891
St. Lucie Public Schools,2025-09-23,https://go.boarddocs.com/fl/stlucie/Board.nsf/Download-AgendaDetailed?open&id=DLDP4Y62CA81,cached,10351
St. Lucie Public Schools,2025-09-23,https://go.boarddocs.com/fl/stlucie/Board.nsf/Download-AgendaDetailed?open&id=DLKJA24C2C7F,cached,2207
St. Lucie Public Schools,2025-10-14,https://go.boarddocs.com/fl/stlucie/Board.nsf/Download-AgendaDetailed?open&id=DLCHZH4AEC6D,cached,78948
St. Lucie Public Schools,2025-10-28,https://go.boarddocs.com/fl/stlucie/Board.nsf/Download-AgendaDetailed?open&id=DMNKNF52ACA2,cached,2571
St. Lucie Public Schools,2025-11-18,https://go.boarddocs.com/fl/stlucie/Board.nsf/Download-AgendaDetailed?open&id=DM9MQ55C4B13,fetched,68944
St. Lucie Public Schools,2025-11-18,https://go.boarddocs.com/fl/stlucie/Board.nsf/Download-AgendaDetailed?open&id=DMUPQY65CD12,fetched,15323
St. Lucie Public Schools,2025-12-09,https://go.boarddocs.com/fl/stlucie/Board.nsf/Download-AgendaDetailed?open&id=DNCLT5580D8E,fetched,47590
St. Lucie Public Schools,2026-01-13,https://go.boarddocs.com/fl/stlucie/Board.nsf/Download-AgendaDetailed?open&id=DP7LPY579725,fetched,43436
St. Lucie Public Schools,2026-01-27,https://go.boarddocs.com/fl/stlucie/Board.nsf/Download-AgendaDetailed?open&id=DQHLG8567460,fetched,2571
St. Lucie Public Schools,2026-02-10,https://go.boarddocs.com/fl/stlucie/Board.nsf/Download-AgendaDetailed?open&id=DQBRY46F3262,fetched,61333
St. Lucie Public Schools,2026-02-24,https://go.boarddocs.com/fl/stlucie/Board.nsf/Download-AgendaDetailed?open&id=DRDJYV4F854A,fetched,2579
St. Lucie Public Schools,2026-03-10,https://go.boarddocs.com/fl/stlucie/Board.nsf/Download-AgendaDetailed?open&id=DR5R5C6C4C5E,fetched,71171
St. Lucie Public Schools,2026-04-13,https://go.boarddocs.com/fl/stlucie/Board.nsf/Download-AgendaDetailed?open&id=DSWP7N6341CB,fetched,3080
St. Lucie Public Schools,2026-04-14,https://go.boarddocs.com/fl/stlucie/Board.nsf/Download-AgendaDetailed?open&id=DS2HHX48A49A,fetched,79113
St. Lucie Public Schools,2026-04-28,https://go.boarddocs.com/fl/stlucie/Board.nsf/Download-AgendaDetailed?open&id=DTBHNA494858,fetched,2652
St. Lucie Public Schools,2026-05-12,https://go.boarddocs.com/fl/stlucie/Board.nsf/Download-AgendaDetailed?open&id=DT4R6R6C81F9,fetched,98289
St. Lucie Public Schools,2026-06-09,https://go.boarddocs.com/fl/stlucie/Board.nsf/Download-AgendaDetailed?open&id=DTYLJP56CBE5,fetched,80371
St. Lucie Public Schools,2026-06-10,https://go.boarddocs.com/fl/stlucie/Board.nsf/Download-AgendaDetailed?open&id=DUML5G54BC44,fetched,1238
St. Lucie Public Schools,2026-06-23,https://go.boarddocs.com/fl/stlucie/Board.nsf/Download-AgendaDetailed?open&id=DV3PLZ653735,fetched,2547
St. Lucie Public Schools,2026-06-29,https://go.boarddocs.com/fl/stlucie/Board.nsf/Download-AgendaDetailed?open&id=DUXGRK44AF5E,fetched,1550
St. Lucie Public Schools,2026-07-14,https://go.boarddocs.com/fl/stlucie/Board.nsf/Download-AgendaDetailed?open&id=DUUJ7G4BCC2E,fetched,82348
St. Lucie Public Schools,2026-07-28,https://go.boarddocs.com/fl/stlucie/Board.nsf/Download-AgendaDetailed?open&id=DW7FWK411F0F,fetched,7656
St. Lucie Public Schools,2026-07-28,https://go.boarddocs.com/fl/stlucie/Board.nsf/Download-AgendaDetailed?open&id=DW7HGJ486EE5,fetched,2562
St. Lucie Public Schools,2026-08-11,https://go.boarddocs.com/fl/stlucie/Board.nsf/Download-AgendaDetailed?open&id=DVSLTS5825F6,fetched,53689
St. Lucie Public Schools,2026-08-25,https://go.boarddocs.com/fl/stlucie/Board.nsf/Download-AgendaDetailed?open&id=DWXHH6488776,fetched,2578
Sumter County School District,2025-03-11,https://go.boarddocs.com/fla/scsfl/Board.nsf/Download-AgendaDetailed?open&id=DBLKCG5012E0,cached,55563
Sumter County School District,2025-03-11,https://go.boarddocs.com/fla/scsfl/Board.nsf/Download-AgendaDetailed?open&id=DDSQUY6B126D,cached,1733
Sumter County School District,2025-04-01,https://go.boarddocs.com/fla/scsfl/Board.nsf/Download-AgendaDetailed?open&id=DBLKG95067D5,cached,54004
Sumter County School District,2025-04-15,https://go.boarddocs.com/fla/scsfl/Board.nsf/Download-AgendaDetailed?open&id=DBLKK350757E,cached,29354
Sumter County School District,2025-04-15,https://go.boarddocs.com/fla/scsfl/Board.nsf/Download-AgendaDetailed?open&id=DDSPLV6532FE,cached,1679
Sumter County School District,2025-05-06,https://go.boarddocs.com/fla/scsfl/Board.nsf/Download-AgendaDetailed?open&id=DBLKMX507F7C,cached,55840
Sumter County School District,2025-05-20,https://go.boarddocs.com/fla/scsfl/Board.nsf/Download-AgendaDetailed?open&id=DBLKQU50880F,cached,36714
Sumter County School District,2025-06-17,https://go.boarddocs.com/fla/scsfl/Board.nsf/Download-AgendaDetailed?open&id=DBLKTQ509470,cached,80013
Sumter County School District,2025-07-22,https://go.boarddocs.com/fla/scsfl/Board.nsf/Download-AgendaDetailed?open&id=DBLKWJ509DFE,cached,49087
Sumter County School District,2025-07-22,https://go.boarddocs.com/fla/scsfl/Board.nsf/Download-AgendaDetailed?open&id=DGLQ3L675A9B,cached,2594
Sumter County School District,2025-07-29,https://go.boarddocs.com/fla/scsfl/Board.nsf/Download-AgendaDetailed?open&id=DBLKZB50A150,cached,27913
Sumter County School District,2025-08-19,https://go.boarddocs.com/fla/scsfl/Board.nsf/Download-AgendaDetailed?open&id=DBLL5J50C53A,cached,57404
Sumter County School District,2025-09-09,https://go.boarddocs.com/fla/scsfl/Board.nsf/Download-AgendaDetailed?open&id=DBLL8D50CF9A,cached,59424
Sumter County School District,2025-09-23,https://go.boarddocs.com/fla/scsfl/Board.nsf/Download-AgendaDetailed?open&id=DBLLB750DA2C,cached,46030
Sumter County School District,2025-10-07,https://go.boarddocs.com/fla/scsfl/Board.nsf/Download-AgendaDetailed?open&id=DBLLGY50E7B1,cached,33921
Sumter County School District,2025-10-21,https://go.boarddocs.com/fla/scsfl/Board.nsf/Download-AgendaDetailed?open&id=DBLLE650E625,cached,37080
Sumter County School District,2025-11-18,https://go.boarddocs.com/fla/scsfl/Board.nsf/Download-AgendaDetailed?open&id=DBLLKZ510514,cached,57010
Sumter County School District,2025-12-09,https://go.boarddocs.com/fla/scsfl/Board.nsf/Download-AgendaDetailed?open&id=DNJM3A58E86D,cached,42094
Sumter County School District,2025-12-09,https://go.boarddocs.com/fla/scsfl/Board.nsf/Download-AgendaDetailed?open&id=DNMLC755DD7B,cached,1652
Sumter County School District,2026-01-13,https://go.boarddocs.com/fla/scsfl/Board.nsf/Download-AgendaDetailed?open&id=DNJM7D59159C,cached,52003
Sumter County School District,2026-02-10,https://go.boarddocs.com/fla/scsfl/Board.nsf/Download-AgendaDetailed?open&id=DQCJ9W4BDD39,cached,46353
Sumter County School District,2026-02-24,https://go.boarddocs.com/fla/scsfl/Board.nsf/Download-AgendaDetailed?open&id=DQCJSG4D4A85,cached,33008
Sumter County School District,2026-03-17,https://go.boarddocs.com/fla/scsfl/Board.nsf/Download-AgendaDetailed?open&id=DQCJJU4D762D,fetched,43763
Sumter County School District,2026-03-17,https://go.boarddocs.com/fla/scsfl/Board.nsf/Download-AgendaDetailed?open&id=DQWKDG515E07,fetched,1772
Sumter County School District,2026-04-07,https://go.boarddocs.com/fla/scsfl/Board.nsf/Download-AgendaDetailed?open&id=DQCJMS4D8230,fetched,42083
Sumter County School District,2026-04-21,https://go.boarddocs.com/fla/scsfl/Board.nsf/Download-AgendaDetailed?open&id=DQCJQM4D8DD5,fetched,43525
Sumter County School District,2026-04-21,https://go.boarddocs.com/fla/scsfl/Board.nsf/Download-AgendaDetailed?open&id=DSFKZH544A71,fetched,1684
Sumter County School District,2026-05-12,https://go.boarddocs.com/fla/scsfl/Board.nsf/Download-AgendaDetailed?open&id=DQCJTG4D9D74,fetched,44963
Sumter County School District,2026-05-26,https://go.boarddocs.com/fla/scsfl/Board.nsf/Download-AgendaDetailed?open&id=DQCJZ74DB281,fetched,47335
Sumter County School District,2026-06-09,https://go.boarddocs.com/fla/scsfl/Board.nsf/Download-AgendaDetailed?open&id=DQCK424DBF6F,fetched,52047
Sumter County School District,2026-07-21,https://go.boarddocs.com/fla/scsfl/Board.nsf/Download-AgendaDetailed?open&id=DQCK744DCC81,fetched,68156
Sumter County School District,2026-07-21,https://go.boarddocs.com/fla/scsfl/Board.nsf/Download-AgendaDetailed?open&id=DVRSH472B4BD,fetched,2392
Sumter County School District,2026-07-28,https://go.boarddocs.com/fla/scsfl/Board.nsf/Download-AgendaDetailed?open&id=DQCK9Y4DD66D,fetched,42741
Sumter County School District,2026-08-25,https://go.boarddocs.com/fla/scsfl/Board.nsf/Download-AgendaDetailed?open&id=DQCKCS4DE7F8,fetched,52945
Taylor County School District,2025-03-18,https://go.boarddocs.com/fl/taylor/Board.nsf/Download-AgendaDetailed?open&id=DEGL2F546EEE,fetched,11524
Taylor County School District,2025-04-01,https://go.boarddocs.com/fl/taylor/Board.nsf/Download-AgendaDetailed?open&id=DF4GHU43F1D5,fetched,9901
Taylor County School District,2025-04-15,https://go.boarddocs.com/fl/taylor/Board.nsf/Download-AgendaDetailed?open&id=DFHP67630C27,fetched,11442
Taylor County School District,2025-05-05,https://go.boarddocs.com/fl/taylor/Board.nsf/Download-AgendaDetailed?open&id=DG6JGB4D1804,fetched,9963
Taylor County School District,2025-05-20,https://go.boarddocs.com/fl/taylor/Board.nsf/Download-AgendaDetailed?open&id=DGMJGJ4D1FC8,fetched,6979
Taylor County School District,2025-05-27,https://go.boarddocs.com/fl/taylor/Board.nsf/Download-AgendaDetailed?open&id=DGVNE25F187A,fetched,7069
Taylor County School District,2025-06-17,https://go.boarddocs.com/fl/taylor/Board.nsf/Download-AgendaDetailed?open&id=DHCQ8T681E35,fetched,15248
Taylor County School District,2025-06-27,https://go.boarddocs.com/fl/taylor/Board.nsf/Download-AgendaDetailed?open&id=A346N260247F,fetched,1267
Taylor County School District,2025-07-01,https://go.boarddocs.com/fl/taylor/Board.nsf/Download-AgendaDetailed?open&id=DHXHVC4A502A,fetched,10165
Taylor County School District,2025-07-01,https://go.boarddocs.com/fl/taylor/Board.nsf/Download-AgendaDetailed?open&id=DK8JH44D357C,fetched,209374
Taylor County School District,2025-07-22,https://go.boarddocs.com/fl/taylor/Board.nsf/Download-AgendaDetailed?open&id=DJKR276BD704,fetched,14487
Taylor County School District,2025-07-29,https://go.boarddocs.com/fl/taylor/Board.nsf/Download-AgendaDetailed?open&id=DJSK3A4FDF91,fetched,6461
Taylor County School District,2025-08-05,https://go.boarddocs.com/fl/taylor/Board.nsf/Download-AgendaDetailed?open&id=DK2JJ94D6014,fetched,8449
Taylor County School District,2025-08-19,https://go.boarddocs.com/fl/taylor/Board.nsf/Download-AgendaDetailed?open&id=DKFPPR658DD2,fetched,10327
Taylor County School District,2025-09-02,https://go.boarddocs.com/fl/taylor/Board.nsf/Download-AgendaDetailed?open&id=DKXQR268B85B,fetched,535
Taylor County School District,2025-09-09,https://go.boarddocs.com/fl/taylor/Board.nsf/Download-AgendaDetailed?open&id=DL5K344FD8CC,fetched,11380
Taylor County School District,2025-09-23,https://go.boarddocs.com/fl/taylor/Board.nsf/Download-AgendaDetailed?open&id=DLJK6C504F20,fetched,10789
Taylor County School District,2025-10-07,https://go.boarddocs.com/fl/taylor/Board.nsf/Download-AgendaDetailed?open&id=DLYLKG56EECD,fetched,10329
Taylor County School District,2025-10-20,https://go.boarddocs.com/fl/taylor/Board.nsf/Download-AgendaDetailed?open&id=DMDR7F6C9AF8,fetched,8561
Taylor County School District,2025-11-04,https://go.boarddocs.com/fl/taylor/Board.nsf/Download-AgendaDetailed?open&id=DMUL8D554E1D,fetched,6156
Taylor County School District,2025-11-18,https://go.boarddocs.com/fl/taylor/Board.nsf/Download-AgendaDetailed?open&id=DNBL4U54C9E9,fetched,2109
Taylor County School District,2025-11-18,https://go.boarddocs.com/fl/taylor/Board.nsf/Download-AgendaDetailed?open&id=DNBL9S55836C,fetched,8013
Taylor County School District,2025-12-09,https://go.boarddocs.com/fl/taylor/Board.nsf/Download-AgendaDetailed?open&id=DP6QM669EDDD,fetched,10670
Taylor County School District,2026-01-27,https://go.boarddocs.com/fl/taylor/Board.nsf/Download-AgendaDetailed?open&id=DQCN4W5E2CBF,fetched,14210
Taylor County School District,2026-02-03,https://go.boarddocs.com/fl/taylor/Board.nsf/Download-AgendaDetailed?open&id=DQPQB36872DF,fetched,12112
Taylor County School District,2026-02-17,https://go.boarddocs.com/fl/taylor/Board.nsf/Download-AgendaDetailed?open&id=DR5K3K4FE9F9,fetched,5966
Taylor County School District,2026-02-24,https://go.boarddocs.com/fl/taylor/Board.nsf/Download-AgendaDetailed?open&id=DREHXL4AA5BE,fetched,3291
Taylor County School District,2026-03-10,https://go.boarddocs.com/fl/taylor/Board.nsf/Download-AgendaDetailed?open&id=DRSJTM4EBF36,fetched,15350
Taylor County School District,2026-03-24,https://go.boarddocs.com/fl/taylor/Board.nsf/Download-AgendaDetailed?open&id=DS8L9W55816B,fetched,9438
Taylor County School District,2026-04-07,https://go.boarddocs.com/fl/taylor/Board.nsf/Download-AgendaDetailed?open&id=DSKLKD56A7DD,fetched,7421
Taylor County School District,2026-04-21,https://go.boarddocs.com/fl/taylor/Board.nsf/Download-AgendaDetailed?open&id=DT4J864BE60E,fetched,10023
Taylor County School District,2026-05-05,https://go.boarddocs.com/fl/taylor/Board.nsf/Download-AgendaDetailed?open&id=DTKGJC4403D3,fetched,7733
Taylor County School District,2026-05-19,https://go.boarddocs.com/fl/taylor/Board.nsf/Download-AgendaDetailed?open&id=DTYJ644B66AF,fetched,10242
Taylor County School District,2026-06-08,https://go.boarddocs.com/fl/taylor/Board.nsf/Download-AgendaDetailed?open&id=DU8JZG4F9BE0,fetched,11867
Taylor County School District,2026-06-16,https://go.boarddocs.com/fl/taylor/Board.nsf/Download-AgendaDetailed?open&id=DUUJGS4D29C9,fetched,12661
Taylor County School District,2026-06-30,https://go.boarddocs.com/fl/taylor/Board.nsf/Download-AgendaDetailed?open&id=DVBJT84EAF8B,fetched,2789
Taylor County School District,2026-07-07,https://go.boarddocs.com/fl/taylor/Board.nsf/Download-AgendaDetailed?open&id=DVDLZK58FF11,fetched,9610
Taylor County School District,2026-07-21,https://go.boarddocs.com/fl/taylor/Board.nsf/Download-AgendaDetailed?open&id=DVXLBH55C316,fetched,12904
Taylor County School District,2026-07-28,https://go.boarddocs.com/fl/taylor/Board.nsf/Download-AgendaDetailed?open&id=DW6HD447EF70,fetched,8919
Taylor County School District,2026-08-04,https://go.boarddocs.com/fl/taylor/Board.nsf/Download-AgendaDetailed?open&id=DWDKES517CB4,fetched,9492
Taylor County School District,2026-08-18,https://go.boarddocs.com/fl/taylor/Board.nsf/Download-AgendaDetailed?open&id=DWTKZX545B9B,fetched,10617
Volusia County Schools,2025-03-11,https://go.boarddocs.com/fla/vcsfl/Board.nsf/Download-AgendaDetailed?open&id=DBUMAH5931CC,cached,1766
Volusia County Schools,2025-03-11,https://go.boarddocs.com/fla/vcsfl/Board.nsf/Download-AgendaDetailed?open&id=DBUMAY5935DF,cached,75474
Volusia County Schools,2025-03-25,https://go.boarddocs.com/fla/vcsfl/Board.nsf/Download-AgendaDetailed?open&id=DBUMEG598409,cached,69644
Volusia County Schools,2025-04-08,https://go.boarddocs.com/fla/vcsfl/Board.nsf/Download-AgendaDetailed?open&id=DDJHLP490C04,cached,5670
Volusia County Schools,2025-04-08,https://go.boarddocs.com/fla/vcsfl/Board.nsf/Download-AgendaDetailed?open&id=DDJHM4491238,cached,50906
Volusia County Schools,2025-04-22,https://go.boarddocs.com/fla/vcsfl/Board.nsf/Download-AgendaDetailed?open&id=DDJHPT492D00,cached,76367
Volusia County Schools,2025-05-05,https://go.boarddocs.com/fla/vcsfl/Board.nsf/Download-AgendaDetailed?open&id=DG7P2R623210,cached,1904
Volusia County Schools,2025-05-13,https://go.boarddocs.com/fla/vcsfl/Board.nsf/Download-AgendaDetailed?open&id=DEAGY6460AC5,cached,3881
Volusia County Schools,2025-05-13,https://go.boarddocs.com/fla/vcsfl/Board.nsf/Download-AgendaDetailed?open&id=DEAGYK460F0B,cached,123466
Volusia County Schools,2025-06-03,https://go.boarddocs.com/fla/vcsfl/Board.nsf/Download-AgendaDetailed?open&id=DFAPL26507B4,cached,91270
Volusia County Schools,2025-06-24,https://go.boarddocs.com/fla/vcsfl/Board.nsf/Download-AgendaDetailed?open&id=DFAPNL650F06,cached,151039
Volusia County Schools,2025-06-24,https://go.boarddocs.com/fla/vcsfl/Board.nsf/Download-AgendaDetailed?open&id=DGNH83470669,cached,2774
Volusia County Schools,2025-06-24,https://go.boarddocs.com/fla/vcsfl/Board.nsf/Download-AgendaDetailed?open&id=DHCGZR4615C2,cached,1833
Volusia County Schools,2025-07-29,https://go.boarddocs.com/fla/vcsfl/Board.nsf/Download-AgendaDetailed?open&id=DFQKTP53727F,cached,3897
Volusia County Schools,2025-07-29,https://go.boarddocs.com/fla/vcsfl/Board.nsf/Download-AgendaDetailed?open&id=DFQKU6537A4D,cached,107250
Volusia County Schools,2025-08-12,https://go.boarddocs.com/fla/vcsfl/Board.nsf/Download-AgendaDetailed?open&id=DG7NXP62182C,cached,2884
Volusia County Schools,2025-08-12,https://go.boarddocs.com/fla/vcsfl/Board.nsf/Download-AgendaDetailed?open&id=DJNNPY60F657,cached,69816
Volusia County Schools,2025-08-26,https://go.boarddocs.com/fla/vcsfl/Board.nsf/Download-AgendaDetailed?open&id=DJUM6N5906EB,cached,50307
Volusia County Schools,2025-09-09,https://go.boarddocs.com/fla/vcsfl/Board.nsf/Download-AgendaDetailed?open&id=DJUMCE59295F,cached,72433
Volusia County Schools,2025-09-23,https://go.boarddocs.com/fla/vcsfl/Board.nsf/Download-AgendaDetailed?open&id=DJUMN65A0452,cached,4410
Volusia County Schools,2025-09-23,https://go.boarddocs.com/fla/vcsfl/Board.nsf/Download-AgendaDetailed?open&id=DJUMNK5A08CF,cached,40467
Volusia County Schools,2025-09-23,https://go.boarddocs.com/fla/vcsfl/Board.nsf/Download-AgendaDetailed?open&id=DK8KWH53DB24,cached,8834
Volusia County Schools,2025-10-14,https://go.boarddocs.com/fla/vcsfl/Board.nsf/Download-AgendaDetailed?open&id=DK8KNQ52B8A6,cached,95495
Volusia County Schools,2025-10-28,https://go.boarddocs.com/fla/vcsfl/Board.nsf/Download-AgendaDetailed?open&id=DK8KPM52DA46,cached,55069
Volusia County Schools,2025-10-28,https://go.boarddocs.com/fla/vcsfl/Board.nsf/Download-AgendaDetailed?open&id=DK8KTB52D08B,cached,3510
Volusia County Schools,2025-11-18,https://go.boarddocs.com/fla/vcsfl/Board.nsf/Download-AgendaDetailed?open&id=DLFQLZ69C217,cached,7732
Volusia County Schools,2025-11-18,https://go.boarddocs.com/fla/vcsfl/Board.nsf/Download-AgendaDetailed?open&id=DLFQNA69CA2E,cached,3473
Volusia County Schools,2025-11-18,https://go.boarddocs.com/fla/vcsfl/Board.nsf/Download-AgendaDetailed?open&id=DLFQPJ69DF79,cached,3064
Volusia County Schools,2025-11-18,https://go.boarddocs.com/fla/vcsfl/Board.nsf/Download-AgendaDetailed?open&id=DLFQQ269E8D6,cached,84960
Volusia County Schools,2025-12-09,https://go.boarddocs.com/fla/vcsfl/Board.nsf/Download-AgendaDetailed?open&id=DLZH38467DB3,cached,2322
Volusia County Schools,2025-12-09,https://go.boarddocs.com/fla/vcsfl/Board.nsf/Download-AgendaDetailed?open&id=DLZH3M46844F,cached,83608
Volusia County Schools,2025-12-09,https://go.boarddocs.com/fla/vcsfl/Board.nsf/Download-AgendaDetailed?open&id=DNMH9W477878,cached,1842
Volusia County Schools,2026-01-13,https://go.boarddocs.com/fla/vcsfl/Board.nsf/Download-AgendaDetailed?open&id=DNJQDC6691CA,cached,2439
Volusia County Schools,2026-01-13,https://go.boarddocs.com/fla/vcsfl/Board.nsf/Download-AgendaDetailed?open&id=DNJQEB66AFDE,cached,100399
Volusia County Schools,2026-01-23,https://go.boarddocs.com/fla/vcsfl/Board.nsf/Download-AgendaDetailed?open&id=DQHRAB6D0743,cached,4746
Volusia County Schools,2026-02-10,https://go.boarddocs.com/fla/vcsfl/Board.nsf/Download-AgendaDetailed?open&id=DNJQDW66A808,cached,3035
Volusia County Schools,2026-02-10,https://go.boarddocs.com/fla/vcsfl/Board.nsf/Download-AgendaDetailed?open&id=DNJQGY66B44C,cached,110052
Volusia County Schools,2026-03-10,https://go.boarddocs.com/fla/vcsfl/Board.nsf/Download-AgendaDetailed?open&id=DNZKLY52764F,cached,2997
Volusia County Schools,2026-03-10,https://go.boarddocs.com/fla/vcsfl/Board.nsf/Download-AgendaDetailed?open&id=DNZKMD527A63,cached,112878
Volusia County Schools,2026-04-14,https://go.boarddocs.com/fla/vcsfl/Board.nsf/Download-AgendaDetailed?open&id=DQ3RC96D4FA5,cached,3964
Volusia County Schools,2026-04-14,https://go.boarddocs.com/fla/vcsfl/Board.nsf/Download-AgendaDetailed?open&id=DQ3RF26D96B5,cached,137165
Volusia County Schools,2026-04-17,https://go.boarddocs.com/fla/vcsfl/Board.nsf/Download-AgendaDetailed?open&id=DT6JRV4E7EA9,cached,2702
Volusia County Schools,2026-05-12,https://go.boarddocs.com/fla/vcsfl/Board.nsf/Download-AgendaDetailed?open&id=DQYJFQ4D01CA,cached,3998
Volusia County Schools,2026-05-12,https://go.boarddocs.com/fla/vcsfl/Board.nsf/Download-AgendaDetailed?open&id=DTSR3Y6BFCE3,cached,145277
Volusia County Schools,2026-06-02,https://go.boarddocs.com/fla/vcsfl/Board.nsf/Download-AgendaDetailed?open&id=DU3FS2407490,cached,10380
Volusia County Schools,2026-06-08,https://go.boarddocs.com/fla/vcsfl/Board.nsf/Download-AgendaDetailed?open&id=DUGNQT6111F4,cached,1733
Volusia County Schools,2026-06-09,https://go.boarddocs.com/fla/vcsfl/Board.nsf/Download-AgendaDetailed?open&id=DRUKB750FC8B,cached,136243
Volusia County Schools,2026-06-09,https://go.boarddocs.com/fla/vcsfl/Board.nsf/Download-AgendaDetailed?open&id=DTNLX458A167,cached,1552
Volusia County Schools,2026-06-23,https://go.boarddocs.com/fla/vcsfl/Board.nsf/Download-AgendaDetailed?open&id=DRUKAS50F8C0,cached,2326
Volusia County Schools,2026-06-23,https://go.boarddocs.com/fla/vcsfl/Board.nsf/Download-AgendaDetailed?open&id=DSPM8T5A0F4D,cached,126746
Volusia County Schools,2026-07-28,https://go.boarddocs.com/fla/vcsfl/Board.nsf/Download-AgendaDetailed?open&id=DT8P5262E0AA,cached,3584
Volusia County Schools,2026-07-28,https://go.boarddocs.com/fla/vcsfl/Board.nsf/Download-AgendaDetailed?open&id=DT8P5F62E5F1,cached,145210
Volusia County Schools,2026-08-11,https://go.boarddocs.com/fla/vcsfl/Board.nsf/Download-AgendaDetailed?open&id=DUWGTV4569D3,cached,4944
Volusia County Schools,2026-08-11,https://go.boarddocs.com/fla/vcsfl/Board.nsf/Download-AgendaDetailed?open&id=DUWGUA456E54,cached,61738
Volusia County Schools,2026-08-25,https://go.boarddocs.com/fla/vcsfl/Board.nsf/Download-AgendaDetailed?open&id=DX3PA963A4D8,cached,1856
Wakulla County School District,2025-03-10,https://go.boarddocs.com/fl/wcsb/Board.nsf/Download-AgendaDetailed?open&id=DBKSYU74ED7A,fetched,18079
Wakulla County School District,2025-04-21,https://go.boarddocs.com/fl/wcsb/Board.nsf/Download-AgendaDetailed?open&id=DBKSZR74FAFC,fetched,20576
Wakulla County School District,2025-05-19,https://go.boarddocs.com/fl/wcsb/Board.nsf/Download-AgendaDetailed?open&id=DBKT2N75091E,fetched,25530
Wakulla County School District,2025-06-16,https://go.boarddocs.com/fl/wcsb/Board.nsf/Download-AgendaDetailed?open&id=DBKT3M75142B,fetched,27584
Wakulla County School District,2025-07-21,https://go.boarddocs.com/fl/wcsb/Board.nsf/Download-AgendaDetailed?open&id=DBKT4K7531E4,fetched,20408
Wakulla County School District,2025-07-21,https://go.boarddocs.com/fl/wcsb/Board.nsf/Download-AgendaDetailed?open&id=DJ5T7475EE7C,fetched,817
Wakulla County School District,2025-07-28,https://go.boarddocs.com/fl/wcsb/Board.nsf/Download-AgendaDetailed?open&id=DBKT5J754697,fetched,4190
Wakulla County School District,2025-07-28,https://go.boarddocs.com/fl/wcsb/Board.nsf/Download-AgendaDetailed?open&id=DJKPYX66EC8C,fetched,6710
Wakulla County School District,2025-08-18,https://go.boarddocs.com/fl/wcsb/Board.nsf/Download-AgendaDetailed?open&id=DBKT6G7573CA,fetched,16013
Wakulla County School District,2025-09-08,https://go.boarddocs.com/fl/wcsb/Board.nsf/Download-AgendaDetailed?open&id=DBKT4D758900,fetched,4157
Wakulla County School District,2025-09-08,https://go.boarddocs.com/fl/wcsb/Board.nsf/Download-AgendaDetailed?open&id=DKXPNA656828,fetched,8339
Wakulla County School District,2025-09-15,https://go.boarddocs.com/fl/wcsb/Board.nsf/Download-AgendaDetailed?open&id=DBKT5B75A000,fetched,34577
Wakulla County School District,2025-10-20,https://go.boarddocs.com/fl/wcsb/Board.nsf/Download-AgendaDetailed?open&id=DBKT6B75B93B,fetched,14119
Walton County School District,2025-04-01,https://go.boarddocs.com/fl/waltonsd/Board.nsf/Download-AgendaDetailed?open&id=DDRQVG6B241B,cached,48475
Walton County School District,2025-04-15,https://go.boarddocs.com/fl/waltonsd/Board.nsf/Download-AgendaDetailed?open&id=DDRQPB6A1D0B,cached,32380
Walton County School District,2025-04-15,https://go.boarddocs.com/fl/waltonsd/Board.nsf/Download-AgendaDetailed?open&id=DFCHEW483396,cached,2998
Walton County School District,2025-05-06,https://go.boarddocs.com/fl/waltonsd/Board.nsf/Download-AgendaDetailed?open&id=DERMQY5BFE77,cached,59650
Walton County School District,2025-05-20,https://go.boarddocs.com/fl/waltonsd/Board.nsf/Download-AgendaDetailed?open&id=DFRK2N4F73F0,cached,2381
Walton County School District,2025-05-20,https://go.boarddocs.com/fl/waltonsd/Board.nsf/Download-AgendaDetailed?open&id=DFZHHE4890F8,cached,25146
Walton County School District,2025-06-03,https://go.boarddocs.com/fl/waltonsd/Board.nsf/Download-AgendaDetailed?open&id=DGNN6D5E61B2,cached,35412
Walton County School District,2025-06-17,https://go.boarddocs.com/fl/waltonsd/Board.nsf/Download-AgendaDetailed?open&id=DGNNK8604032,cached,33357
Walton County School District,2025-06-26,https://go.boarddocs.com/fl/waltonsd/Board.nsf/Download-AgendaDetailed?open&id=DGNNUY610562,cached,27264
Walton County School District,2025-06-26,https://go.boarddocs.com/fl/waltonsd/Board.nsf/Download-AgendaDetailed?open&id=DHPL8L55562E,cached,3113
Walton County School District,2025-07-15,https://go.boarddocs.com/fl/waltonsd/Board.nsf/Download-AgendaDetailed?open&id=DH9RAN6D11DB,cached,29033
Walton County School District,2025-07-15,https://go.boarddocs.com/fl/waltonsd/Board.nsf/Download-AgendaDetailed?open&id=DJDTPH785616,cached,2082
Walton County School District,2025-07-21,https://go.boarddocs.com/fl/waltonsd/Board.nsf/Download-AgendaDetailed?open&id=DHPS937187CB,cached,2394
Walton County School District,2025-07-28,https://go.boarddocs.com/fl/waltonsd/Board.nsf/Download-AgendaDetailed?open&id=DHPRMN6EB080,cached,6967
Walton County School District,2025-08-05,https://go.boarddocs.com/fl/waltonsd/Board.nsf/Download-AgendaDetailed?open&id=DHPMGZ59DF45,cached,40918
Walton County School District,2025-08-19,https://go.boarddocs.com/fl/waltonsd/Board.nsf/Download-AgendaDetailed?open&id=DJMKS752F1B9,cached,23932
Walton County School District,2025-08-28,https://go.boarddocs.com/fl/waltonsd/Board.nsf/Download-AgendaDetailed?open&id=DKGLKN56F585,cached,1196
Walton County School District,2025-09-02,https://go.boarddocs.com/fl/waltonsd/Board.nsf/Download-AgendaDetailed?open&id=DKFN4S5DABF1,cached,35899
Walton County School District,2025-09-02,https://go.boarddocs.com/fl/waltonsd/Board.nsf/Download-AgendaDetailed?open&id=DKFNNV60CE3B,cached,2076
Walton County School District,2025-09-02,https://go.boarddocs.com/fl/waltonsd/Board.nsf/Download-AgendaDetailed?open&id=DKWJ8Q4BFAD6,cached,1460
Walton County School District,2025-09-16,https://go.boarddocs.com/fl/waltonsd/Board.nsf/Download-AgendaDetailed?open&id=DKZPRE65DD14,cached,30944
Walton County School District,2025-09-16,https://go.boarddocs.com/fl/waltonsd/Board.nsf/Download-AgendaDetailed?open&id=DLFNC65F3897,cached,668
Walton County School District,2025-09-16,https://go.boarddocs.com/fl/waltonsd/Board.nsf/Download-AgendaDetailed?open&id=DLKH9C4732A5,cached,1518
Walton County School District,2025-09-18,https://go.boarddocs.com/fl/waltonsd/Board.nsf/Download-AgendaDetailed?open&id=DHPSHA72BC05,cached,7714
Walton County School District,2025-10-07,https://go.boarddocs.com/fl/waltonsd/Board.nsf/Download-AgendaDetailed?open&id=DLCJ9G4C16F5,cached,2191
Walton County School District,2025-10-07,https://go.boarddocs.com/fl/waltonsd/Board.nsf/Download-AgendaDetailed?open&id=DLCJH34D345C,cached,42571
Walton County School District,2025-10-21,https://go.boarddocs.com/fl/waltonsd/Board.nsf/Download-AgendaDetailed?open&id=DLNKX753F624,cached,47962
Walton County School District,2025-11-04,https://go.boarddocs.com/fl/waltonsd/Board.nsf/Download-AgendaDetailed?open&id=DLNLAQ55353C,cached,28983
Walton County School District,2025-11-04,https://go.boarddocs.com/fl/waltonsd/Board.nsf/Download-AgendaDetailed?open&id=DMWH354679E4,cached,1222
Walton County School District,2025-11-18,https://go.boarddocs.com/fl/waltonsd/Board.nsf/Download-AgendaDetailed?open&id=DLNLEE563128,cached,9211
Walton County School District,2025-11-18,https://go.boarddocs.com/fl/waltonsd/Board.nsf/Download-AgendaDetailed?open&id=DLNLP8572BDF,cached,32215
Walton County School District,2025-12-02,https://go.boarddocs.com/fl/waltonsd/Board.nsf/Download-AgendaDetailed?open&id=DNHL9H557871,cached,30712
Walton County School District,2025-12-16,https://go.boarddocs.com/fl/waltonsd/Board.nsf/Download-AgendaDetailed?open&id=DNLMPA5C2D57,fetched,30758
Walton County School District,2026-01-06,https://go.boarddocs.com/fl/waltonsd/Board.nsf/Download-AgendaDetailed?open&id=DPAKG651C2CF,fetched,20633
Walton County School District,2026-01-20,https://go.boarddocs.com/fl/waltonsd/Board.nsf/Download-AgendaDetailed?open&id=DPAKPJ52C152,fetched,38294
Walton County School District,2026-02-03,https://go.boarddocs.com/fl/waltonsd/Board.nsf/Download-AgendaDetailed?open&id=DQARVA638B3F,fetched,51367
Walton County School District,2026-02-17,https://go.boarddocs.com/fl/waltonsd/Board.nsf/Download-AgendaDetailed?open&id=DQQU8W7AE21D,fetched,34667
Walton County School District,2026-03-03,https://go.boarddocs.com/fl/waltonsd/Board.nsf/Download-AgendaDetailed?open&id=DQYLYA58CF65,fetched,31348
Walton County School District,2026-03-17,https://go.boarddocs.com/fl/waltonsd/Board.nsf/Download-AgendaDetailed?open&id=DRMJC24C781F,fetched,330
Walton County School District,2026-04-07,https://go.boarddocs.com/fl/waltonsd/Board.nsf/Download-AgendaDetailed?open&id=DRMJNU4E0D04,fetched,59476
Walton County School District,2026-04-21,https://go.boarddocs.com/fl/waltonsd/Board.nsf/Download-AgendaDetailed?open&id=DRMLXG58B104,fetched,36272
Walton County School District,2026-04-21,https://go.boarddocs.com/fl/waltonsd/Board.nsf/Download-AgendaDetailed?open&id=DSYRZK706F59,fetched,2203
Walton County School District,2026-05-05,https://go.boarddocs.com/fl/waltonsd/Board.nsf/Download-AgendaDetailed?open&id=DSYJQF4E48D5,fetched,43143
Walton County School District,2026-05-19,https://go.boarddocs.com/fl/waltonsd/Board.nsf/Download-AgendaDetailed?open&id=DTBJSS4E76FB,fetched,45999
Walton County School District,2026-05-19,https://go.boarddocs.com/fl/waltonsd/Board.nsf/Download-AgendaDetailed?open&id=DTKRTC6F83EA,fetched,2419
Walton County School District,2026-06-02,https://go.boarddocs.com/fl/waltonsd/Board.nsf/Download-AgendaDetailed?open&id=DTVSG7729322,fetched,58643
Walton County School District,2026-06-16,https://go.boarddocs.com/fl/waltonsd/Board.nsf/Download-AgendaDetailed?open&id=DU9MMM5BEF1E,fetched,47195
Walton County School District,2026-07-07,https://go.boarddocs.com/fl/waltonsd/Board.nsf/Download-AgendaDetailed?open&id=DUHPXP66C8B2,fetched,38571
Walton County School District,2026-07-21,https://go.boarddocs.com/fl/waltonsd/Board.nsf/Download-AgendaDetailed?open&id=DUHQ536791BC,fetched,31844
Walton County School District,2026-07-21,https://go.boarddocs.com/fl/waltonsd/Board.nsf/Download-AgendaDetailed?open&id=DVYTM377F9F7,fetched,1530
Walton County School District,2026-07-23,https://go.boarddocs.com/fl/waltonsd/Board.nsf/Download-AgendaDetailed?open&id=DVDT99763EF3,fetched,2523
Walton County School District,2026-08-03,https://go.boarddocs.com/fl/waltonsd/Board.nsf/Download-AgendaDetailed?open&id=DVDSHK72C71A,fetched,3719
Walton County School District,2026-08-04,https://go.boarddocs.com/fl/waltonsd/Board.nsf/Download-AgendaDetailed?open&id=DVCHBF47B137,fetched,40978
Walton County School District,2026-08-18,https://go.boarddocs.com/fl/waltonsd/Board.nsf/Download-AgendaDetailed?open&id=DWMVWQ82C405,fetched,326
Walton County School District,2026-08-24,https://go.boarddocs.com/fl/waltonsd/Board.nsf/Download-AgendaDetailed?open&id=DVYNPG60E3A3,fetched,35253
Walton County School District,2026-08-24,https://go.boarddocs.com/fl/waltonsd/Board.nsf/Download-AgendaDetailed?open&id=DWPK9L50CC6E,fetched,1860
Walton County School District,2026-09-01,https://go.boarddocs.com/fl/waltonsd/Board.nsf/Download-AgendaDetailed?open&id=DVYNTQ6183F3,fetched,1460
Walton County School District,2026-09-01,https://go.boarddocs.com/fl/waltonsd/Board.nsf/Download-AgendaDetailed?open&id=DWMM6459A90A,fetched,35213
Washington County School District,2025-03-10,https://go.boarddocs.com/fl/wcsdschools/Board.nsf/Download-AgendaDetailed?open&id=DDTQS66AA970,fetched,21450
Washington County School District,2025-04-07,https://go.boarddocs.com/fl/wcsdschools/Board.nsf/Download-AgendaDetailed?open&id=DENHBZ47C685,fetched,1645
Washington County School District,2025-04-14,https://go.boarddocs.com/fl/wcsdschools/Board.nsf/Download-AgendaDetailed?open&id=DDRJ6N4BAD6A,fetched,1036
Washington County School District,2025-04-14,https://go.boarddocs.com/fl/wcsdschools/Board.nsf/Download-AgendaDetailed?open&id=DE7JBP4C6AB3,fetched,30858
Washington County School District,2025-05-12,https://go.boarddocs.com/fl/wcsdschools/Board.nsf/Download-AgendaDetailed?open&id=DE9QCU68A014,fetched,43015
Washington County School District,2025-05-12,https://go.boarddocs.com/fl/wcsdschools/Board.nsf/Download-AgendaDetailed?open&id=DFXPKB64F445,fetched,1010
Washington County School District,2025-06-09,https://go.boarddocs.com/fl/wcsdschools/Board.nsf/Download-AgendaDetailed?open&id=DGQH29465939,fetched,33943
Washington County School District,2025-06-26,https://go.boarddocs.com/fl/wcsdschools/Board.nsf/Download-AgendaDetailed?open&id=DGQGSW454558,fetched,939
Washington County School District,2025-06-26,https://go.boarddocs.com/fl/wcsdschools/Board.nsf/Download-AgendaDetailed?open&id=DGQGV545982F,fetched,23328
Washington County School District,2025-07-14,https://go.boarddocs.com/fl/wcsdschools/Board.nsf/Download-AgendaDetailed?open&id=DGQH5846C657,fetched,28362
Washington County School District,2025-07-28,https://go.boarddocs.com/fl/wcsdschools/Board.nsf/Download-AgendaDetailed?open&id=DGQKHR51FE2B,fetched,2464
Washington County School District,2025-07-28,https://go.boarddocs.com/fl/wcsdschools/Board.nsf/Download-AgendaDetailed?open&id=DJLKPX51B01D,fetched,20437
Washington County School District,2025-08-11,https://go.boarddocs.com/fl/wcsdschools/Board.nsf/Download-AgendaDetailed?open&id=DHXPH4643072,fetched,23432
Washington County School District,2025-09-08,https://go.boarddocs.com/fl/wcsdschools/Board.nsf/Download-AgendaDetailed?open&id=DGQKLX52760A,fetched,2097
Washington County School District,2025-09-08,https://go.boarddocs.com/fl/wcsdschools/Board.nsf/Download-AgendaDetailed?open&id=DKKJQ84E3FBB,fetched,27775
Washington County School District,2025-09-16,https://go.boarddocs.com/fl/wcsdschools/Board.nsf/Download-AgendaDetailed?open&id=DLCNRM612096,fetched,978
Washington County School District,2025-10-14,https://go.boarddocs.com/fl/wcsdschools/Board.nsf/Download-AgendaDetailed?open&id=DLCNJQ6031DE,fetched,25812
Washington County School District,2025-10-14,https://go.boarddocs.com/fl/wcsdschools/Board.nsf/Download-AgendaDetailed?open&id=DLLMYZ5D9489,fetched,951
Washington County School District,2025-10-28,https://go.boarddocs.com/fl/wcsdschools/Board.nsf/Download-AgendaDetailed?open&id=DMNKSG534509,fetched,976
Washington County School District,2025-11-10,https://go.boarddocs.com/fl/wcsdschools/Board.nsf/Download-AgendaDetailed?open&id=DMMH4T46B930,fetched,14469
Washington County School District,2025-11-10,https://go.boarddocs.com/fl/wcsdschools/Board.nsf/Download-AgendaDetailed?open&id=DMMMS75C4D64,fetched,3167
Washington County School District,2025-12-08,https://go.boarddocs.com/fl/wcsdschools/Board.nsf/Download-AgendaDetailed?open&id=DMXJL54DA558,fetched,11769
Washington County School District,2025-12-08,https://go.boarddocs.com/fl/wcsdschools/Board.nsf/Download-AgendaDetailed?open&id=DMXJNW4E0F2E,fetched,2466
Washington County School District,2025-12-08,https://go.boarddocs.com/fl/wcsdschools/Board.nsf/Download-AgendaDetailed?open&id=DNXKG351BECB,fetched,1510
Washington County School District,2026-01-12,https://go.boarddocs.com/fl/wcsdschools/Board.nsf/Download-AgendaDetailed?open&id=DP9KYK5429B2,fetched,16935
Washington County School District,2026-01-12,https://go.boarddocs.com/fl/wcsdschools/Board.nsf/Download-AgendaDetailed?open&id=DP9L4K54BEB1,fetched,967
Washington County School District,2026-02-02,https://go.boarddocs.com/fl/wcsdschools/Board.nsf/Download-AgendaDetailed?open&id=DQPKET518FD2,fetched,1351
Washington County School District,2026-02-09,https://go.boarddocs.com/fl/wcsdschools/Board.nsf/Download-AgendaDetailed?open&id=DQ6LWY589E33,fetched,20786
