district,meeting_date,source_type,url
Alachua County Public Schools,2025-03-12,board_agenda_packet,https://go.boarddocs.com/fl/alaco/Board.nsf/Download-AgendaDetailed?open&id=DDEMM95BE0C2
Alachua County Public Schools,2025-03-14,board_agenda_packet,https://go.boarddocs.com/fl/alaco/Board.nsf/Download-AgendaDetailed?open&id=DDEMNE5BF094
Alachua County Public Schools,2025-04-01,board_agenda_packet,https://go.boarddocs.com/fl/alaco/Board.nsf/Download-AgendaDetailed?open&id=DEAK7W508CCD
Alachua County Public Schools,2025-04-15,board_agenda_packet,https://go.boarddocs.com/fl/alaco/Board.nsf/Download-AgendaDetailed?open&id=DEAK9A50B62C
Alachua County Public Schools,2025-04-16,board_agenda_packet,https://go.boarddocs.com/fl/alaco/Board.nsf/Download-AgendaDetailed?open&id=DEAK8S509D4A
Alachua County Public Schools,2025-04-24,board_agenda_packet,https://go.boarddocs.com/fl/alaco/Board.nsf/Download-AgendaDetailed?open&id=DFUK6S50606A
Alachua County Public Schools,2025-05-01,board_agenda_packet,https://go.boarddocs.com/fl/alaco/Board.nsf/Download-AgendaDetailed?open&id=DG83VL08BA94
Alachua County Public Schools,2025-05-06,board_agenda_packet,https://go.boarddocs.com/fl/alaco/Board.nsf/Download-AgendaDetailed?open&id=DF3HQY49AD03
Alachua County Public Schools,2025-06-03,board_agenda_packet,https://go.boarddocs.com/fl/alaco/Board.nsf/Download-AgendaDetailed?open&id=DF3HTL4A0F45
Alachua County Public Schools,2025-06-04,board_agenda_packet,https://go.boarddocs.com/fl/alaco/Board.nsf/Download-AgendaDetailed?open&id=DGLRL66E57C8
Alachua County Public Schools,2025-06-09,board_agenda_packet,https://go.boarddocs.com/fl/alaco/Board.nsf/Download-AgendaDetailed?open&id=DHBQ7B53F24F
Alachua County Public Schools,2025-07-24,board_agenda_packet,https://go.boarddocs.com/fl/alaco/Board.nsf/Download-AgendaDetailed?open&id=DHAQUZ6A4DD8
Alachua County Public Schools,2025-07-31,board_agenda_packet,https://go.boarddocs.com/fl/alaco/Board.nsf/Download-AgendaDetailed?open&id=DGGSQF73C7FA
Alachua County Public Schools,2025-07-31,board_agenda_packet,https://go.boarddocs.com/fl/alaco/Board.nsf/Download-AgendaDetailed?open&id=DJDKMK527705
Alachua County Public Schools,2025-08-13,board_agenda_packet,https://go.boarddocs.com/fl/alaco/Board.nsf/Download-AgendaDetailed?open&id=DKAMBZ581A5E
Alachua County Public Schools,2025-08-19,board_agenda_packet,https://go.boarddocs.com/fl/alaco/Board.nsf/Download-AgendaDetailed?open&id=DHAQPB6A20D2
Alachua County Public Schools,2025-09-02,board_agenda_packet,https://go.boarddocs.com/fl/alaco/Board.nsf/Download-AgendaDetailed?open&id=DKBNWH61ECB8
Alachua County Public Schools,2025-09-09,board_agenda_packet,https://go.boarddocs.com/fl/alaco/Board.nsf/Download-AgendaDetailed?open&id=DKCHM848E9B5
Alachua County Public Schools,2025-09-16,board_agenda_packet,https://go.boarddocs.com/fl/alaco/Board.nsf/Download-AgendaDetailed?open&id=DKRLXA58A8E5
Alachua County Public Schools,2025-10-07,board_agenda_packet,https://go.boarddocs.com/fl/alaco/Board.nsf/Download-AgendaDetailed?open&id=DL7RCT6D63C6
Alachua County Public Schools,2025-10-15,board_agenda_packet,https://go.boarddocs.com/fl/alaco/Board.nsf/Download-AgendaDetailed?open&id=DLZK8Q50ABD3
Alachua County Public Schools,2025-11-04,board_agenda_packet,https://go.boarddocs.com/fl/alaco/Board.nsf/Download-AgendaDetailed?open&id=DMEQXG6B7078
Alachua County Public Schools,2025-11-19,board_agenda_packet,https://go.boarddocs.com/fl/alaco/Board.nsf/Download-AgendaDetailed?open&id=DMHPJ964D071
Alachua County Public Schools,2025-11-19,board_agenda_packet,https://go.boarddocs.com/fl/alaco/Board.nsf/Download-AgendaDetailed?open&id=DMHPL265074F
Alachua County Public Schools,2025-11-19,board_agenda_packet,https://go.boarddocs.com/fl/alaco/Board.nsf/Download-AgendaDetailed?open&id=DMHPND656BF3
Alachua County Public Schools,2025-11-19,board_agenda_packet,https://go.boarddocs.com/fl/alaco/Board.nsf/Download-AgendaDetailed?open&id=DN7NNR60C7FA
Alachua County Public Schools,2025-12-16,board_agenda_packet,https://go.boarddocs.com/fl/alaco/Board.nsf/Download-AgendaDetailed?open&id=DMHPJU64E68A
Alachua County Public Schools,2025-12-16,board_agenda_packet,https://go.boarddocs.com/fl/alaco/Board.nsf/Download-AgendaDetailed?open&id=DNMPKA64F77D
Alachua County Public Schools,2026-01-01,board_agenda_packet,https://go.boarddocs.com/fl/alaco/Board.nsf/Download-AgendaDetailed?open&id=DPFU747A9E05
Alachua County Public Schools,2026-01-01,board_agenda_packet,https://go.boarddocs.com/fl/alaco/Board.nsf/Download-AgendaDetailed?open&id=DQKP96637C59
Alachua County Public Schools,2026-01-12,board_agenda_packet,https://go.boarddocs.com/fl/alaco/Board.nsf/Download-AgendaDetailed?open&id=DNYJ9L4C1CAB
Alachua County Public Schools,2026-01-12,board_agenda_packet,https://go.boarddocs.com/fl/alaco/Board.nsf/Download-AgendaDetailed?open&id=DQ2KGY51DFEA
Alachua County Public Schools,2026-01-20,board_agenda_packet,https://go.boarddocs.com/fl/alaco/Board.nsf/Download-AgendaDetailed?open&id=DNYJAQ4C447C
Alachua County Public Schools,2026-02-03,board_agenda_packet,https://go.boarddocs.com/fl/alaco/Board.nsf/Download-AgendaDetailed?open&id=DQ9HMA476B99
Alachua County Public Schools,2026-02-06,board_agenda_packet,https://go.boarddocs.com/fl/alaco/Board.nsf/Download-AgendaDetailed?open&id=DQSMJ35B622E
Alachua County Public Schools,2026-02-23,board_agenda_packet,https://go.boarddocs.com/fl/alaco/Board.nsf/Download-AgendaDetailed?open&id=DRAN9B5ED1E7
Alachua County Public Schools,2026-02-26,board_agenda_packet,https://go.boarddocs.com/fl/alaco/Board.nsf/Download-AgendaDetailed?open&id=DRANJT6035F6
Alachua County Public Schools,2026-03-03,board_agenda_packet,https://go.boarddocs.com/fl/alaco/Board.nsf/Download-AgendaDetailed?open&id=DQXPLG652412
Alachua County Public Schools,2026-03-12,board_agenda_packet,https://go.boarddocs.com/fl/alaco/Board.nsf/Download-AgendaDetailed?open&id=DREJYE4F7386
Alachua County Public Schools,2026-04-01,board_agenda_packet,https://go.boarddocs.com/fl/alaco/Board.nsf/Download-AgendaDetailed?open&id=DREK2Z4F9FF5
Alachua County Public Schools,2026-04-21,board_agenda_packet,https://go.boarddocs.com/fl/alaco/Board.nsf/Download-AgendaDetailed?open&id=DREJZX4F8DDC
Alachua County Public Schools,2026-04-29,board_agenda_packet,https://go.boarddocs.com/fl/alaco/Board.nsf/Download-AgendaDetailed?open&id=DRTK5M503733
Alachua County Public Schools,2026-05-05,board_agenda_packet,https://go.boarddocs.com/fl/alaco/Board.nsf/Download-AgendaDetailed?open&id=DSSK9350B7F8
Alachua County Public Schools,2026-05-06,board_agenda_packet,https://go.boarddocs.com/fl/alaco/Board.nsf/Download-AgendaDetailed?open&id=DT6LUG583FE9
Alachua County Public Schools,2026-06-02,board_agenda_packet,https://go.boarddocs.com/fl/alaco/Board.nsf/Download-AgendaDetailed?open&id=DT6P3362979F
Alachua County Public Schools,2026-06-03,board_agenda_packet,https://go.boarddocs.com/fl/alaco/Board.nsf/Download-AgendaDetailed?open&id=DT6P4762C04E
Alachua County Public Schools,2026-06-16,board_agenda_packet,https://go.boarddocs.com/fl/alaco/Board.nsf/Download-AgendaDetailed?open&id=DUQK9K50CAD6
Alachua County Public Schools,2026-07-22,board_agenda_packet,https://go.boarddocs.com/fl/alaco/Board.nsf/Download-AgendaDetailed?open&id=DVBGET437FCB
Alachua County Public Schools,2026-07-30,board_agenda_packet,https://go.boarddocs.com/fl/alaco/Board.nsf/Download-AgendaDetailed?open&id=DU8HXS49F9CC
Alachua County Public Schools,2026-07-30,board_agenda_packet,https://go.boarddocs.com/fl/alaco/Board.nsf/Download-AgendaDetailed?open&id=DVRT497583FA
Alachua County Public Schools,2026-07-30,board_agenda_packet,https://go.boarddocs.com/fl/alaco/Board.nsf/Download-AgendaDetailed?open&id=DVZMFW5B1881
Alachua County Public Schools,2026-08-04,board_agenda_packet,https://go.boarddocs.com/fl/alaco/Board.nsf/Download-AgendaDetailed?open&id=DVHGQH44EAD3
Alachua County Public Schools,2026-08-19,board_agenda_packet,https://go.boarddocs.com/fl/alaco/Board.nsf/Download-AgendaDetailed?open&id=DWFRQF6F181C
Bay District Schools,2025-03-11,board_agenda_packet,https://go.boarddocs.com/fl/bcsdfl/Board.nsf/Download-AgendaDetailed?open&id=DDFRXB701AB0
Bay District Schools,2025-03-11,board_agenda_packet,https://go.boarddocs.com/fl/bcsdfl/Board.nsf/Download-AgendaDetailed?open&id=DEJQRK6A8FEF
Bay District Schools,2025-03-25,board_agenda_packet,https://go.boarddocs.com/fl/bcsdfl/Board.nsf/Download-AgendaDetailed?open&id=DDFS34702B0F
Bay District Schools,2025-03-25,board_agenda_packet,https://go.boarddocs.com/fl/bcsdfl/Board.nsf/Download-AgendaDetailed?open&id=DEXRFD6DC51B
Bay District Schools,2025-04-08,board_agenda_packet,https://go.boarddocs.com/fl/bcsdfl/Board.nsf/Download-AgendaDetailed?open&id=DE3KSS5350F2
Bay District Schools,2025-04-08,board_agenda_packet,https://go.boarddocs.com/fl/bcsdfl/Board.nsf/Download-AgendaDetailed?open&id=DFENAV5F0B96
Bay District Schools,2025-04-08,board_agenda_packet,https://go.boarddocs.com/fl/bcsdfl/Board.nsf/Download-AgendaDetailed?open&id=DFHL835523E1
Bay District Schools,2025-04-15,board_agenda_packet,https://go.boarddocs.com/fl/bcsdfl/Board.nsf/Download-AgendaDetailed?open&id=DDKMJU5B874F
Bay District Schools,2025-04-22,board_agenda_packet,https://go.boarddocs.com/fl/bcsdfl/Board.nsf/Download-AgendaDetailed?open&id=DE3KUX5368A6
Bay District Schools,2025-04-22,board_agenda_packet,https://go.boarddocs.com/fl/bcsdfl/Board.nsf/Download-AgendaDetailed?open&id=DFTRY6703AAD
Bay District Schools,2025-05-13,board_agenda_packet,https://go.boarddocs.com/fl/bcsdfl/Board.nsf/Download-AgendaDetailed?open&id=DE3KWS537CD5
Bay District Schools,2025-05-13,board_agenda_packet,https://go.boarddocs.com/fl/bcsdfl/Board.nsf/Download-AgendaDetailed?open&id=DGFNVJ61C7DE
Bay District Schools,2025-05-13,board_agenda_packet,https://go.boarddocs.com/fl/bcsdfl/Board.nsf/Download-AgendaDetailed?open&id=DGHMFM5B0DD7
Bay District Schools,2025-05-27,board_agenda_packet,https://go.boarddocs.com/fl/bcsdfl/Board.nsf/Download-AgendaDetailed?open&id=DE3KZ4538F15
Bay District Schools,2025-05-27,board_agenda_packet,https://go.boarddocs.com/fl/bcsdfl/Board.nsf/Download-AgendaDetailed?open&id=DGWMES5AEE44
Bay District Schools,2025-05-27,board_agenda_packet,https://go.boarddocs.com/fl/bcsdfl/Board.nsf/Download-AgendaDetailed?open&id=DGXLHF5477E5
Bay District Schools,2025-06-05,board_agenda_packet,https://go.boarddocs.com/fl/bcsdfl/Board.nsf/Download-AgendaDetailed?open&id=DH5NE85E7C6C
Bay District Schools,2025-06-10,board_agenda_packet,https://go.boarddocs.com/fl/bcsdfl/Board.nsf/Download-AgendaDetailed?open&id=DH5KAG50D388
Bay District Schools,2025-06-10,board_agenda_packet,https://go.boarddocs.com/fl/bcsdfl/Board.nsf/Download-AgendaDetailed?open&id=DHCMK85B58D4
Bay District Schools,2025-06-24,board_agenda_packet,https://go.boarddocs.com/fl/bcsdfl/Board.nsf/Download-AgendaDetailed?open&id=DH5KCJ50E81D
Bay District Schools,2025-06-24,board_agenda_packet,https://go.boarddocs.com/fl/bcsdfl/Board.nsf/Download-AgendaDetailed?open&id=DHSLK956E678
Bay District Schools,2025-06-24,board_agenda_packet,https://go.boarddocs.com/fl/bcsdfl/Board.nsf/Download-AgendaDetailed?open&id=DHWQRH6A8F77
Bay District Schools,2025-07-08,board_agenda_packet,https://go.boarddocs.com/fl/bcsdfl/Board.nsf/Download-AgendaDetailed?open&id=DH5KEQ50F862
Bay District Schools,2025-07-08,board_agenda_packet,https://go.boarddocs.com/fl/bcsdfl/Board.nsf/Download-AgendaDetailed?open&id=DHZHAB4786BD
Bay District Schools,2025-07-15,board_agenda_packet,https://go.boarddocs.com/fl/bcsdfl/Board.nsf/Download-AgendaDetailed?open&id=DJKQ7R67F71B
Bay District Schools,2025-07-22,board_agenda_packet,https://go.boarddocs.com/fl/bcsdfl/Board.nsf/Download-AgendaDetailed?open&id=DGPT8C760590
Bay District Schools,2025-07-22,board_agenda_packet,https://go.boarddocs.com/fl/bcsdfl/Board.nsf/Download-AgendaDetailed?open&id=DJNGD7434035
Bay District Schools,2025-07-24,board_agenda_packet,https://go.boarddocs.com/fl/bcsdfl/Board.nsf/Download-AgendaDetailed?open&id=DJPQU76AC096
Bay District Schools,2025-07-31,board_agenda_packet,https://go.boarddocs.com/fl/bcsdfl/Board.nsf/Download-AgendaDetailed?open&id=DJETP47846E3
Bay District Schools,2025-07-31,board_agenda_packet,https://go.boarddocs.com/fl/bcsdfl/Board.nsf/Download-AgendaDetailed?open&id=DJETTG78D1BD
Bay District Schools,2025-08-12,board_agenda_packet,https://go.boarddocs.com/fl/bcsdfl/Board.nsf/Download-AgendaDetailed?open&id=DJNGUW451E0D
Bay District Schools,2025-08-12,board_agenda_packet,https://go.boarddocs.com/fl/bcsdfl/Board.nsf/Download-AgendaDetailed?open&id=DKCJ3G4B33D5
Bay District Schools,2025-08-26,board_agenda_packet,https://go.boarddocs.com/fl/bcsdfl/Board.nsf/Download-AgendaDetailed?open&id=DJZGJB4402CF
Bay District Schools,2025-08-26,board_agenda_packet,https://go.boarddocs.com/fl/bcsdfl/Board.nsf/Download-AgendaDetailed?open&id=DKSNM7608C51
Bay District Schools,2025-08-26,board_agenda_packet,https://go.boarddocs.com/fl/bcsdfl/Board.nsf/Download-AgendaDetailed?open&id=DKUQWP6B536F
Bay District Schools,2025-09-09,board_agenda_packet,https://go.boarddocs.com/fl/bcsdfl/Board.nsf/Download-AgendaDetailed?open&id=DKXSXD74CD5C
Bay District Schools,2025-09-09,board_agenda_packet,https://go.boarddocs.com/fl/bcsdfl/Board.nsf/Download-AgendaDetailed?open&id=DL85X31250EE
Bay District Schools,2025-09-11,board_agenda_packet,https://go.boarddocs.com/fl/bcsdfl/Board.nsf/Download-AgendaDetailed?open&id=DKXT4S75983D
Bay District Schools,2025-09-11,board_agenda_packet,https://go.boarddocs.com/fl/bcsdfl/Board.nsf/Download-AgendaDetailed?open&id=DL5R9W6CF79D
Bay District Schools,2025-09-23,board_agenda_packet,https://go.boarddocs.com/fl/bcsdfl/Board.nsf/Download-AgendaDetailed?open&id=DKXUGR754C9B
Bay District Schools,2025-09-23,board_agenda_packet,https://go.boarddocs.com/fl/bcsdfl/Board.nsf/Download-AgendaDetailed?open&id=DLMH3R46912B
Bay District Schools,2025-10-14,board_agenda_packet,https://go.boarddocs.com/fl/bcsdfl/Board.nsf/Download-AgendaDetailed?open&id=DKXUJW755D75
Bay District Schools,2025-10-14,board_agenda_packet,https://go.boarddocs.com/fl/bcsdfl/Board.nsf/Download-AgendaDetailed?open&id=DM9QW26B168C
Bay District Schools,2025-10-15,board_agenda_packet,https://go.boarddocs.com/fl/bcsdfl/Board.nsf/Download-AgendaDetailed?open&id=DMFUD27B7D71
Bay District Schools,2025-10-20,board_agenda_packet,https://go.boarddocs.com/fl/bcsdfl/Board.nsf/Download-AgendaDetailed?open&id=DMHMQ85C5062
Bay District Schools,2025-10-28,board_agenda_packet,https://go.boarddocs.com/fl/bcsdfl/Board.nsf/Download-AgendaDetailed?open&id=DKXT8E761EFC
Bay District Schools,2025-10-28,board_agenda_packet,https://go.boarddocs.com/fl/bcsdfl/Board.nsf/Download-AgendaDetailed?open&id=DMRGWX45DB17
Bay District Schools,2025-11-13,board_agenda_packet,https://go.boarddocs.com/fl/bcsdfl/Board.nsf/Download-AgendaDetailed?open&id=DMHS7B714683
Bay District Schools,2025-11-18,board_agenda_packet,https://go.boarddocs.com/fl/bcsdfl/Board.nsf/Download-AgendaDetailed?open&id=DN6L2554642A
Bay District Schools,2025-11-18,board_agenda_packet,https://go.boarddocs.com/fl/bcsdfl/Board.nsf/Download-AgendaDetailed?open&id=DNELX458A202
Bay District Schools,2025-12-16,board_agenda_packet,https://go.boarddocs.com/fl/bcsdfl/Board.nsf/Download-AgendaDetailed?open&id=DKXURV765AA4
Bay District Schools,2025-12-16,board_agenda_packet,https://go.boarddocs.com/fl/bcsdfl/Board.nsf/Download-AgendaDetailed?open&id=DP9Q2T673B6F
Bay District Schools,2026-01-13,board_agenda_packet,https://go.boarddocs.com/fl/bcsdfl/Board.nsf/Download-AgendaDetailed?open&id=DMARGN6D7B0E
Bay District Schools,2026-01-13,board_agenda_packet,https://go.boarddocs.com/fl/bcsdfl/Board.nsf/Download-AgendaDetailed?open&id=DQ6NMC609520
Bay District Schools,2026-01-27,board_agenda_packet,https://go.boarddocs.com/fl/bcsdfl/Board.nsf/Download-AgendaDetailed?open&id=DQ7T3Z757AB5
Bay District Schools,2026-01-27,board_agenda_packet,https://go.boarddocs.com/fl/bcsdfl/Board.nsf/Download-AgendaDetailed?open&id=DQPR7U6C95B3
Bay District Schools,2026-02-10,board_agenda_packet,https://go.boarddocs.com/fl/bcsdfl/Board.nsf/Download-AgendaDetailed?open&id=DP8LHU55B830
Bay District Schools,2026-02-10,board_agenda_packet,https://go.boarddocs.com/fl/bcsdfl/Board.nsf/Download-AgendaDetailed?open&id=DR2L795523C1
Bay District Schools,2026-02-24,board_agenda_packet,https://go.boarddocs.com/fl/bcsdfl/Board.nsf/Download-AgendaDetailed?open&id=DQWMUX5D015C
Bay District Schools,2026-02-24,board_agenda_packet,https://go.boarddocs.com/fl/bcsdfl/Board.nsf/Download-AgendaDetailed?open&id=DQWS4Y70EE8F
Bay District Schools,2026-02-24,board_agenda_packet,https://go.boarddocs.com/fl/bcsdfl/Board.nsf/Download-AgendaDetailed?open&id=DRGN9D5ED466
Bay District Schools,2026-03-10,board_agenda_packet,https://go.boarddocs.com/fl/bcsdfl/Board.nsf/Download-AgendaDetailed?open&id=DQWN355D28E2
Bay District Schools,2026-03-10,board_agenda_packet,https://go.boarddocs.com/fl/bcsdfl/Board.nsf/Download-AgendaDetailed?open&id=DRWKCW5145FF
Bay District Schools,2026-03-24,board_agenda_packet,https://go.boarddocs.com/fl/bcsdfl/Board.nsf/Download-AgendaDetailed?open&id=DQWN575D3482
Bay District Schools,2026-03-24,board_agenda_packet,https://go.boarddocs.com/fl/bcsdfl/Board.nsf/Download-AgendaDetailed?open&id=DRNL4753EDD4
Bay District Schools,2026-03-24,board_agenda_packet,https://go.boarddocs.com/fl/bcsdfl/Board.nsf/Download-AgendaDetailed?open&id=DSCMSJ5CA749
Bay District Schools,2026-04-14,board_agenda_packet,https://go.boarddocs.com/fl/bcsdfl/Board.nsf/Download-AgendaDetailed?open&id=DQWN7J5D4643
Bay District Schools,2026-04-14,board_agenda_packet,https://go.boarddocs.com/fl/bcsdfl/Board.nsf/Download-AgendaDetailed?open&id=DSZJSS4EA048
Bay District Schools,2026-04-28,board_agenda_packet,https://go.boarddocs.com/fl/bcsdfl/Board.nsf/Download-AgendaDetailed?open&id=DQWMX85D579C
Bay District Schools,2026-04-28,board_agenda_packet,https://go.boarddocs.com/fl/bcsdfl/Board.nsf/Download-AgendaDetailed?open&id=DTF4FP0B6117
Bay District Schools,2026-04-28,board_agenda_packet,https://go.boarddocs.com/fl/bcsdfl/Board.nsf/Download-AgendaDetailed?open&id=DTFLD6560194
Bay District Schools,2026-05-12,board_agenda_packet,https://go.boarddocs.com/fl/bcsdfl/Board.nsf/Download-AgendaDetailed?open&id=DSFQ8W6821E2
Bay District Schools,2026-05-12,board_agenda_packet,https://go.boarddocs.com/fl/bcsdfl/Board.nsf/Download-AgendaDetailed?open&id=DTURAY6BA055
Bay District Schools,2026-05-12,board_agenda_packet,https://go.boarddocs.com/fl/bcsdfl/Board.nsf/Download-AgendaDetailed?open&id=DTZMEA5ADC03
Bay District Schools,2026-05-26,board_agenda_packet,https://go.boarddocs.com/fl/bcsdfl/Board.nsf/Download-AgendaDetailed?open&id=DSFQAY68525C
Bay District Schools,2026-05-26,board_agenda_packet,https://go.boarddocs.com/fl/bcsdfl/Board.nsf/Download-AgendaDetailed?open&id=DUAH4J46AE2A
Bay District Schools,2026-05-26,board_agenda_packet,https://go.boarddocs.com/fl/bcsdfl/Board.nsf/Download-AgendaDetailed?open&id=DUFHH54886D7
Bay District Schools,2026-06-09,board_agenda_packet,https://go.boarddocs.com/fl/bcsdfl/Board.nsf/Download-AgendaDetailed?open&id=DSFQD768684B
Bay District Schools,2026-06-09,board_agenda_packet,https://go.boarddocs.com/fl/bcsdfl/Board.nsf/Download-AgendaDetailed?open&id=DUQMVM5D1BC3
Bay District Schools,2026-06-23,board_agenda_packet,https://go.boarddocs.com/fl/bcsdfl/Board.nsf/Download-AgendaDetailed?open&id=DSFQJM68F5BD
Bay District Schools,2026-06-23,board_agenda_packet,https://go.boarddocs.com/fl/bcsdfl/Board.nsf/Download-AgendaDetailed?open&id=DUPKEP518970
Bay District Schools,2026-06-23,board_agenda_packet,https://go.boarddocs.com/fl/bcsdfl/Board.nsf/Download-AgendaDetailed?open&id=DV5LKH56EFD5
Bay District Schools,2026-07-14,board_agenda_packet,https://go.boarddocs.com/fl/bcsdfl/Board.nsf/Download-AgendaDetailed?open&id=DSFQLP690983
Bay District Schools,2026-07-14,board_agenda_packet,https://go.boarddocs.com/fl/bcsdfl/Board.nsf/Download-AgendaDetailed?open&id=DVRQTU6AE86B
Bay District Schools,2026-07-23,board_agenda_packet,https://go.boarddocs.com/fl/bcsdfl/Board.nsf/Download-AgendaDetailed?open&id=DSFQL269C371
Bay District Schools,2026-07-28,board_agenda_packet,https://go.boarddocs.com/fl/bcsdfl/Board.nsf/Download-AgendaDetailed?open&id=DSFQFT6889A1
Bay District Schools,2026-07-28,board_agenda_packet,https://go.boarddocs.com/fl/bcsdfl/Board.nsf/Download-AgendaDetailed?open&id=DW8ML45BB562
Bay District Schools,2026-07-30,board_agenda_packet,https://go.boarddocs.com/fl/bcsdfl/Board.nsf/Download-AgendaDetailed?open&id=DUPKJA520FA1
Bay District Schools,2026-08-11,board_agenda_packet,https://go.boarddocs.com/fl/bcsdfl/Board.nsf/Download-AgendaDetailed?open&id=DW9HHG489363
Bay District Schools,2026-08-11,board_agenda_packet,https://go.boarddocs.com/fl/bcsdfl/Board.nsf/Download-AgendaDetailed?open&id=DWPKK5523129
Bay District Schools,2026-08-25,board_agenda_packet,https://go.boarddocs.com/fl/bcsdfl/Board.nsf/Download-AgendaDetailed?open&id=DUPKGH51CE98
Bay District Schools,2026-08-25,board_agenda_packet,https://go.boarddocs.com/fl/bcsdfl/Board.nsf/Download-AgendaDetailed?open&id=DW9HKQ48B685
Bay District Schools,2026-08-25,board_agenda_packet,https://go.boarddocs.com/fl/bcsdfl/Board.nsf/Download-AgendaDetailed?open&id=DX6H6T46C137
Bradford County School District,2025-03-10,board_agenda_packet,https://go.boarddocs.com/fl/bradfordcsd/Board.nsf/Download-AgendaDetailed?open&id=DDVSG2728DAF
Bradford County School District,2025-03-10,board_agenda_packet,https://go.boarddocs.com/fl/bradfordcsd/Board.nsf/Download-AgendaDetailed?open&id=DE4HQQ49A37D
Bradford County School District,2025-03-10,board_agenda_packet,https://go.boarddocs.com/fl/bradfordcsd/Board.nsf/Download-AgendaDetailed?open&id=DE4HUX4A3F75
Bradford County School District,2025-03-10,board_agenda_packet,https://go.boarddocs.com/fl/bradfordcsd/Board.nsf/Download-AgendaDetailed?open&id=DE4HWS4A86B6
Bradford County School District,2025-03-31,board_agenda_packet,https://go.boarddocs.com/fl/bradfordcsd/Board.nsf/Download-AgendaDetailed?open&id=DEVQTE65B5EF
Bradford County School District,2025-04-14,board_agenda_packet,https://go.boarddocs.com/fl/bradfordcsd/Board.nsf/Download-AgendaDetailed?open&id=DFAJVD4ECF8D
Bradford County School District,2025-04-14,board_agenda_packet,https://go.boarddocs.com/fl/bradfordcsd/Board.nsf/Download-AgendaDetailed?open&id=DFBGX345E117
Bradford County School District,2025-04-14,board_agenda_packet,https://go.boarddocs.com/fl/bradfordcsd/Board.nsf/Download-AgendaDetailed?open&id=DFHHM6491AE9
Bradford County School District,2025-04-14,board_agenda_packet,https://go.boarddocs.com/fl/bradfordcsd/Board.nsf/Download-AgendaDetailed?open&id=DFJGHN43EADF
Bradford County School District,2025-04-28,board_agenda_packet,https://go.boarddocs.com/fl/bradfordcsd/Board.nsf/Download-AgendaDetailed?open&id=DFYPKY651155
Bradford County School District,2025-04-28,board_agenda_packet,https://go.boarddocs.com/fl/bradfordcsd/Board.nsf/Download-AgendaDetailed?open&id=DFYPMR6553FA
Bradford County School District,2025-05-12,board_agenda_packet,https://go.boarddocs.com/fl/bradfordcsd/Board.nsf/Download-AgendaDetailed?open&id=DFSJW64EEAE4
Bradford County School District,2025-05-12,board_agenda_packet,https://go.boarddocs.com/fl/bradfordcsd/Board.nsf/Download-AgendaDetailed?open&id=DFSJWY4F3E1B
Bradford County School District,2025-05-27,board_agenda_packet,https://go.boarddocs.com/fl/bradfordcsd/Board.nsf/Download-AgendaDetailed?open&id=DGFMP85C288D
Bradford County School District,2025-05-27,board_agenda_packet,https://go.boarddocs.com/fl/bradfordcsd/Board.nsf/Download-AgendaDetailed?open&id=DGUN7P5E5BEF
Bradford County School District,2025-05-27,board_agenda_packet,https://go.boarddocs.com/fl/bradfordcsd/Board.nsf/Download-AgendaDetailed?open&id=DGURLH6E8540
Bradford County School District,2025-06-16,board_agenda_packet,https://go.boarddocs.com/fl/bradfordcsd/Board.nsf/Download-AgendaDetailed?open&id=DGDJFZ4D0CA6
Bradford County School District,2025-06-16,board_agenda_packet,https://go.boarddocs.com/fl/bradfordcsd/Board.nsf/Download-AgendaDetailed?open&id=DHHSJB72E36E
Bradford County School District,2025-06-16,board_agenda_packet,https://go.boarddocs.com/fl/bradfordcsd/Board.nsf/Download-AgendaDetailed?open&id=DHHSWK74ACC9
Bradford County School District,2025-07-08,board_agenda_packet,https://go.boarddocs.com/fl/bradfordcsd/Board.nsf/Download-AgendaDetailed?open&id=DJCGEP437AC2
Bradford County School District,2025-07-14,board_agenda_packet,https://go.boarddocs.com/fl/bradfordcsd/Board.nsf/Download-AgendaDetailed?open&id=DGDJM74DB5FA
Bradford County School District,2025-07-14,board_agenda_packet,https://go.boarddocs.com/fl/bradfordcsd/Board.nsf/Download-AgendaDetailed?open&id=DHYGVZ45B8E0
Bradford County School District,2025-07-28,board_agenda_packet,https://go.boarddocs.com/fl/bradfordcsd/Board.nsf/Download-AgendaDetailed?open&id=DGDJQR4E541F
Bradford County School District,2025-07-28,board_agenda_packet,https://go.boarddocs.com/fl/bradfordcsd/Board.nsf/Download-AgendaDetailed?open&id=DJCNBK5F2634
Bradford County School District,2025-07-28,board_agenda_packet,https://go.boarddocs.com/fl/bradfordcsd/Board.nsf/Download-AgendaDetailed?open&id=DJCSET725FAC
Bradford County School District,2025-07-28,board_agenda_packet,https://go.boarddocs.com/fl/bradfordcsd/Board.nsf/Download-AgendaDetailed?open&id=DJTMYK5D8A11
Bradford County School District,2025-08-11,board_agenda_packet,https://go.boarddocs.com/fl/bradfordcsd/Board.nsf/Download-AgendaDetailed?open&id=DGDJRN4E7623
Bradford County School District,2025-08-25,board_agenda_packet,https://go.boarddocs.com/fl/bradfordcsd/Board.nsf/Download-AgendaDetailed?open&id=DKKNBH5F239C
Bradford County School District,2025-08-25,board_agenda_packet,https://go.boarddocs.com/fl/bradfordcsd/Board.nsf/Download-AgendaDetailed?open&id=DKKNDM5F72D5
Bradford County School District,2025-09-08,board_agenda_packet,https://go.boarddocs.com/fl/bradfordcsd/Board.nsf/Download-AgendaDetailed?open&id=DKQGRS451B72
Bradford County School District,2025-09-08,board_agenda_packet,https://go.boarddocs.com/fl/bradfordcsd/Board.nsf/Download-AgendaDetailed?open&id=DKQGVU45B287
Bradford County School District,2025-09-08,board_agenda_packet,https://go.boarddocs.com/fl/bradfordcsd/Board.nsf/Download-AgendaDetailed?open&id=DKYPSH6606B5
Bradford County School District,2025-09-22,board_agenda_packet,https://go.boarddocs.com/fl/bradfordcsd/Board.nsf/Download-AgendaDetailed?open&id=DLCQFF6917BB
Bradford County School District,2025-09-22,board_agenda_packet,https://go.boarddocs.com/fl/bradfordcsd/Board.nsf/Download-AgendaDetailed?open&id=DLCQJJ698083
Bradford County School District,2025-09-22,board_agenda_packet,https://go.boarddocs.com/fl/bradfordcsd/Board.nsf/Download-AgendaDetailed?open&id=DLJK3W4FF6B3
Bradford County School District,2025-09-22,board_agenda_packet,https://go.boarddocs.com/fl/bradfordcsd/Board.nsf/Download-AgendaDetailed?open&id=DLLFHT3F40AC
Bradford County School District,2025-10-13,board_agenda_packet,https://go.boarddocs.com/fl/bradfordcsd/Board.nsf/Download-AgendaDetailed?open&id=DLDMQZ5C6E25
Bradford County School District,2025-10-13,board_agenda_packet,https://go.boarddocs.com/fl/bradfordcsd/Board.nsf/Download-AgendaDetailed?open&id=DM4KGR51D8B6
Bradford County School District,2025-10-27,board_agenda_packet,https://go.boarddocs.com/fl/bradfordcsd/Board.nsf/Download-AgendaDetailed?open&id=DMFQZP6BC183
Bradford County School District,2025-10-27,board_agenda_packet,https://go.boarddocs.com/fl/bradfordcsd/Board.nsf/Download-AgendaDetailed?open&id=DMNKBP511919
Bradford County School District,2025-10-27,board_agenda_packet,https://go.boarddocs.com/fl/bradfordcsd/Board.nsf/Download-AgendaDetailed?open&id=DMNKFR51B09B
Bradford County School District,2025-10-27,board_agenda_packet,https://go.boarddocs.com/fl/bradfordcsd/Board.nsf/Download-AgendaDetailed?open&id=DMNKGQ51D7D9
Bradford County School District,2025-11-17,board_agenda_packet,https://go.boarddocs.com/fl/bradfordcsd/Board.nsf/Download-AgendaDetailed?open&id=DMUJSZ4EA899
Bradford County School District,2025-11-17,board_agenda_packet,https://go.boarddocs.com/fl/bradfordcsd/Board.nsf/Download-AgendaDetailed?open&id=DMUJY24F6560
Bradford County School District,2025-11-17,board_agenda_packet,https://go.boarddocs.com/fl/bradfordcsd/Board.nsf/Download-AgendaDetailed?open&id=DMUJYA4F6EFD
Bradford County School District,2025-11-17,board_agenda_packet,https://go.boarddocs.com/fl/bradfordcsd/Board.nsf/Download-AgendaDetailed?open&id=DN5KY65418B7
Bradford County School District,2025-12-09,board_agenda_packet,https://go.boarddocs.com/fl/bradfordcsd/Board.nsf/Download-AgendaDetailed?open&id=DNKQYE6B91DC
Bradford County School District,2025-12-09,board_agenda_packet,https://go.boarddocs.com/fl/bradfordcsd/Board.nsf/Download-AgendaDetailed?open&id=DNZSJV72F880
Bradford County School District,2025-12-09,board_agenda_packet,https://go.boarddocs.com/fl/bradfordcsd/Board.nsf/Download-AgendaDetailed?open&id=DNZSMJ735B8C
Bradford County School District,2026-01-13,board_agenda_packet,https://go.boarddocs.com/fl/bradfordcsd/Board.nsf/Download-AgendaDetailed?open&id=DPAHMA49228B
Bradford County School District,2026-02-10,board_agenda_packet,https://go.boarddocs.com/fl/bradfordcsd/Board.nsf/Download-AgendaDetailed?open&id=DQHRJT6E4644
Bradford County School District,2026-02-10,board_agenda_packet,https://go.boarddocs.com/fl/bradfordcsd/Board.nsf/Download-AgendaDetailed?open&id=DQPSZW752C30
Bradford County School District,2026-02-25,board_agenda_packet,https://go.boarddocs.com/fl/bradfordcsd/Board.nsf/Download-AgendaDetailed?open&id=DQZLNP5766E3
Bradford County School District,2026-03-10,board_agenda_packet,https://go.boarddocs.com/fl/bradfordcsd/Board.nsf/Download-AgendaDetailed?open&id=DQZLSY58081D
Bradford County School District,2026-03-10,board_agenda_packet,https://go.boarddocs.com/fl/bradfordcsd/Board.nsf/Download-AgendaDetailed?open&id=DRTJ5D4B7D15
Bradford County School District,2026-03-10,board_agenda_packet,https://go.boarddocs.com/fl/bradfordcsd/Board.nsf/Download-AgendaDetailed?open&id=DRTTAJ766ABB
Bradford County School District,2026-03-25,board_agenda_packet,https://go.boarddocs.com/fl/bradfordcsd/Board.nsf/Download-AgendaDetailed?open&id=DS9JGB4D1891
Bradford County School District,2026-04-14,board_agenda_packet,https://go.boarddocs.com/fl/bradfordcsd/Board.nsf/Download-AgendaDetailed?open&id=DSCGJG440945
Bradford County School District,2026-04-14,board_agenda_packet,https://go.boarddocs.com/fl/bradfordcsd/Board.nsf/Download-AgendaDetailed?open&id=DSYR9V6CF64A
Bradford County School District,2026-05-12,board_agenda_packet,https://go.boarddocs.com/fl/bradfordcsd/Board.nsf/Download-AgendaDetailed?open&id=DTEPNR6579F2
Bradford County School District,2026-05-12,board_agenda_packet,https://go.boarddocs.com/fl/bradfordcsd/Board.nsf/Download-AgendaDetailed?open&id=DTKGRM451583
Bradford County School District,2026-06-16,board_agenda_packet,https://go.boarddocs.com/fl/bradfordcsd/Board.nsf/Download-AgendaDetailed?open&id=DTYJ394AB6CD
Bradford County School District,2026-06-16,board_agenda_packet,https://go.boarddocs.com/fl/bradfordcsd/Board.nsf/Download-AgendaDetailed?open&id=DU9K4Y4FF073
Bradford County School District,2026-07-16,board_agenda_packet,https://go.boarddocs.com/fl/bradfordcsd/Board.nsf/Download-AgendaDetailed?open&id=DV3RRW6F4839
Bradford County School District,2026-07-16,board_agenda_packet,https://go.boarddocs.com/fl/bradfordcsd/Board.nsf/Download-AgendaDetailed?open&id=DV4JKN4D9324
Bradford County School District,2026-07-27,board_agenda_packet,https://go.boarddocs.com/fl/bradfordcsd/Board.nsf/Download-AgendaDetailed?open&id=DUXQL569C52A
Bradford County School District,2026-07-27,board_agenda_packet,https://go.boarddocs.com/fl/bradfordcsd/Board.nsf/Download-AgendaDetailed?open&id=DVXHPL4978D6
Bradford County School District,2026-07-27,board_agenda_packet,https://go.boarddocs.com/fl/bradfordcsd/Board.nsf/Download-AgendaDetailed?open&id=DW6QR76A7052
Bradford County School District,2026-08-11,board_agenda_packet,https://go.boarddocs.com/fl/bradfordcsd/Board.nsf/Download-AgendaDetailed?open&id=DW8PH764A953
Calhoun County School District,2025-03-11,board_agenda_packet,https://go.boarddocs.com/fl/ccsdfl/Board.nsf/Download-AgendaDetailed?open&id=DDRMLC5BBF9B
Calhoun County School District,2025-04-08,board_agenda_packet,https://go.boarddocs.com/fl/ccsdfl/Board.nsf/Download-AgendaDetailed?open&id=DERKKQ5247B2
Calhoun County School District,2025-05-13,board_agenda_packet,https://go.boarddocs.com/fl/ccsdfl/Board.nsf/Download-AgendaDetailed?open&id=DFYSED724E51
Calhoun County School District,2025-06-10,board_agenda_packet,https://go.boarddocs.com/fl/ccsdfl/Board.nsf/Download-AgendaDetailed?open&id=DGLNZU625D52
Calhoun County School District,2025-07-08,board_agenda_packet,https://go.boarddocs.com/fl/ccsdfl/Board.nsf/Download-AgendaDetailed?open&id=DHXHYK4AA776
Calhoun County School District,2025-07-08,board_agenda_packet,https://go.boarddocs.com/fl/ccsdfl/Board.nsf/Download-AgendaDetailed?open&id=DJ2SKZ731F3B
Calhoun County School District,2025-07-21,board_agenda_packet,https://go.boarddocs.com/fl/ccsdfl/Board.nsf/Download-AgendaDetailed?open&id=DJK3KN0745B1
Calhoun County School District,2025-07-28,board_agenda_packet,https://go.boarddocs.com/fl/ccsdfl/Board.nsf/Download-AgendaDetailed?open&id=DJK3LM0763CF
Calhoun County School District,2025-08-12,board_agenda_packet,https://go.boarddocs.com/fl/ccsdfl/Board.nsf/Download-AgendaDetailed?open&id=DK27GY6B50A8
Calhoun County School District,2025-09-09,board_agenda_packet,https://go.boarddocs.com/fl/ccsdfl/Board.nsf/Download-AgendaDetailed?open&id=DK27KL6BC6BB
Calhoun County School District,2025-10-14,board_agenda_packet,https://go.boarddocs.com/fl/ccsdfl/Board.nsf/Download-AgendaDetailed?open&id=DLVKCF5136FE
Calhoun County School District,2025-11-11,board_agenda_packet,https://go.boarddocs.com/fl/ccsdfl/Board.nsf/Download-AgendaDetailed?open&id=DLVN5E5E3F4F
Calhoun County School District,2025-11-11,board_agenda_packet,https://go.boarddocs.com/fl/ccsdfl/Board.nsf/Download-AgendaDetailed?open&id=DMJJ6X4BB80B
Calhoun County School District,2025-12-09,board_agenda_packet,https://go.boarddocs.com/fl/ccsdfl/Board.nsf/Download-AgendaDetailed?open&id=DMJJ3R4B3C86
Calhoun County School District,2026-01-13,board_agenda_packet,https://go.boarddocs.com/fl/ccsdfl/Board.nsf/Download-AgendaDetailed?open&id=DP3JSB4E8EBB
Calhoun County School District,2026-02-10,board_agenda_packet,https://go.boarddocs.com/fl/ccsdfl/Board.nsf/Download-AgendaDetailed?open&id=DQRNWH61EC56
Calhoun County School District,2026-03-10,board_agenda_packet,https://go.boarddocs.com/fl/ccsdfl/Board.nsf/Download-AgendaDetailed?open&id=DQRNY461F41D
Calhoun County School District,2026-04-14,board_agenda_packet,https://go.boarddocs.com/fl/ccsdfl/Board.nsf/Download-AgendaDetailed?open&id=DQRNZN61FA80
Calhoun County School District,2026-05-12,board_agenda_packet,https://go.boarddocs.com/fl/ccsdfl/Board.nsf/Download-AgendaDetailed?open&id=DTSNCY5E73E3
Calhoun County School District,2026-06-09,board_agenda_packet,https://go.boarddocs.com/fl/ccsdfl/Board.nsf/Download-AgendaDetailed?open&id=DU8QQG6A6A8B
Calhoun County School District,2026-07-14,board_agenda_packet,https://go.boarddocs.com/fl/ccsdfl/Board.nsf/Download-AgendaDetailed?open&id=DVBL7X553C12
Calhoun County School District,2026-07-14,board_agenda_packet,https://go.boarddocs.com/fl/ccsdfl/Board.nsf/Download-AgendaDetailed?open&id=DVCGZ94633BD
Calhoun County School District,2026-07-20,board_agenda_packet,https://go.boarddocs.com/fl/ccsdfl/Board.nsf/Download-AgendaDetailed?open&id=DVXGGU43CBE1
Calhoun County School District,2026-07-27,board_agenda_packet,https://go.boarddocs.com/fl/ccsdfl/Board.nsf/Download-AgendaDetailed?open&id=DW2GL244442B
Calhoun County School District,2026-08-11,board_agenda_packet,https://go.boarddocs.com/fl/ccsdfl/Board.nsf/Download-AgendaDetailed?open&id=DW6KS75339DC
Charlotte County Public Schools,2025-03-11,board_agenda_packet,https://go.boarddocs.com/fla/ccpsfl/Board.nsf/Download-AgendaDetailed?open&id=DAHNS4614587
Charlotte County Public Schools,2025-03-11,board_agenda_packet,https://go.boarddocs.com/fla/ccpsfl/Board.nsf/Download-AgendaDetailed?open&id=DAHQWF6B3CC4
Charlotte County Public Schools,2025-04-08,board_agenda_packet,https://go.boarddocs.com/fla/ccpsfl/Board.nsf/Download-AgendaDetailed?open&id=DAHNTL617FAF
Charlotte County Public Schools,2025-04-08,board_agenda_packet,https://go.boarddocs.com/fla/ccpsfl/Board.nsf/Download-AgendaDetailed?open&id=DAHQWZ6B4D81
Charlotte County Public Schools,2025-04-22,board_agenda_packet,https://go.boarddocs.com/fla/ccpsfl/Board.nsf/Download-AgendaDetailed?open&id=DAHLM356A3ED
Charlotte County Public Schools,2025-05-06,board_agenda_packet,https://go.boarddocs.com/fla/ccpsfl/Board.nsf/Download-AgendaDetailed?open&id=DAHNXH62120C
Charlotte County Public Schools,2025-05-06,board_agenda_packet,https://go.boarddocs.com/fla/ccpsfl/Board.nsf/Download-AgendaDetailed?open&id=DAHQXR6B65C7
Charlotte County Public Schools,2025-06-03,board_agenda_packet,https://go.boarddocs.com/fla/ccpsfl/Board.nsf/Download-AgendaDetailed?open&id=DAHP6N631DE0
Charlotte County Public Schools,2025-06-03,board_agenda_packet,https://go.boarddocs.com/fla/ccpsfl/Board.nsf/Download-AgendaDetailed?open&id=DAHQZK6B7743
Charlotte County Public Schools,2025-07-08,board_agenda_packet,https://go.boarddocs.com/fla/ccpsfl/Board.nsf/Download-AgendaDetailed?open&id=DGGP9A6380C1
Charlotte County Public Schools,2025-07-24,board_agenda_packet,https://go.boarddocs.com/fla/ccpsfl/Board.nsf/Download-AgendaDetailed?open&id=DAHPBM63D712
Charlotte County Public Schools,2025-07-31,board_agenda_packet,https://go.boarddocs.com/fla/ccpsfl/Board.nsf/Download-AgendaDetailed?open&id=DAHPKS6503EB
Charlotte County Public Schools,2025-07-31,board_agenda_packet,https://go.boarddocs.com/fla/ccpsfl/Board.nsf/Download-AgendaDetailed?open&id=DAHR246B8C56
Charlotte County Public Schools,2025-08-12,board_agenda_packet,https://go.boarddocs.com/fla/ccpsfl/Board.nsf/Download-AgendaDetailed?open&id=DAHPN2655E8C
Charlotte County Public Schools,2025-08-12,board_agenda_packet,https://go.boarddocs.com/fla/ccpsfl/Board.nsf/Download-AgendaDetailed?open&id=DAHR2N6B9ED0
Charlotte County Public Schools,2025-09-09,board_agenda_packet,https://go.boarddocs.com/fla/ccpsfl/Board.nsf/Download-AgendaDetailed?open&id=DAHPQY65CC9B
Charlotte County Public Schools,2025-09-09,board_agenda_packet,https://go.boarddocs.com/fla/ccpsfl/Board.nsf/Download-AgendaDetailed?open&id=DAHR386BB15B
Charlotte County Public Schools,2025-09-23,board_agenda_packet,https://go.boarddocs.com/fla/ccpsfl/Board.nsf/Download-AgendaDetailed?open&id=DJMMSF5CA424
Charlotte County Public Schools,2025-10-14,board_agenda_packet,https://go.boarddocs.com/fla/ccpsfl/Board.nsf/Download-AgendaDetailed?open&id=DAHQ5Z676245
Charlotte County Public Schools,2025-10-14,board_agenda_packet,https://go.boarddocs.com/fla/ccpsfl/Board.nsf/Download-AgendaDetailed?open&id=DAHRA86BC191
Charlotte County Public Schools,2025-11-11,board_agenda_packet,https://go.boarddocs.com/fla/ccpsfl/Board.nsf/Download-AgendaDetailed?open&id=DAHQ8Y67FD67
Charlotte County Public Schools,2025-11-11,board_agenda_packet,https://go.boarddocs.com/fla/ccpsfl/Board.nsf/Download-AgendaDetailed?open&id=DAHQHX67A562
Charlotte County Public Schools,2025-11-11,board_agenda_packet,https://go.boarddocs.com/fla/ccpsfl/Board.nsf/Download-AgendaDetailed?open&id=DAHRAV6BD7A5
Charlotte County Public Schools,2025-11-18,board_agenda_packet,https://go.boarddocs.com/fla/ccpsfl/Board.nsf/Download-AgendaDetailed?open&id=DLVJLF4DB241
Charlotte County Public Schools,2025-12-16,board_agenda_packet,https://go.boarddocs.com/fla/ccpsfl/Board.nsf/Download-AgendaDetailed?open&id=DMUNU861953F
Charlotte County Public Schools,2025-12-16,board_agenda_packet,https://go.boarddocs.com/fla/ccpsfl/Board.nsf/Download-AgendaDetailed?open&id=DMUNYT6224DB
Charlotte County Public Schools,2026-01-13,board_agenda_packet,https://go.boarddocs.com/fla/ccpsfl/Board.nsf/Download-AgendaDetailed?open&id=DN7RGR6DF8C2
Charlotte County Public Schools,2026-01-13,board_agenda_packet,https://go.boarddocs.com/fla/ccpsfl/Board.nsf/Download-AgendaDetailed?open&id=DN7RHQ6E1CBE
Charlotte County Public Schools,2026-02-10,board_agenda_packet,https://go.boarddocs.com/fla/ccpsfl/Board.nsf/Download-AgendaDetailed?open&id=DN7RJT6E4179
Charlotte County Public Schools,2026-02-10,board_agenda_packet,https://go.boarddocs.com/fla/ccpsfl/Board.nsf/Download-AgendaDetailed?open&id=DN7RLT6E541D
Charlotte County Public Schools,2026-03-10,board_agenda_packet,https://go.boarddocs.com/fla/ccpsfl/Board.nsf/Download-AgendaDetailed?open&id=DN7RNQ6E7B8B
Charlotte County Public Schools,2026-03-10,board_agenda_packet,https://go.boarddocs.com/fla/ccpsfl/Board.nsf/Download-AgendaDetailed?open&id=DN7RPR6E9438
Charlotte County Public Schools,2026-03-24,board_agenda_packet,https://go.boarddocs.com/fla/ccpsfl/Board.nsf/Download-AgendaDetailed?open&id=DNJK5H50326E
Charlotte County Public Schools,2026-04-07,board_agenda_packet,https://go.boarddocs.com/fla/ccpsfl/Board.nsf/Download-AgendaDetailed?open&id=DN7RMV6EB3C0
Charlotte County Public Schools,2026-04-07,board_agenda_packet,https://go.boarddocs.com/fla/ccpsfl/Board.nsf/Download-AgendaDetailed?open&id=DN7RQV6EC2AC
Charlotte County Public Schools,2026-04-14,board_agenda_packet,https://go.boarddocs.com/fla/ccpsfl/Board.nsf/Download-AgendaDetailed?open&id=DSYHAP47959C
Charlotte County Public Schools,2026-04-21,board_agenda_packet,https://go.boarddocs.com/fla/ccpsfl/Board.nsf/Download-AgendaDetailed?open&id=DT4HLK487F6E
Charlotte County Public Schools,2026-05-05,board_agenda_packet,https://go.boarddocs.com/fla/ccpsfl/Board.nsf/Download-AgendaDetailed?open&id=DN7RNX6EE0BA
Charlotte County Public Schools,2026-05-05,board_agenda_packet,https://go.boarddocs.com/fla/ccpsfl/Board.nsf/Download-AgendaDetailed?open&id=DN7RW56FA328
Charlotte County Public Schools,2026-05-19,board_agenda_packet,https://go.boarddocs.com/fla/ccpsfl/Board.nsf/Download-AgendaDetailed?open&id=DSYPP7658802
Charlotte County Public Schools,2026-06-02,board_agenda_packet,https://go.boarddocs.com/fla/ccpsfl/Board.nsf/Download-AgendaDetailed?open&id=DN7RPX6EFDB6
Charlotte County Public Schools,2026-06-02,board_agenda_packet,https://go.boarddocs.com/fla/ccpsfl/Board.nsf/Download-AgendaDetailed?open&id=DN7RW46FED5D
Charlotte County Public Schools,2026-07-24,board_agenda_packet,https://go.boarddocs.com/fla/ccpsfl/Board.nsf/Download-AgendaDetailed?open&id=DN7RYJ701192
Charlotte County Public Schools,2026-07-30,board_agenda_packet,https://go.boarddocs.com/fla/ccpsfl/Board.nsf/Download-AgendaDetailed?open&id=DN7RWR70020E
Charlotte County Public Schools,2026-07-30,board_agenda_packet,https://go.boarddocs.com/fla/ccpsfl/Board.nsf/Download-AgendaDetailed?open&id=DN7S2Q70998D
Charlotte County Public Schools,2026-08-11,board_agenda_packet,https://go.boarddocs.com/fla/ccpsfl/Board.nsf/Download-AgendaDetailed?open&id=DN7S7H714863
Charlotte County Public Schools,2026-08-11,board_agenda_packet,https://go.boarddocs.com/fla/ccpsfl/Board.nsf/Download-AgendaDetailed?open&id=DN7S8B715EF9
Citrus County School District,2025-03-11,board_agenda_packet,https://go.boarddocs.com/fl/citrus/Board.nsf/Download-AgendaDetailed?open&id=DCSJN64DEAA9
Citrus County School District,2025-04-08,board_agenda_packet,https://go.boarddocs.com/fl/citrus/Board.nsf/Download-AgendaDetailed?open&id=DEAQU96AA2BC
Citrus County School District,2025-04-22,board_agenda_packet,https://go.boarddocs.com/fl/citrus/Board.nsf/Download-AgendaDetailed?open&id=DDLNQS609D7C
Citrus County School District,2025-05-13,board_agenda_packet,https://go.boarddocs.com/fl/citrus/Board.nsf/Download-AgendaDetailed?open&id=DDLRA76D0188
Citrus County School District,2025-06-10,board_agenda_packet,https://go.boarddocs.com/fl/citrus/Board.nsf/Download-AgendaDetailed?open&id=DDLRBA6D2751
Citrus County School District,2025-06-24,board_agenda_packet,https://go.boarddocs.com/fl/citrus/Board.nsf/Download-AgendaDetailed?open&id=DG2J5C4B7D34
Citrus County School District,2025-07-08,board_agenda_packet,https://go.boarddocs.com/fl/citrus/Board.nsf/Download-AgendaDetailed?open&id=DGVLCB55AE07
Citrus County School District,2025-07-29,board_agenda_packet,https://go.boarddocs.com/fl/citrus/Board.nsf/Download-AgendaDetailed?open&id=DHCKS5533796
Citrus County School District,2025-08-12,board_agenda_packet,https://go.boarddocs.com/fl/citrus/Board.nsf/Download-AgendaDetailed?open&id=DGVLFA55B30A
Citrus County School District,2025-08-14,board_agenda_packet,https://go.boarddocs.com/fl/citrus/Board.nsf/Download-AgendaDetailed?open&id=DG6NV561AB73
Citrus County School District,2025-08-15,board_agenda_packet,https://go.boarddocs.com/fl/citrus/Board.nsf/Download-AgendaDetailed?open&id=DG6P2U627F11
Collier County Public Schools,2025-03-19,board_agenda_packet,https://go.boarddocs.com/fl/collier/Board.nsf/Download-AgendaDetailed?open&id=DCSMY95D01E8
Collier County Public Schools,2025-04-09,board_agenda_packet,https://go.boarddocs.com/fl/collier/Board.nsf/Download-AgendaDetailed?open&id=DDKKBU512046
Collier County Public Schools,2025-04-16,board_agenda_packet,https://go.boarddocs.com/fl/collier/Board.nsf/Download-AgendaDetailed?open&id=DDKKGZ513806
Collier County Public Schools,2025-05-14,board_agenda_packet,https://go.boarddocs.com/fl/collier/Board.nsf/Download-AgendaDetailed?open&id=DENLNE573859
Collier County Public Schools,2025-05-14,board_agenda_packet,https://go.boarddocs.com/fl/collier/Board.nsf/Download-AgendaDetailed?open&id=DFXNRX61407D
Collier County Public Schools,2025-05-21,board_agenda_packet,https://go.boarddocs.com/fl/collier/Board.nsf/Download-AgendaDetailed?open&id=DENLS8575748
Collier County Public Schools,2025-06-10,board_agenda_packet,https://go.boarddocs.com/fl/collier/Board.nsf/Download-AgendaDetailed?open&id=DFBHMA49223C
Collier County Public Schools,2025-07-31,board_agenda_packet,https://go.boarddocs.com/fl/collier/Board.nsf/Download-AgendaDetailed?open&id=DGVM9Y5A22FD
Collier County Public Schools,2025-07-31,board_agenda_packet,https://go.boarddocs.com/fl/collier/Board.nsf/Download-AgendaDetailed?open&id=DGVMDG5A4A89
Collier County Public Schools,2025-08-13,board_agenda_packet,https://go.boarddocs.com/fl/collier/Board.nsf/Download-AgendaDetailed?open&id=DHXPFE6465CE
Collier County Public Schools,2025-09-09,board_agenda_packet,https://go.boarddocs.com/fl/collier/Board.nsf/Download-AgendaDetailed?open&id=DJLGWK45CEF7
Collier County Public Schools,2025-09-09,board_agenda_packet,https://go.boarddocs.com/fl/collier/Board.nsf/Download-AgendaDetailed?open&id=DJLH25460A1C
Collier County Public Schools,2025-09-17,board_agenda_packet,https://go.boarddocs.com/fl/collier/Board.nsf/Download-AgendaDetailed?open&id=DJLH2S46228B
Collier County Public Schools,2025-10-08,board_agenda_packet,https://go.boarddocs.com/fl/collier/Board.nsf/Download-AgendaDetailed?open&id=DKYRA26CFD28
Collier County Public Schools,2025-10-15,board_agenda_packet,https://go.boarddocs.com/fl/collier/Board.nsf/Download-AgendaDetailed?open&id=DKYRD96D14C6
Collier County Public Schools,2025-11-12,board_agenda_packet,https://go.boarddocs.com/fl/collier/Board.nsf/Download-AgendaDetailed?open&id=DLLQ7765868E
Collier County Public Schools,2025-11-19,board_agenda_packet,https://go.boarddocs.com/fl/collier/Board.nsf/Download-AgendaDetailed?open&id=DBMKRE53142B
Collier County Public Schools,2025-11-19,board_agenda_packet,https://go.boarddocs.com/fl/collier/Board.nsf/Download-AgendaDetailed?open&id=DBML32546532
Collier County Public Schools,2025-12-10,board_agenda_packet,https://go.boarddocs.com/fl/collier/Board.nsf/Download-AgendaDetailed?open&id=DMPN625E5600
Collier County Public Schools,2026-01-14,board_agenda_packet,https://go.boarddocs.com/fl/collier/Board.nsf/Download-AgendaDetailed?open&id=DNMH5Z4644B2
Collier County Public Schools,2026-01-20,board_agenda_packet,https://go.boarddocs.com/fl/collier/Board.nsf/Download-AgendaDetailed?open&id=DNMGXK45F46B
Collier County Public Schools,2026-02-04,board_agenda_packet,https://go.boarddocs.com/fl/collier/Board.nsf/Download-AgendaDetailed?open&id=DP9JNP4E07C2
Collier County Public Schools,2026-03-04,board_agenda_packet,https://go.boarddocs.com/fl/collier/Board.nsf/Download-AgendaDetailed?open&id=DQ5R9T6CF418
Collier County Public Schools,2026-03-18,board_agenda_packet,https://go.boarddocs.com/fl/collier/Board.nsf/Download-AgendaDetailed?open&id=DQ5RBL6D13B6
Collier County Public Schools,2026-04-14,board_agenda_packet,https://go.boarddocs.com/fl/collier/Board.nsf/Download-AgendaDetailed?open&id=DR8LVY579E1E
Collier County Public Schools,2026-04-15,board_agenda_packet,https://go.boarddocs.com/fl/collier/Board.nsf/Download-AgendaDetailed?open&id=DR8MEJ5A2C2D
Collier County Public Schools,2026-05-01,board_agenda_packet,https://go.boarddocs.com/fl/collier/Board.nsf/Download-AgendaDetailed?open&id=DT5L7Z54ECC1
Collier County Public Schools,2026-05-06,board_agenda_packet,https://go.boarddocs.com/fl/collier/Board.nsf/Download-AgendaDetailed?open&id=DTMH9Z477B5E
Collier County Public Schools,2026-05-13,board_agenda_packet,https://go.boarddocs.com/fl/collier/Board.nsf/Download-AgendaDetailed?open&id=DS8JGF4CF606
Collier County Public Schools,2026-05-20,board_agenda_packet,https://go.boarddocs.com/fl/collier/Board.nsf/Download-AgendaDetailed?open&id=DTMQJ6697AF3
Collier County Public Schools,2026-06-03,board_agenda_packet,https://go.boarddocs.com/fl/collier/Board.nsf/Download-AgendaDetailed?open&id=DT6S9L719CA8
Collier County Public Schools,2026-07-30,board_agenda_packet,https://go.boarddocs.com/fl/collier/Board.nsf/Download-AgendaDetailed?open&id=DU8LDX561F6F
Collier County Public Schools,2026-07-30,board_agenda_packet,https://go.boarddocs.com/fl/collier/Board.nsf/Download-AgendaDetailed?open&id=DU8LFM565DD9
Collier County Public Schools,2026-08-19,board_agenda_packet,https://go.boarddocs.com/fl/collier/Board.nsf/Download-AgendaDetailed?open&id=DVLLLL571869
DeSoto County School District,2025-03-11,board_agenda_packet,https://go.boarddocs.com/fl/desoto/Board.nsf/Download-AgendaDetailed?open&id=DD5TYU79B37F
DeSoto County School District,2025-03-25,board_agenda_packet,https://go.boarddocs.com/fl/desoto/Board.nsf/Download-AgendaDetailed?open&id=DD5U3C79B62E
DeSoto County School District,2025-04-08,board_agenda_packet,https://go.boarddocs.com/fl/desoto/Board.nsf/Download-AgendaDetailed?open&id=DE55SE10F2BA
DeSoto County School District,2025-04-22,board_agenda_packet,https://go.boarddocs.com/fl/desoto/Board.nsf/Download-AgendaDetailed?open&id=DE55MH10EAD3
DeSoto County School District,2025-04-22,board_agenda_packet,https://go.boarddocs.com/fl/desoto/Board.nsf/Download-AgendaDetailed?open&id=DFRS2P70994F
DeSoto County School District,2025-05-07,board_agenda_packet,https://go.boarddocs.com/fl/desoto/Board.nsf/Download-AgendaDetailed?open&id=DG7NHR5FA00A
DeSoto County School District,2025-05-13,board_agenda_packet,https://go.boarddocs.com/fl/desoto/Board.nsf/Download-AgendaDetailed?open&id=DE55PZ10ECEA
DeSoto County School District,2025-05-13,board_agenda_packet,https://go.boarddocs.com/fl/desoto/Board.nsf/Download-AgendaDetailed?open&id=DGEQKB699A57
DeSoto County School District,2025-05-27,board_agenda_packet,https://go.boarddocs.com/fl/desoto/Board.nsf/Download-AgendaDetailed?open&id=DGHK6U5064B5
DeSoto County School District,2025-06-10,board_agenda_packet,https://go.boarddocs.com/fl/desoto/Board.nsf/Download-AgendaDetailed?open&id=DFRQ8R681CDD
DeSoto County School District,2025-06-24,board_agenda_packet,https://go.boarddocs.com/fl/desoto/Board.nsf/Download-AgendaDetailed?open&id=DFRQB6681E9E
DeSoto County School District,2025-07-08,board_agenda_packet,https://go.boarddocs.com/fl/desoto/Board.nsf/Download-AgendaDetailed?open&id=DFRQDK6820D5
DeSoto County School District,2025-07-22,board_agenda_packet,https://go.boarddocs.com/fl/desoto/Board.nsf/Download-AgendaDetailed?open&id=DFRQFY682256
DeSoto County School District,2025-07-22,board_agenda_packet,https://go.boarddocs.com/fl/desoto/Board.nsf/Download-AgendaDetailed?open&id=DJLTHQ777CC3
DeSoto County School District,2025-07-22,board_agenda_packet,https://go.boarddocs.com/fl/desoto/Board.nsf/Download-AgendaDetailed?open&id=DJLU9C7AF27D
DeSoto County School District,2025-07-29,board_agenda_packet,https://go.boarddocs.com/fl/desoto/Board.nsf/Download-AgendaDetailed?open&id=DJLTJD778A9A
DeSoto County School District,2025-08-12,board_agenda_packet,https://go.boarddocs.com/fl/desoto/Board.nsf/Download-AgendaDetailed?open&id=DJ7P7R63462D
DeSoto County School District,2025-08-26,board_agenda_packet,https://go.boarddocs.com/fl/desoto/Board.nsf/Download-AgendaDetailed?open&id=DAJQV96B1DC6
DeSoto County School District,2025-08-26,board_agenda_packet,https://go.boarddocs.com/fl/desoto/Board.nsf/Download-AgendaDetailed?open&id=DJLJ2X4B2308
DeSoto County School District,2025-09-09,board_agenda_packet,https://go.boarddocs.com/fl/desoto/Board.nsf/Download-AgendaDetailed?open&id=DJLJ5C4B256C
DeSoto County School District,2025-09-09,board_agenda_packet,https://go.boarddocs.com/fl/desoto/Board.nsf/Download-AgendaDetailed?open&id=DKNN7Y5E9F6A
DeSoto County School District,2025-09-09,board_agenda_packet,https://go.boarddocs.com/fl/desoto/Board.nsf/Download-AgendaDetailed?open&id=DKNN8L5EAB24
DeSoto County School District,2025-09-23,board_agenda_packet,https://go.boarddocs.com/fl/desoto/Board.nsf/Download-AgendaDetailed?open&id=DJLJ7T4B35F5
DeSoto County School District,2025-10-14,board_agenda_packet,https://go.boarddocs.com/fl/desoto/Board.nsf/Download-AgendaDetailed?open&id=DJLJAF4B4B87
DeSoto County School District,2025-10-28,board_agenda_packet,https://go.boarddocs.com/fl/desoto/Board.nsf/Download-AgendaDetailed?open&id=DJLJCU4B4D3A
DeSoto County School District,2025-10-28,board_agenda_packet,https://go.boarddocs.com/fl/desoto/Board.nsf/Download-AgendaDetailed?open&id=DMNRPR6EFF69
DeSoto County School District,2025-11-11,board_agenda_packet,https://go.boarddocs.com/fl/desoto/Board.nsf/Download-AgendaDetailed?open&id=DLKH2Y467425
DeSoto County School District,2025-11-11,board_agenda_packet,https://go.boarddocs.com/fl/desoto/Board.nsf/Download-AgendaDetailed?open&id=DN4RF56DBAA1
DeSoto County School District,2025-11-25,board_agenda_packet,https://go.boarddocs.com/fl/desoto/Board.nsf/Download-AgendaDetailed?open&id=DLKH9Z467DE2
DeSoto County School District,2025-12-09,board_agenda_packet,https://go.boarddocs.com/fl/desoto/Board.nsf/Download-AgendaDetailed?open&id=DLKH7N467C8C
DeSoto County School District,2025-12-23,board_agenda_packet,https://go.boarddocs.com/fl/desoto/Board.nsf/Download-AgendaDetailed?open&id=DLKH5B4677F7
DeSoto County School District,2026-01-13,board_agenda_packet,https://go.boarddocs.com/fl/desoto/Board.nsf/Download-AgendaDetailed?open&id=DNMP3Z61B967
DeSoto County School District,2026-01-27,board_agenda_packet,https://go.boarddocs.com/fl/desoto/Board.nsf/Download-AgendaDetailed?open&id=DNMNZN61B7FD
DeSoto County School District,2026-01-27,board_agenda_packet,https://go.boarddocs.com/fl/desoto/Board.nsf/Download-AgendaDetailed?open&id=DQ72HP024B5F
DeSoto County School District,2026-02-10,board_agenda_packet,https://go.boarddocs.com/fl/desoto/Board.nsf/Download-AgendaDetailed?open&id=DNMNXB61B527
DeSoto County School District,2026-02-24,board_agenda_packet,https://go.boarddocs.com/fl/desoto/Board.nsf/Download-AgendaDetailed?open&id=DNMNUY61B2F8
DeSoto County School District,2026-03-10,board_agenda_packet,https://go.boarddocs.com/fl/desoto/Board.nsf/Download-AgendaDetailed?open&id=DQJ34C0507AE
DeSoto County School District,2026-03-24,board_agenda_packet,https://go.boarddocs.com/fl/desoto/Board.nsf/Download-AgendaDetailed?open&id=DQJ36P05094E
DeSoto County School District,2026-04-14,board_agenda_packet,https://go.boarddocs.com/fl/desoto/Board.nsf/Download-AgendaDetailed?open&id=DRE234002879
DeSoto County School District,2026-04-28,board_agenda_packet,https://go.boarddocs.com/fl/desoto/Board.nsf/Download-AgendaDetailed?open&id=DRE25F002BBA
DeSoto County School District,2026-04-28,board_agenda_packet,https://go.boarddocs.com/fl/desoto/Board.nsf/Download-AgendaDetailed?open&id=DT7QH46954ED
DeSoto County School District,2026-05-12,board_agenda_packet,https://go.boarddocs.com/fl/desoto/Board.nsf/Download-AgendaDetailed?open&id=DRE27S002F54
DeSoto County School District,2026-05-12,board_agenda_packet,https://go.boarddocs.com/fl/desoto/Board.nsf/Download-AgendaDetailed?open&id=DTSKCC5131F7
DeSoto County School District,2026-05-26,board_agenda_packet,https://go.boarddocs.com/fl/desoto/Board.nsf/Download-AgendaDetailed?open&id=DRE2A50030FB
DeSoto County School District,2026-06-09,board_agenda_packet,https://go.boarddocs.com/fl/desoto/Board.nsf/Download-AgendaDetailed?open&id=DTKT35755989
DeSoto County School District,2026-06-23,board_agenda_packet,https://go.boarddocs.com/fl/desoto/Board.nsf/Download-AgendaDetailed?open&id=DTKT5G755C28
DeSoto County School District,2026-07-14,board_agenda_packet,https://go.boarddocs.com/fl/desoto/Board.nsf/Download-AgendaDetailed?open&id=DU3LLL57183C
DeSoto County School District,2026-07-21,board_agenda_packet,https://go.boarddocs.com/fl/desoto/Board.nsf/Download-AgendaDetailed?open&id=DU3RVJ6FD830
DeSoto County School District,2026-07-28,board_agenda_packet,https://go.boarddocs.com/fl/desoto/Board.nsf/Download-AgendaDetailed?open&id=DU3LRC57CB3C
DeSoto County School District,2026-07-28,board_agenda_packet,https://go.boarddocs.com/fl/desoto/Board.nsf/Download-AgendaDetailed?open&id=DU3RWY700C35
DeSoto County School District,2026-08-11,board_agenda_packet,https://go.boarddocs.com/fl/desoto/Board.nsf/Download-AgendaDetailed?open&id=DU3LTR57D47C
DeSoto County School District,2026-08-25,board_agenda_packet,https://go.boarddocs.com/fl/desoto/Board.nsf/Download-AgendaDetailed?open&id=DW2LKT56FB6F
DeSoto County School District,2026-08-25,board_agenda_packet,https://go.boarddocs.com/fl/desoto/Board.nsf/Download-AgendaDetailed?open&id=DW2R4X6C3D34
Escambia County Public Schools,2025-03-13,board_agenda_packet,https://go.boarddocs.com/fl/escambia/Board.nsf/Download-AgendaDetailed?open&id=DBVQSP6AB31D
Escambia County Public Schools,2025-03-18,board_agenda_packet,https://go.boarddocs.com/fl/escambia/Board.nsf/Download-AgendaDetailed?open&id=DCRLZJ57880C
Escambia County Public Schools,2025-04-10,board_agenda_packet,https://go.boarddocs.com/fl/escambia/Board.nsf/Download-AgendaDetailed?open&id=DBVQS56AA56A
Escambia County Public Schools,2025-04-15,board_agenda_packet,https://go.boarddocs.com/fl/escambia/Board.nsf/Download-AgendaDetailed?open&id=DDURCR6D24E7
Escambia County Public Schools,2025-05-15,board_agenda_packet,https://go.boarddocs.com/fl/escambia/Board.nsf/Download-AgendaDetailed?open&id=DEHSL6731578
Escambia County Public Schools,2025-05-20,board_agenda_packet,https://go.boarddocs.com/fl/escambia/Board.nsf/Download-AgendaDetailed?open&id=DEHSLX732791
Escambia County Public Schools,2025-06-16,board_agenda_packet,https://go.boarddocs.com/fl/escambia/Board.nsf/Download-AgendaDetailed?open&id=DFDK554FFE65
Escambia County Public Schools,2025-06-17,board_agenda_packet,https://go.boarddocs.com/fl/escambia/Board.nsf/Download-AgendaDetailed?open&id=DFDK5L5001A7
Escambia County Public Schools,2025-06-30,board_agenda_packet,https://go.boarddocs.com/fl/escambia/Board.nsf/Download-AgendaDetailed?open&id=DHPKBM50EC6A
Escambia County Public Schools,2025-06-30,board_agenda_packet,https://go.boarddocs.com/fl/escambia/Board.nsf/Download-AgendaDetailed?open&id=DHPKCR513579
Escambia County Public Schools,2025-06-30,board_agenda_packet,https://go.boarddocs.com/fl/escambia/Board.nsf/Download-AgendaDetailed?open&id=DHTR9M6CED38
Escambia County Public Schools,2025-07-10,board_agenda_packet,https://go.boarddocs.com/fl/escambia/Board.nsf/Download-AgendaDetailed?open&id=DHKS2F6EDFC9
Escambia County Public Schools,2025-07-15,board_agenda_packet,https://go.boarddocs.com/fl/escambia/Board.nsf/Download-AgendaDetailed?open&id=DHKS346EED5A
Escambia County Public Schools,2025-07-24,board_agenda_packet,https://go.boarddocs.com/fl/escambia/Board.nsf/Download-AgendaDetailed?open&id=DHKRY36EA6F4
Escambia County Public Schools,2025-07-31,board_agenda_packet,https://go.boarddocs.com/fl/escambia/Board.nsf/Download-AgendaDetailed?open&id=DHKRYS6EBA11
Escambia County Public Schools,2025-08-14,board_agenda_packet,https://go.boarddocs.com/fl/escambia/Board.nsf/Download-AgendaDetailed?open&id=DJFPVG6618D7
Escambia County Public Schools,2025-08-19,board_agenda_packet,https://go.boarddocs.com/fl/escambia/Board.nsf/Download-AgendaDetailed?open&id=DJFPSF660423
Escambia County Public Schools,2025-09-11,board_agenda_packet,https://go.boarddocs.com/fl/escambia/Board.nsf/Download-AgendaDetailed?open&id=DKCP99637ECB
Escambia County Public Schools,2025-09-11,board_agenda_packet,https://go.boarddocs.com/fl/escambia/Board.nsf/Download-AgendaDetailed?open&id=DKKNX7620613
Escambia County Public Schools,2025-09-16,board_agenda_packet,https://go.boarddocs.com/fl/escambia/Board.nsf/Download-AgendaDetailed?open&id=DKCPB263C044
Escambia County Public Schools,2025-09-16,board_agenda_packet,https://go.boarddocs.com/fl/escambia/Board.nsf/Download-AgendaDetailed?open&id=DKKNY6622A0B
Escambia County Public Schools,2025-09-16,board_agenda_packet,https://go.boarddocs.com/fl/escambia/Board.nsf/Download-AgendaDetailed?open&id=DLEPUE66393D
Escambia County Public Schools,2025-10-03,board_agenda_packet,https://go.boarddocs.com/fl/escambia/Board.nsf/Download-AgendaDetailed?open&id=DLEKSG533511
Escambia County Public Schools,2025-10-16,board_agenda_packet,https://go.boarddocs.com/fl/escambia/Board.nsf/Download-AgendaDetailed?open&id=DLCPDC63B641
Escambia County Public Schools,2025-10-21,board_agenda_packet,https://go.boarddocs.com/fl/escambia/Board.nsf/Download-AgendaDetailed?open&id=DLCPAD63A9AC
Escambia County Public Schools,2025-11-13,board_agenda_packet,https://go.boarddocs.com/fl/escambia/Board.nsf/Download-AgendaDetailed?open&id=DLCPF9645681
Escambia County Public Schools,2025-11-18,board_agenda_packet,https://go.boarddocs.com/fl/escambia/Board.nsf/Download-AgendaDetailed?open&id=DLCPFW64627E
Escambia County Public Schools,2025-11-18,board_agenda_packet,https://go.boarddocs.com/fl/escambia/Board.nsf/Download-AgendaDetailed?open&id=DMPRGQ6DC9DF
Escambia County Public Schools,2025-11-18,board_agenda_packet,https://go.boarddocs.com/fl/escambia/Board.nsf/Download-AgendaDetailed?open&id=DN5NLA606D2F
Escambia County Public Schools,2025-12-11,board_agenda_packet,https://go.boarddocs.com/fl/escambia/Board.nsf/Download-AgendaDetailed?open&id=DLCPJ3646EC9
Escambia County Public Schools,2025-12-16,board_agenda_packet,https://go.boarddocs.com/fl/escambia/Board.nsf/Download-AgendaDetailed?open&id=DLCPJM647BF9
Escambia County Public Schools,2025-12-16,board_agenda_packet,https://go.boarddocs.com/fl/escambia/Board.nsf/Download-AgendaDetailed?open&id=DNY38J05A4D3
Escambia County Public Schools,2026-01-15,board_agenda_packet,https://go.boarddocs.com/fl/escambia/Board.nsf/Download-AgendaDetailed?open&id=DPETZJ79AAF4
Escambia County Public Schools,2026-01-20,board_agenda_packet,https://go.boarddocs.com/fl/escambia/Board.nsf/Download-AgendaDetailed?open&id=DPETZN79D2BC
Escambia County Public Schools,2026-01-30,board_agenda_packet,https://go.boarddocs.com/fl/escambia/Board.nsf/Download-AgendaDetailed?open&id=DPEUBV7B5126
Escambia County Public Schools,2026-02-12,board_agenda_packet,https://go.boarddocs.com/fl/escambia/Board.nsf/Download-AgendaDetailed?open&id=DQCPJA6475E8
Escambia County Public Schools,2026-02-17,board_agenda_packet,https://go.boarddocs.com/fl/escambia/Board.nsf/Download-AgendaDetailed?open&id=DQCPFD64646B
Escambia County Public Schools,2026-03-12,board_agenda_packet,https://go.boarddocs.com/fl/escambia/Board.nsf/Download-AgendaDetailed?open&id=DQWM4D596887
Escambia County Public Schools,2026-03-24,board_agenda_packet,https://go.boarddocs.com/fl/escambia/Board.nsf/Download-AgendaDetailed?open&id=DQWM5A59815F
Escambia County Public Schools,2026-04-16,board_agenda_packet,https://go.boarddocs.com/fl/escambia/Board.nsf/Download-AgendaDetailed?open&id=DRWQ3B67510A
Escambia County Public Schools,2026-04-16,board_agenda_packet,https://go.boarddocs.com/fl/escambia/Board.nsf/Download-AgendaDetailed?open&id=DSXKDW516E19
Escambia County Public Schools,2026-04-21,board_agenda_packet,https://go.boarddocs.com/fl/escambia/Board.nsf/Download-AgendaDetailed?open&id=DRWQ5B679AFF
Escambia County Public Schools,2026-05-14,board_agenda_packet,https://go.boarddocs.com/fl/escambia/Board.nsf/Download-AgendaDetailed?open&id=DSWJXT4F5D64
Escambia County Public Schools,2026-05-19,board_agenda_packet,https://go.boarddocs.com/fl/escambia/Board.nsf/Download-AgendaDetailed?open&id=DSWJYY4F84BF
Escambia County Public Schools,2026-06-15,board_agenda_packet,https://go.boarddocs.com/fl/escambia/Board.nsf/Download-AgendaDetailed?open&id=DSWJYJ4F7802
Escambia County Public Schools,2026-06-16,board_agenda_packet,https://go.boarddocs.com/fl/escambia/Board.nsf/Download-AgendaDetailed?open&id=DSWK4G4FC5D4
Escambia County Public Schools,2026-07-16,board_agenda_packet,https://go.boarddocs.com/fl/escambia/Board.nsf/Download-AgendaDetailed?open&id=DTUN825DD6BA
Escambia County Public Schools,2026-07-21,board_agenda_packet,https://go.boarddocs.com/fl/escambia/Board.nsf/Download-AgendaDetailed?open&id=DTUN8Q5DE88B
Escambia County Public Schools,2026-07-23,board_agenda_packet,https://go.boarddocs.com/fl/escambia/Board.nsf/Download-AgendaDetailed?open&id=DTUNDF5E608D
Escambia County Public Schools,2026-08-03,board_agenda_packet,https://go.boarddocs.com/fl/escambia/Board.nsf/Download-AgendaDetailed?open&id=DV5F953DFB07
Escambia County Public Schools,2026-08-13,board_agenda_packet,https://go.boarddocs.com/fl/escambia/Board.nsf/Download-AgendaDetailed?open&id=DUPL5R54EC62
Escambia County Public Schools,2026-08-18,board_agenda_packet,https://go.boarddocs.com/fl/escambia/Board.nsf/Download-AgendaDetailed?open&id=DUPL5N54E8AC
Flagler Schools,2025-03-11,board_agenda_packet,https://go.boarddocs.com/fla/flcsd/Board.nsf/Download-AgendaDetailed?open&id=DAHKWB538E44
Flagler Schools,2025-03-11,board_agenda_packet,https://go.boarddocs.com/fla/flcsd/Board.nsf/Download-AgendaDetailed?open&id=DEQJ4H4B5D19
Flagler Schools,2025-03-25,board_agenda_packet,https://go.boarddocs.com/fla/flcsd/Board.nsf/Download-AgendaDetailed?open&id=DAHKRH52D9CC
Flagler Schools,2025-03-25,board_agenda_packet,https://go.boarddocs.com/fla/flcsd/Board.nsf/Download-AgendaDetailed?open&id=DEML3Y54A891
Flagler Schools,2025-04-08,board_agenda_packet,https://go.boarddocs.com/fla/flcsd/Board.nsf/Download-AgendaDetailed?open&id=DAHKYA5391F1
Flagler Schools,2025-04-22,board_agenda_packet,https://go.boarddocs.com/fla/flcsd/Board.nsf/Download-AgendaDetailed?open&id=DAHKSF52E327
Flagler Schools,2025-04-22,board_agenda_packet,https://go.boarddocs.com/fla/flcsd/Board.nsf/Download-AgendaDetailed?open&id=DFKH8W4752F2
Flagler Schools,2025-05-13,board_agenda_packet,https://go.boarddocs.com/fla/flcsd/Board.nsf/Download-AgendaDetailed?open&id=DAHL295393AE
Flagler Schools,2025-05-27,board_agenda_packet,https://go.boarddocs.com/fla/flcsd/Board.nsf/Download-AgendaDetailed?open&id=DGTKXQ5409D6
Flagler Schools,2025-06-10,board_agenda_packet,https://go.boarddocs.com/fla/flcsd/Board.nsf/Download-AgendaDetailed?open&id=DAHL6Q53C8F2
Flagler Schools,2025-06-10,board_agenda_packet,https://go.boarddocs.com/fla/flcsd/Board.nsf/Download-AgendaDetailed?open&id=DG6PPD65910E
Flagler Schools,2025-06-12,board_agenda_packet,https://go.boarddocs.com/fla/flcsd/Board.nsf/Download-AgendaDetailed?open&id=DHCKZH544D01
Flagler Schools,2025-06-24,board_agenda_packet,https://go.boarddocs.com/fla/flcsd/Board.nsf/Download-AgendaDetailed?open&id=DAHKRB53025E
Flagler Schools,2025-06-24,board_agenda_packet,https://go.boarddocs.com/fla/flcsd/Board.nsf/Download-AgendaDetailed?open&id=DHHRP56EE7CE
Flagler Schools,2025-07-08,board_agenda_packet,https://go.boarddocs.com/fla/flcsd/Board.nsf/Download-AgendaDetailed?open&id=DAHL8R53CA85
Flagler Schools,2025-07-08,board_agenda_packet,https://go.boarddocs.com/fla/flcsd/Board.nsf/Download-AgendaDetailed?open&id=DHWSJT72F65B
Flagler Schools,2025-07-22,board_agenda_packet,https://go.boarddocs.com/fla/flcsd/Board.nsf/Download-AgendaDetailed?open&id=DAHKS85303B7
Flagler Schools,2025-07-22,board_agenda_packet,https://go.boarddocs.com/fla/flcsd/Board.nsf/Download-AgendaDetailed?open&id=DJDPJ664CD84
Flagler Schools,2025-07-22,board_agenda_packet,https://go.boarddocs.com/fla/flcsd/Board.nsf/Download-AgendaDetailed?open&id=DJLM6Y59C8F5
Flagler Schools,2025-07-29,board_agenda_packet,https://go.boarddocs.com/fla/flcsd/Board.nsf/Download-AgendaDetailed?open&id=DJTQHW69727C
Flagler Schools,2025-08-12,board_agenda_packet,https://go.boarddocs.com/fla/flcsd/Board.nsf/Download-AgendaDetailed?open&id=DAHLAQ53CC37
Flagler Schools,2025-08-26,board_agenda_packet,https://go.boarddocs.com/fla/flcsd/Board.nsf/Download-AgendaDetailed?open&id=DAHKT55305B2
Flagler Schools,2025-08-26,board_agenda_packet,https://go.boarddocs.com/fla/flcsd/Board.nsf/Download-AgendaDetailed?open&id=DKGKQ752EF90
Flagler Schools,2025-09-09,board_agenda_packet,https://go.boarddocs.com/fla/flcsd/Board.nsf/Download-AgendaDetailed?open&id=DAHLCP53CE2B
Flagler Schools,2025-09-09,board_agenda_packet,https://go.boarddocs.com/fla/flcsd/Board.nsf/Download-AgendaDetailed?open&id=DJUQWM6B50AB
Flagler Schools,2025-09-23,board_agenda_packet,https://go.boarddocs.com/fla/flcsd/Board.nsf/Download-AgendaDetailed?open&id=DAHKU25306EB
Flagler Schools,2025-09-23,board_agenda_packet,https://go.boarddocs.com/fla/flcsd/Board.nsf/Download-AgendaDetailed?open&id=DJUQVL6B053A
Flagler Schools,2025-09-23,board_agenda_packet,https://go.boarddocs.com/fla/flcsd/Board.nsf/Download-AgendaDetailed?open&id=DLCQ6767BC9C
Flagler Schools,2025-10-14,board_agenda_packet,https://go.boarddocs.com/fla/flcsd/Board.nsf/Download-AgendaDetailed?open&id=DAHLEN53D0DC
Flagler Schools,2025-10-28,board_agenda_packet,https://go.boarddocs.com/fla/flcsd/Board.nsf/Download-AgendaDetailed?open&id=DAHKUX53082E
Flagler Schools,2025-10-28,board_agenda_packet,https://go.boarddocs.com/fla/flcsd/Board.nsf/Download-AgendaDetailed?open&id=DMGLQW57BA3B
Flagler Schools,2025-11-04,board_agenda_packet,https://go.boarddocs.com/fla/flcsd/Board.nsf/Download-AgendaDetailed?open&id=DAHL4R53C691
Flagler Schools,2025-11-18,board_agenda_packet,https://go.boarddocs.com/fla/flcsd/Board.nsf/Download-AgendaDetailed?open&id=DAHKUG530981
Flagler Schools,2025-11-18,board_agenda_packet,https://go.boarddocs.com/fla/flcsd/Board.nsf/Download-AgendaDetailed?open&id=DN3S3N70BDD7
Flagler Schools,2025-12-09,board_agenda_packet,https://go.boarddocs.com/fla/flcsd/Board.nsf/Download-AgendaDetailed?open&id=DMXQLL69D8E5
Flagler Schools,2025-12-16,board_agenda_packet,https://go.boarddocs.com/fla/flcsd/Board.nsf/Download-AgendaDetailed?open&id=DP7SP3738D61
Flagler Schools,2025-12-16,board_agenda_packet,https://go.boarddocs.com/fla/flcsd/Board.nsf/Download-AgendaDetailed?open&id=DP7SX974C81A
Flagler Schools,2026-01-13,board_agenda_packet,https://go.boarddocs.com/fla/flcsd/Board.nsf/Download-AgendaDetailed?open&id=DP8NFT5FC013
Flagler Schools,2026-01-22,board_agenda_packet,https://go.boarddocs.com/fla/flcsd/Board.nsf/Download-AgendaDetailed?open&id=DQDRCC6D53B4
Flagler Schools,2026-01-27,board_agenda_packet,https://go.boarddocs.com/fla/flcsd/Board.nsf/Download-AgendaDetailed?open&id=DP8NJ95FC399
Flagler Schools,2026-01-27,board_agenda_packet,https://go.boarddocs.com/fla/flcsd/Board.nsf/Download-AgendaDetailed?open&id=DQBS9J7199A0
Flagler Schools,2026-02-10,board_agenda_packet,https://go.boarddocs.com/fla/flcsd/Board.nsf/Download-AgendaDetailed?open&id=DP8PSV6613AE
Flagler Schools,2026-02-24,board_agenda_packet,https://go.boarddocs.com/fla/flcsd/Board.nsf/Download-AgendaDetailed?open&id=DP8PUV662430
Flagler Schools,2026-02-24,board_agenda_packet,https://go.boarddocs.com/fla/flcsd/Board.nsf/Download-AgendaDetailed?open&id=DR7RGA6DE66F
Flagler Schools,2026-03-10,board_agenda_packet,https://go.boarddocs.com/fla/flcsd/Board.nsf/Download-AgendaDetailed?open&id=DP8PVX6635DC
Flagler Schools,2026-03-24,board_agenda_packet,https://go.boarddocs.com/fla/flcsd/Board.nsf/Download-AgendaDetailed?open&id=DP8PY2664169
Flagler Schools,2026-03-24,board_agenda_packet,https://go.boarddocs.com/fla/flcsd/Board.nsf/Download-AgendaDetailed?open&id=DS3N6E5E62D8
Flagler Schools,2026-04-14,board_agenda_packet,https://go.boarddocs.com/fla/flcsd/Board.nsf/Download-AgendaDetailed?open&id=DP8PZB665952
Flagler Schools,2026-04-23,board_agenda_packet,https://go.boarddocs.com/fla/flcsd/Board.nsf/Download-AgendaDetailed?open&id=DTDSAW71CDF7
Flagler Schools,2026-04-28,board_agenda_packet,https://go.boarddocs.com/fla/flcsd/Board.nsf/Download-AgendaDetailed?open&id=DP8Q386663C2
Flagler Schools,2026-04-28,board_agenda_packet,https://go.boarddocs.com/fla/flcsd/Board.nsf/Download-AgendaDetailed?open&id=DT6NPY60F6D7
Flagler Schools,2026-05-12,board_agenda_packet,https://go.boarddocs.com/fla/flcsd/Board.nsf/Download-AgendaDetailed?open&id=DP8Q46666FC8
Flagler Schools,2026-05-19,board_agenda_packet,https://go.boarddocs.com/fla/flcsd/Board.nsf/Download-AgendaDetailed?open&id=DP8Q6D667EE5
Flagler Schools,2026-05-19,board_agenda_packet,https://go.boarddocs.com/fla/flcsd/Board.nsf/Download-AgendaDetailed?open&id=DU2K8B507310
Flagler Schools,2026-06-09,board_agenda_packet,https://go.boarddocs.com/fla/flcsd/Board.nsf/Download-AgendaDetailed?open&id=DP8Q7R66BF60
Flagler Schools,2026-06-11,board_agenda_packet,https://go.boarddocs.com/fla/flcsd/Board.nsf/Download-AgendaDetailed?open&id=DU3NSG615488
Flagler Schools,2026-06-23,board_agenda_packet,https://go.boarddocs.com/fla/flcsd/Board.nsf/Download-AgendaDetailed?open&id=DP8Q9M66C194
Flagler Schools,2026-06-23,board_agenda_packet,https://go.boarddocs.com/fla/flcsd/Board.nsf/Download-AgendaDetailed?open&id=DUVNCX5E81E8
Flagler Schools,2026-07-14,board_agenda_packet,https://go.boarddocs.com/fla/flcsd/Board.nsf/Download-AgendaDetailed?open&id=DP8QC266F257
Flagler Schools,2026-07-21,board_agenda_packet,https://go.boarddocs.com/fla/flcsd/Board.nsf/Download-AgendaDetailed?open&id=DVRHJ948B0B7
Flagler Schools,2026-07-28,board_agenda_packet,https://go.boarddocs.com/fla/flcsd/Board.nsf/Download-AgendaDetailed?open&id=DP8QB566F12B
Flagler Schools,2026-07-28,board_agenda_packet,https://go.boarddocs.com/fla/flcsd/Board.nsf/Download-AgendaDetailed?open&id=DVRHK548D162
Flagler Schools,2026-07-28,board_agenda_packet,https://go.boarddocs.com/fla/flcsd/Board.nsf/Download-AgendaDetailed?open&id=DVYPSY661795
Flagler Schools,2026-08-25,board_agenda_packet,https://go.boarddocs.com/fla/flcsd/Board.nsf/Download-AgendaDetailed?open&id=DP8RSL6F69F7
Flagler Schools,2026-08-25,board_agenda_packet,https://go.boarddocs.com/fla/flcsd/Board.nsf/Download-AgendaDetailed?open&id=DWGT7A75F54B
Franklin County School District,2025-03-10,board_agenda_packet,https://go.boarddocs.com/fl/franklin/Board.nsf/Download-AgendaDetailed?open&id=DEFKKP524704
Franklin County School District,2025-03-27,board_agenda_packet,https://go.boarddocs.com/fl/franklin/Board.nsf/Download-AgendaDetailed?open&id=DENKQT53064D
Franklin County School District,2025-04-09,board_agenda_packet,https://go.boarddocs.com/fl/franklin/Board.nsf/Download-AgendaDetailed?open&id=DFDPEE644041
Franklin County School District,2025-04-21,board_agenda_packet,https://go.boarddocs.com/fl/franklin/Board.nsf/Download-AgendaDetailed?open&id=DFQHGA48283A
Franklin County School District,2025-04-21,board_agenda_packet,https://go.boarddocs.com/fl/franklin/Board.nsf/Download-AgendaDetailed?open&id=DFQHHL484ADD
Franklin County School District,2025-05-19,board_agenda_packet,https://go.boarddocs.com/fl/franklin/Board.nsf/Download-AgendaDetailed?open&id=DGLLNC575A85
Franklin County School District,2025-05-19,board_agenda_packet,https://go.boarddocs.com/fl/franklin/Board.nsf/Download-AgendaDetailed?open&id=DGMLY758CB51
Franklin County School District,2025-05-28,board_agenda_packet,https://go.boarddocs.com/fl/franklin/Board.nsf/Download-AgendaDetailed?open&id=DGLLPW5794EA
Franklin County School District,2025-06-16,board_agenda_packet,https://go.boarddocs.com/fl/franklin/Board.nsf/Download-AgendaDetailed?open&id=DHCKZX545C8A
Franklin County School District,2025-06-16,board_agenda_packet,https://go.boarddocs.com/fl/franklin/Board.nsf/Download-AgendaDetailed?open&id=DHJRQJ6F1CA6
Franklin County School District,2025-06-26,board_agenda_packet,https://go.boarddocs.com/fl/franklin/Board.nsf/Download-AgendaDetailed?open&id=DHCLLW572424
Franklin County School District,2025-07-15,board_agenda_packet,https://go.boarddocs.com/fl/franklin/Board.nsf/Download-AgendaDetailed?open&id=DJCRKJ6E5F30
Franklin County School District,2025-07-15,board_agenda_packet,https://go.boarddocs.com/fl/franklin/Board.nsf/Download-AgendaDetailed?open&id=DJCRLA6E7D1C
Franklin County School District,2025-07-21,board_agenda_packet,https://go.boarddocs.com/fl/franklin/Board.nsf/Download-AgendaDetailed?open&id=DJKPMJ654C40
Franklin County School District,2025-07-21,board_agenda_packet,https://go.boarddocs.com/fl/franklin/Board.nsf/Download-AgendaDetailed?open&id=DJQSE57245E3
Franklin County School District,2025-07-29,board_agenda_packet,https://go.boarddocs.com/fl/franklin/Board.nsf/Download-AgendaDetailed?open&id=DJTPNR657971
Franklin County School District,2025-07-29,board_agenda_packet,https://go.boarddocs.com/fl/franklin/Board.nsf/Download-AgendaDetailed?open&id=DJTQDL68D2A3
Franklin County School District,2025-07-29,board_agenda_packet,https://go.boarddocs.com/fl/franklin/Board.nsf/Download-AgendaDetailed?open&id=DJUK4T50194A
Franklin County School District,2025-07-31,board_agenda_packet,https://go.boarddocs.com/fl/franklin/Board.nsf/Download-AgendaDetailed?open&id=DJUKZB54458C
Franklin County School District,2025-08-18,board_agenda_packet,https://go.boarddocs.com/fl/franklin/Board.nsf/Download-AgendaDetailed?open&id=DKFSEH7253C8
Franklin County School District,2025-08-28,board_agenda_packet,https://go.boarddocs.com/fl/franklin/Board.nsf/Download-AgendaDetailed?open&id=DKNM8D579779
Franklin County School District,2025-09-09,board_agenda_packet,https://go.boarddocs.com/fl/franklin/Board.nsf/Download-AgendaDetailed?open&id=DL5KNH52AFBE
Franklin County School District,2025-09-09,board_agenda_packet,https://go.boarddocs.com/fl/franklin/Board.nsf/Download-AgendaDetailed?open&id=DL5LWC5885DA
Franklin County School District,2025-09-17,board_agenda_packet,https://go.boarddocs.com/fl/franklin/Board.nsf/Download-AgendaDetailed?open&id=DLDJJE4D3237
Franklin County School District,2025-09-17,board_agenda_packet,https://go.boarddocs.com/fl/franklin/Board.nsf/Download-AgendaDetailed?open&id=DLDJM74DCE96
Franklin County School District,2025-10-01,board_agenda_packet,https://go.boarddocs.com/fl/franklin/Board.nsf/Download-AgendaDetailed?open&id=DLTHMJ492BB9
Franklin County School District,2025-10-09,board_agenda_packet,https://go.boarddocs.com/fl/franklin/Board.nsf/Download-AgendaDetailed?open&id=DM4KTD5366DC
Franklin County School District,2025-10-20,board_agenda_packet,https://go.boarddocs.com/fl/franklin/Board.nsf/Download-AgendaDetailed?open&id=DMANZ6624D81
Franklin County School District,2025-10-30,board_agenda_packet,https://go.boarddocs.com/fl/franklin/Board.nsf/Download-AgendaDetailed?open&id=DLVJF64CED01
Franklin County School District,2025-11-17,board_agenda_packet,https://go.boarddocs.com/fl/franklin/Board.nsf/Download-AgendaDetailed?open&id=DMAP2D627C72
Franklin County School District,2025-11-17,board_agenda_packet,https://go.boarddocs.com/fl/franklin/Board.nsf/Download-AgendaDetailed?open&id=DMAP6K631038
Franklin County School District,2025-11-17,board_agenda_packet,https://go.boarddocs.com/fl/franklin/Board.nsf/Download-AgendaDetailed?open&id=DMAP9L638812
Franklin County School District,2025-12-15,board_agenda_packet,https://go.boarddocs.com/fl/franklin/Board.nsf/Download-AgendaDetailed?open&id=DP6LNY552392
Franklin County School District,2025-12-15,board_agenda_packet,https://go.boarddocs.com/fl/franklin/Board.nsf/Download-AgendaDetailed?open&id=DP6LPG555934
Franklin County School District,2026-01-20,board_agenda_packet,https://go.boarddocs.com/fl/franklin/Board.nsf/Download-AgendaDetailed?open&id=DQAKXE53F7EC
Franklin County School District,2026-01-29,board_agenda_packet,https://go.boarddocs.com/fl/franklin/Board.nsf/Download-AgendaDetailed?open&id=DQAKYV543425
Franklin County School District,2026-02-17,board_agenda_packet,https://go.boarddocs.com/fl/franklin/Board.nsf/Download-AgendaDetailed?open&id=DR2PM7653DFE
Franklin County School District,2026-02-26,board_agenda_packet,https://go.boarddocs.com/fl/franklin/Board.nsf/Download-AgendaDetailed?open&id=DR2QYU6BA3C2
Franklin County School District,2026-03-09,board_agenda_packet,https://go.boarddocs.com/fl/franklin/Board.nsf/Download-AgendaDetailed?open&id=DR2NHV6011BE
Franklin County School District,2026-03-26,board_agenda_packet,https://go.boarddocs.com/fl/franklin/Board.nsf/Download-AgendaDetailed?open&id=DR2R626C663D
Franklin County School District,2026-03-26,board_agenda_packet,https://go.boarddocs.com/fl/franklin/Board.nsf/Download-AgendaDetailed?open&id=DRWN265DBD26
Franklin County School District,2026-04-20,board_agenda_packet,https://go.boarddocs.com/fl/franklin/Board.nsf/Download-AgendaDetailed?open&id=DR2PNH65668B
Franklin County School District,2026-04-20,board_agenda_packet,https://go.boarddocs.com/fl/franklin/Board.nsf/Download-AgendaDetailed?open&id=DT6PPF64838F
Franklin County School District,2026-04-30,board_agenda_packet,https://go.boarddocs.com/fl/franklin/Board.nsf/Download-AgendaDetailed?open&id=DR2R9Q6CA818
Franklin County School District,2026-04-30,board_agenda_packet,https://go.boarddocs.com/fl/franklin/Board.nsf/Download-AgendaDetailed?open&id=DTEP3E62A39F
Franklin County School District,2026-05-07,board_agenda_packet,https://go.boarddocs.com/fl/franklin/Board.nsf/Download-AgendaDetailed?open&id=DTMUF37BC947
Franklin County School District,2026-05-07,board_agenda_packet,https://go.boarddocs.com/fl/franklin/Board.nsf/Download-AgendaDetailed?open&id=DTMUFJ7BDAC7
Franklin County School District,2026-05-18,board_agenda_packet,https://go.boarddocs.com/fl/franklin/Board.nsf/Download-AgendaDetailed?open&id=DR2PNB65646F
Franklin County School District,2026-05-27,board_agenda_packet,https://go.boarddocs.com/fl/franklin/Board.nsf/Download-AgendaDetailed?open&id=DR2R866CA2F4
Franklin County School District,2026-06-15,board_agenda_packet,https://go.boarddocs.com/fl/franklin/Board.nsf/Download-AgendaDetailed?open&id=DR2PN7655F6C
Franklin County School District,2026-06-15,board_agenda_packet,https://go.boarddocs.com/fl/franklin/Board.nsf/Download-AgendaDetailed?open&id=DUXLEJ5633A7
Franklin County School District,2026-06-25,board_agenda_packet,https://go.boarddocs.com/fl/franklin/Board.nsf/Download-AgendaDetailed?open&id=DR2RG96CCD08
Franklin County School District,2026-07-13,board_agenda_packet,https://go.boarddocs.com/fl/franklin/Board.nsf/Download-AgendaDetailed?open&id=DR2PN3655C19
Franklin County School District,2026-07-13,board_agenda_packet,https://go.boarddocs.com/fl/franklin/Board.nsf/Download-AgendaDetailed?open&id=DVRM5E598F13
Franklin County School District,2026-07-23,board_agenda_packet,https://go.boarddocs.com/fl/franklin/Board.nsf/Download-AgendaDetailed?open&id=DVZN735E7CD1
Franklin County School District,2026-07-28,board_agenda_packet,https://go.boarddocs.com/fl/franklin/Board.nsf/Download-AgendaDetailed?open&id=DR2SJB72CC3F
Franklin County School District,2026-08-17,board_agenda_packet,https://go.boarddocs.com/fl/franklin/Board.nsf/Download-AgendaDetailed?open&id=DR2PMT654DB6
Franklin County School District,2026-08-27,board_agenda_packet,https://go.boarddocs.com/fl/franklin/Board.nsf/Download-AgendaDetailed?open&id=DR2RKH6CD669
Franklin County School District,2026-09-02,board_agenda_packet,https://go.boarddocs.com/fl/franklin/Board.nsf/Download-AgendaDetailed?open&id=DXHMZF5DAA06
Glades County School District,2025-03-27,board_agenda_packet,https://go.boarddocs.com/fl/glad/Board.nsf/Download-AgendaDetailed?open&id=DE7JYH4F7782
Glades County School District,2025-04-10,board_agenda_packet,https://go.boarddocs.com/fl/glad/Board.nsf/Download-AgendaDetailed?open&id=DENLX557EB04
Glades County School District,2025-04-23,board_agenda_packet,https://go.boarddocs.com/fl/glad/Board.nsf/Download-AgendaDetailed?open&id=DFRRWX700CA0
Glades County School District,2025-04-24,board_agenda_packet,https://go.boarddocs.com/fl/glad/Board.nsf/Download-AgendaDetailed?open&id=DFDFY24155A1
Glades County School District,2025-04-24,board_agenda_packet,https://go.boarddocs.com/fl/glad/Board.nsf/Download-AgendaDetailed?open&id=DFRRYN704CE8
Glades County School District,2025-05-08,board_agenda_packet,https://go.boarddocs.com/fl/glad/Board.nsf/Download-AgendaDetailed?open&id=DG7HGS487A27
Glades County School District,2025-05-22,board_agenda_packet,https://go.boarddocs.com/fl/glad/Board.nsf/Download-AgendaDetailed?open&id=DGMG2B41AB82
Glades County School District,2025-06-26,board_agenda_packet,https://go.boarddocs.com/fl/glad/Board.nsf/Download-AgendaDetailed?open&id=DGVPYN664E99
Glades County School District,2025-07-10,board_agenda_packet,https://go.boarddocs.com/fl/glad/Board.nsf/Download-AgendaDetailed?open&id=DHKFR2404EE4
Glades County School District,2025-07-22,board_agenda_packet,https://go.boarddocs.com/fl/glad/Board.nsf/Download-AgendaDetailed?open&id=DJCL8K555503
Glades County School District,2025-07-24,board_agenda_packet,https://go.boarddocs.com/fl/glad/Board.nsf/Download-AgendaDetailed?open&id=DJ6MTB5CC462
Glades County School District,2025-08-01,board_agenda_packet,https://go.boarddocs.com/fl/glad/Board.nsf/Download-AgendaDetailed?open&id=DJCM6J59B98D
Glades County School District,2025-08-01,board_agenda_packet,https://go.boarddocs.com/fl/glad/Board.nsf/Download-AgendaDetailed?open&id=DK4KUR539AE5
Glades County School District,2025-08-07,board_agenda_packet,https://go.boarddocs.com/fl/glad/Board.nsf/Download-AgendaDetailed?open&id=DJPKPY52E5CD
Glades County School District,2025-08-21,board_agenda_packet,https://go.boarddocs.com/fl/glad/Board.nsf/Download-AgendaDetailed?open&id=DK4R4M6C320A
Glades County School District,2025-09-04,board_agenda_packet,https://go.boarddocs.com/fl/glad/Board.nsf/Download-AgendaDetailed?open&id=DJCLLX5725FD
Glades County School District,2025-09-04,board_agenda_packet,https://go.boarddocs.com/fl/glad/Board.nsf/Download-AgendaDetailed?open&id=DKHMMP58045F
Glades County School District,2025-09-18,board_agenda_packet,https://go.boarddocs.com/fl/glad/Board.nsf/Download-AgendaDetailed?open&id=DKYHGV484CA7
Glades County School District,2025-09-30,board_agenda_packet,https://go.boarddocs.com/fl/glad/Board.nsf/Download-AgendaDetailed?open&id=DLEGR44500A0
Glades County School District,2025-10-09,board_agenda_packet,https://go.boarddocs.com/fl/glad/Board.nsf/Download-AgendaDetailed?open&id=DLBJAT4C49A1
Glades County School District,2025-10-23,board_agenda_packet,https://go.boarddocs.com/fl/glad/Board.nsf/Download-AgendaDetailed?open&id=DMGNGG5E1C9F
Glades County School District,2025-11-18,board_agenda_packet,https://go.boarddocs.com/fl/glad/Board.nsf/Download-AgendaDetailed?open&id=DNAK2W4FD175
Glades County School District,2025-11-18,board_agenda_packet,https://go.boarddocs.com/fl/glad/Board.nsf/Download-AgendaDetailed?open&id=DNAK6U506158
Glades County School District,2025-11-18,board_agenda_packet,https://go.boarddocs.com/fl/glad/Board.nsf/Download-AgendaDetailed?open&id=DNAPE364342B
Glades County School District,2025-12-11,board_agenda_packet,https://go.boarddocs.com/fl/glad/Board.nsf/Download-AgendaDetailed?open&id=DNMJY24F659E
Glades County School District,2025-12-22,board_agenda_packet,https://go.boarddocs.com/fl/glad/Board.nsf/Download-AgendaDetailed?open&id=DPDN4U5E2A75
Glades County School District,2026-01-08,board_agenda_packet,https://go.boarddocs.com/fl/glad/Board.nsf/Download-AgendaDetailed?open&id=DPDJV74EF903
Glades County School District,2026-01-22,board_agenda_packet,https://go.boarddocs.com/fl/glad/Board.nsf/Download-AgendaDetailed?open&id=DQ9Q6967BF23
Glades County School District,2026-02-05,board_agenda_packet,https://go.boarddocs.com/fl/glad/Board.nsf/Download-AgendaDetailed?open&id=DQQRKL6E34DB
Glades County School District,2026-02-05,board_agenda_packet,https://go.boarddocs.com/fl/glad/Board.nsf/Download-AgendaDetailed?open&id=DQRPQ965B0E9
Glades County School District,2026-02-19,board_agenda_packet,https://go.boarddocs.com/fl/glad/Board.nsf/Download-AgendaDetailed?open&id=DR5NB75F1784
Glades County School District,2026-03-12,board_agenda_packet,https://go.boarddocs.com/fl/glad/Board.nsf/Download-AgendaDetailed?open&id=DRLP26627220
Glades County School District,2026-03-24,board_agenda_packet,https://go.boarddocs.com/fl/glad/Board.nsf/Download-AgendaDetailed?open&id=DS5M6K59BA1D
Glades County School District,2026-04-07,board_agenda_packet,https://go.boarddocs.com/fl/glad/Board.nsf/Download-AgendaDetailed?open&id=DSHKJ7520C87
Glades County School District,2026-04-07,board_agenda_packet,https://go.boarddocs.com/fl/glad/Board.nsf/Download-AgendaDetailed?open&id=DSHM8L5A06B5
Glades County School District,2026-04-23,board_agenda_packet,https://go.boarddocs.com/fl/glad/Board.nsf/Download-AgendaDetailed?open&id=DSXP4362BD22
Glades County School District,2026-04-23,board_agenda_packet,https://go.boarddocs.com/fl/glad/Board.nsf/Download-AgendaDetailed?open&id=DSXP5X62C4B3
Glades County School District,2026-05-07,board_agenda_packet,https://go.boarddocs.com/fl/glad/Board.nsf/Download-AgendaDetailed?open&id=DTKGHQ43ED01
Glades County School District,2026-05-21,board_agenda_packet,https://go.boarddocs.com/fl/glad/Board.nsf/Download-AgendaDetailed?open&id=DTZK4850026B
Glades County School District,2026-06-25,board_agenda_packet,https://go.boarddocs.com/fl/glad/Board.nsf/Download-AgendaDetailed?open&id=DUGNAM5E8AD0
Glades County School District,2026-06-25,board_agenda_packet,https://go.boarddocs.com/fl/glad/Board.nsf/Download-AgendaDetailed?open&id=DUGND75ECB0B
Glades County School District,2026-07-09,board_agenda_packet,https://go.boarddocs.com/fl/glad/Board.nsf/Download-AgendaDetailed?open&id=DVJFMU3FD761
Glades County School District,2026-07-23,board_agenda_packet,https://go.boarddocs.com/fl/glad/Board.nsf/Download-AgendaDetailed?open&id=DVJHBR47BC9E
Glades County School District,2026-07-23,board_agenda_packet,https://go.boarddocs.com/fl/glad/Board.nsf/Download-AgendaDetailed?open&id=DW2HFK484BB6
Glades County School District,2026-08-03,board_agenda_packet,https://go.boarddocs.com/fl/glad/Board.nsf/Download-AgendaDetailed?open&id=DUVM7959D23E
Glades County School District,2026-08-03,board_agenda_packet,https://go.boarddocs.com/fl/glad/Board.nsf/Download-AgendaDetailed?open&id=DWDNHG600327
Glades County School District,2026-08-20,board_agenda_packet,https://go.boarddocs.com/fl/glad/Board.nsf/Download-AgendaDetailed?open&id=DWMQ4H677CAC
Glades County School District,2026-08-27,board_agenda_packet,https://go.boarddocs.com/fl/glad/Board.nsf/Download-AgendaDetailed?open&id=DX6FQM403F65
Hardee County School District,2025-03-17,board_agenda_packet,https://go.boarddocs.com/fl/hardee/Board.nsf/Download-AgendaDetailed?open&id=DEAMXS5D6C6E
Hardee County School District,2025-04-03,board_agenda_packet,https://go.boarddocs.com/fl/hardee/Board.nsf/Download-AgendaDetailed?open&id=DFBR266BBD87
Hardee County School District,2025-04-10,board_agenda_packet,https://go.boarddocs.com/fl/hardee/Board.nsf/Download-AgendaDetailed?open&id=DEVLFA56510F
Hardee County School District,2025-04-10,board_agenda_packet,https://go.boarddocs.com/fl/hardee/Board.nsf/Download-AgendaDetailed?open&id=DEVLGT566BD9
Hardee County School District,2025-04-21,board_agenda_packet,https://go.boarddocs.com/fl/hardee/Board.nsf/Download-AgendaDetailed?open&id=DFQKWB53D4C1
Hardee County School District,2025-05-05,board_agenda_packet,https://go.boarddocs.com/fl/hardee/Board.nsf/Download-AgendaDetailed?open&id=DFZQUE6AFD1A
Hardee County School District,2025-05-22,board_agenda_packet,https://go.boarddocs.com/fl/hardee/Board.nsf/Download-AgendaDetailed?open&id=DGEQUD6AF638
Hardee County School District,2025-06-09,board_agenda_packet,https://go.boarddocs.com/fl/hardee/Board.nsf/Download-AgendaDetailed?open&id=DGWR556C448E
Hardee County School District,2025-06-09,board_agenda_packet,https://go.boarddocs.com/fl/hardee/Board.nsf/Download-AgendaDetailed?open&id=DHAKQL52FED2
Hardee County School District,2025-06-26,board_agenda_packet,https://go.boarddocs.com/fl/hardee/Board.nsf/Download-AgendaDetailed?open&id=DHGPES644F33
Hardee County School District,2025-06-26,board_agenda_packet,https://go.boarddocs.com/fl/hardee/Board.nsf/Download-AgendaDetailed?open&id=DHGPLL652887
Hardee County School District,2025-07-10,board_agenda_packet,https://go.boarddocs.com/fl/hardee/Board.nsf/Download-AgendaDetailed?open&id=DHPPV36666D4
Hardee County School District,2025-07-22,board_agenda_packet,https://go.boarddocs.com/fl/hardee/Board.nsf/Download-AgendaDetailed?open&id=DJLRSP6F51FB
Hardee County School District,2025-07-24,board_agenda_packet,https://go.boarddocs.com/fl/hardee/Board.nsf/Download-AgendaDetailed?open&id=DHGPGP649604
Hardee County School District,2025-07-28,board_agenda_packet,https://go.boarddocs.com/fl/hardee/Board.nsf/Download-AgendaDetailed?open&id=DJY6HA14FC03
Hardee County School District,2025-08-14,board_agenda_packet,https://go.boarddocs.com/fl/hardee/Board.nsf/Download-AgendaDetailed?open&id=DK2LQX57B911
Hardee County School District,2025-08-20,board_agenda_packet,https://go.boarddocs.com/fl/hardee/Board.nsf/Download-AgendaDetailed?open&id=DKPG834282E8
Hardee County School District,2025-08-28,board_agenda_packet,https://go.boarddocs.com/fl/hardee/Board.nsf/Download-AgendaDetailed?open&id=DKCHFB4842CB
Hardee County School District,2025-09-08,board_agenda_packet,https://go.boarddocs.com/fl/hardee/Board.nsf/Download-AgendaDetailed?open&id=DKYQ2366E8E7
Hardee County School District,2025-09-08,board_agenda_packet,https://go.boarddocs.com/fl/hardee/Board.nsf/Download-AgendaDetailed?open&id=DKZJJA4A2183
Hardee County School District,2025-09-15,board_agenda_packet,https://go.boarddocs.com/fl/hardee/Board.nsf/Download-AgendaDetailed?open&id=DLVGJ8440017
Hardee County School District,2025-09-22,board_agenda_packet,https://go.boarddocs.com/fl/hardee/Board.nsf/Download-AgendaDetailed?open&id=DLDGH843D9A9
Hardee County School District,2025-10-09,board_agenda_packet,https://go.boarddocs.com/fl/hardee/Board.nsf/Download-AgendaDetailed?open&id=DLKHLK4907D1
Hardee County School District,2025-10-23,board_agenda_packet,https://go.boarddocs.com/fl/hardee/Board.nsf/Download-AgendaDetailed?open&id=D92KL6525736
Hardee County School District,2025-10-23,board_agenda_packet,https://go.boarddocs.com/fl/hardee/Board.nsf/Download-AgendaDetailed?open&id=DLUG8K4295FF
Hardee County School District,2025-10-27,board_agenda_packet,https://go.boarddocs.com/fl/hardee/Board.nsf/Download-AgendaDetailed?open&id=DMUG9N42BEA5
Hardee County School District,2025-11-13,board_agenda_packet,https://go.boarddocs.com/fl/hardee/Board.nsf/Download-AgendaDetailed?open&id=DKHKNC52A7F3
Hardee County School District,2025-11-13,board_agenda_packet,https://go.boarddocs.com/fl/hardee/Board.nsf/Download-AgendaDetailed?open&id=DMALAW5594C2
Hardee County School District,2025-11-13,board_agenda_packet,https://go.boarddocs.com/fl/hardee/Board.nsf/Download-AgendaDetailed?open&id=DN7HQL499E95
Hardee County School District,2025-11-13,board_agenda_packet,https://go.boarddocs.com/fl/hardee/Board.nsf/Download-AgendaDetailed?open&id=DN7HV34A45AD
Hardee County School District,2025-11-13,board_agenda_packet,https://go.boarddocs.com/fl/hardee/Board.nsf/Download-AgendaDetailed?open&id=DNDHR7495B0C
Hardee County School District,2025-12-02,board_agenda_packet,https://go.boarddocs.com/fl/hardee/Board.nsf/Download-AgendaDetailed?open&id=DNXHNV495E54
Hardee County School District,2025-12-09,board_agenda_packet,https://go.boarddocs.com/fl/hardee/Board.nsf/Download-AgendaDetailed?open&id=DP6J3649E2F9
Hardee County School District,2025-12-11,board_agenda_packet,https://go.boarddocs.com/fl/hardee/Board.nsf/Download-AgendaDetailed?open&id=DMFQQG6A6A36
Hardee County School District,2026-01-08,board_agenda_packet,https://go.boarddocs.com/fl/hardee/Board.nsf/Download-AgendaDetailed?open&id=DPGHQE49961B
Hardee County School District,2026-01-08,board_agenda_packet,https://go.boarddocs.com/fl/hardee/Board.nsf/Download-AgendaDetailed?open&id=DQSMXC5D5BC3
Hardee County School District,2026-01-22,board_agenda_packet,https://go.boarddocs.com/fl/hardee/Board.nsf/Download-AgendaDetailed?open&id=DNJHQX49AB8D
Hardee County School District,2026-01-30,board_agenda_packet,https://go.boarddocs.com/fl/hardee/Board.nsf/Download-AgendaDetailed?open&id=DQRQES68FE22
Hardee County School District,2026-02-12,board_agenda_packet,https://go.boarddocs.com/fl/hardee/Board.nsf/Download-AgendaDetailed?open&id=DQPSSB740D3B
Hardee County School District,2026-02-26,board_agenda_packet,https://go.boarddocs.com/fl/hardee/Board.nsf/Download-AgendaDetailed?open&id=DR7RZK706F72
Hardee County School District,2026-03-12,board_agenda_packet,https://go.boarddocs.com/fl/hardee/Board.nsf/Download-AgendaDetailed?open&id=DRPLUB583A92
Hardee County School District,2026-03-26,board_agenda_packet,https://go.boarddocs.com/fl/hardee/Board.nsf/Download-AgendaDetailed?open&id=DR7LCQ55F1AA
Hardee County School District,2026-04-09,board_agenda_packet,https://go.boarddocs.com/fl/hardee/Board.nsf/Download-AgendaDetailed?open&id=DSGJ824BE13E
Hardee County School District,2026-04-09,board_agenda_packet,https://go.boarddocs.com/fl/hardee/Board.nsf/Download-AgendaDetailed?open&id=DSRSA971B46B
Hardee County School District,2026-04-23,board_agenda_packet,https://go.boarddocs.com/fl/hardee/Board.nsf/Download-AgendaDetailed?open&id=DSWHDA47F6E3
Hardee County School District,2026-05-12,board_agenda_packet,https://go.boarddocs.com/fl/hardee/Board.nsf/Download-AgendaDetailed?open&id=DTLQPS6A302F
Hardee County School District,2026-05-14,board_agenda_packet,https://go.boarddocs.com/fl/hardee/Board.nsf/Download-AgendaDetailed?open&id=DSGJ474B515D
Hardee County School District,2026-05-28,board_agenda_packet,https://go.boarddocs.com/fl/hardee/Board.nsf/Download-AgendaDetailed?open&id=DTFHXH4AA171
Hardee County School District,2026-06-08,board_agenda_packet,https://go.boarddocs.com/fl/hardee/Board.nsf/Download-AgendaDetailed?open&id=DUML5254D195
Hardee County School District,2026-06-08,board_agenda_packet,https://go.boarddocs.com/fl/hardee/Board.nsf/Download-AgendaDetailed?open&id=DUMLFU56663E
Hardee County School District,2026-06-25,board_agenda_packet,https://go.boarddocs.com/fl/hardee/Board.nsf/Download-AgendaDetailed?open&id=DUML6M54F12B
Hardee County School District,2026-07-09,board_agenda_packet,https://go.boarddocs.com/fl/hardee/Board.nsf/Download-AgendaDetailed?open&id=DUVMKH5B7928
Hardee County School District,2026-07-09,board_agenda_packet,https://go.boarddocs.com/fl/hardee/Board.nsf/Download-AgendaDetailed?open&id=DVLR9Q6CF0A6
Hardee County School District,2026-07-09,board_agenda_packet,https://go.boarddocs.com/fl/hardee/Board.nsf/Download-AgendaDetailed?open&id=DWFQBA687B1C
Hardee County School District,2026-07-21,board_agenda_packet,https://go.boarddocs.com/fl/hardee/Board.nsf/Download-AgendaDetailed?open&id=DW6JE24CC0BF
Hardee County School District,2026-07-23,board_agenda_packet,https://go.boarddocs.com/fl/hardee/Board.nsf/Download-AgendaDetailed?open&id=DVTKDB515711
Hardee County School District,2026-07-27,board_agenda_packet,https://go.boarddocs.com/fl/hardee/Board.nsf/Download-AgendaDetailed?open&id=DW7KRR532A5B
Hardee County School District,2026-08-13,board_agenda_packet,https://go.boarddocs.com/fl/hardee/Board.nsf/Download-AgendaDetailed?open&id=DW2H6U4703A2
Hardee County School District,2026-08-27,board_agenda_packet,https://go.boarddocs.com/fl/hardee/Board.nsf/Download-AgendaDetailed?open&id=DX3LFK565C42
Hendry County School District,2025-04-01,board_agenda_packet,https://go.boarddocs.com/fl/hendry/Board.nsf/Download-AgendaDetailed?open&id=D5PGRH44E161
Hendry County School District,2025-04-15,board_agenda_packet,https://go.boarddocs.com/fl/hendry/Board.nsf/Download-AgendaDetailed?open&id=D5PH6Q456BF7
Hendry County School District,2025-05-06,board_agenda_packet,https://go.boarddocs.com/fl/hendry/Board.nsf/Download-AgendaDetailed?open&id=D5PG9F42B608
Hendry County School District,2025-05-20,board_agenda_packet,https://go.boarddocs.com/fl/hendry/Board.nsf/Download-AgendaDetailed?open&id=D5PH5T456AB9
Hendry County School District,2025-06-17,board_agenda_packet,https://go.boarddocs.com/fl/hendry/Board.nsf/Download-AgendaDetailed?open&id=D5PH8Q45F5D6
Hendry County School District,2025-07-15,board_agenda_packet,https://go.boarddocs.com/fl/hendry/Board.nsf/Download-AgendaDetailed?open&id=DH4QHV697231
Hendry County School District,2025-07-15,board_agenda_packet,https://go.boarddocs.com/fl/hendry/Board.nsf/Download-AgendaDetailed?open&id=DHSKMY529B97
Hendry County School District,2025-07-29,board_agenda_packet,https://go.boarddocs.com/fl/hendry/Board.nsf/Download-AgendaDetailed?open&id=DH4QLJ69C3A1
Hendry County School District,2025-08-19,board_agenda_packet,https://go.boarddocs.com/fl/hendry/Board.nsf/Download-AgendaDetailed?open&id=DH4QT26AC3D4
Hendry County School District,2025-09-09,board_agenda_packet,https://go.boarddocs.com/fl/hendry/Board.nsf/Download-AgendaDetailed?open&id=DH4QTQ6AE217
Hendry County School District,2025-09-09,board_agenda_packet,https://go.boarddocs.com/fl/hendry/Board.nsf/Download-AgendaDetailed?open&id=DKQLTM582047
Hendry County School District,2025-10-02,board_agenda_packet,https://go.boarddocs.com/fl/hendry/Board.nsf/Download-AgendaDetailed?open&id=DLYGY7460BA2
Hendry County School District,2025-10-21,board_agenda_packet,https://go.boarddocs.com/fl/hendry/Board.nsf/Download-AgendaDetailed?open&id=DL7GT6454D87
Hendry County School District,2025-10-21,board_agenda_packet,https://go.boarddocs.com/fl/hendry/Board.nsf/Download-AgendaDetailed?open&id=DL7GVC45A13B
Hendry County School District,2025-11-18,board_agenda_packet,https://go.boarddocs.com/fl/hendry/Board.nsf/Download-AgendaDetailed?open&id=DH4QYH6B77D2
Hendry County School District,2025-11-18,board_agenda_packet,https://go.boarddocs.com/fl/hendry/Board.nsf/Download-AgendaDetailed?open&id=DN3Q6967BED4
Hendry County School District,2025-12-16,board_agenda_packet,https://go.boarddocs.com/fl/hendry/Board.nsf/Download-AgendaDetailed?open&id=DH4QYW6BA6CD
Hendry County School District,2026-01-20,board_agenda_packet,https://go.boarddocs.com/fl/hendry/Board.nsf/Download-AgendaDetailed?open&id=DH4R4M6C31C2
Hendry County School District,2026-02-17,board_agenda_packet,https://go.boarddocs.com/fl/hendry/Board.nsf/Download-AgendaDetailed?open&id=DH4R6T6C836E
Hendry County School District,2026-03-03,board_agenda_packet,https://go.boarddocs.com/fl/hendry/Board.nsf/Download-AgendaDetailed?open&id=DH4R7Z6CB0F8
Hendry County School District,2026-03-27,board_agenda_packet,https://go.boarddocs.com/fl/hendry/Board.nsf/Download-AgendaDetailed?open&id=DRPNKK604317
Hendry County School District,2026-04-21,board_agenda_packet,https://go.boarddocs.com/fl/hendry/Board.nsf/Download-AgendaDetailed?open&id=DH4RCP6D6004
Hendry County School District,2026-05-19,board_agenda_packet,https://go.boarddocs.com/fl/hendry/Board.nsf/Download-AgendaDetailed?open&id=DH4RHV6E22CB
Hendry County School District,2026-06-16,board_agenda_packet,https://go.boarddocs.com/fl/hendry/Board.nsf/Download-AgendaDetailed?open&id=DH4RJR6E30FB
Hendry County School District,2026-07-14,board_agenda_packet,https://go.boarddocs.com/fl/hendry/Board.nsf/Download-AgendaDetailed?open&id=DSWNXY610DF9
Hendry County School District,2026-07-28,board_agenda_packet,https://go.boarddocs.com/fl/hendry/Board.nsf/Download-AgendaDetailed?open&id=DSWNN76061F7
Hendry County School District,2026-08-18,board_agenda_packet,https://go.boarddocs.com/fl/hendry/Board.nsf/Download-AgendaDetailed?open&id=DWDHUE4A2DD2
Hendry County School District,2026-08-18,board_agenda_packet,https://go.boarddocs.com/fl/hendry/Board.nsf/Download-AgendaDetailed?open&id=DWXAW2299AEE
School Board of Highlands County,2025-03-25,board_agenda_packet,https://go.boarddocs.com/fl/highlfl/Board.nsf/Download-AgendaDetailed?open&id=DA5KX653F533
School Board of Highlands County,2025-04-08,board_agenda_packet,https://go.boarddocs.com/fl/highlfl/Board.nsf/Download-AgendaDetailed?open&id=DE8Q6A67BF6B
School Board of Highlands County,2025-04-22,board_agenda_packet,https://go.boarddocs.com/fl/highlfl/Board.nsf/Download-AgendaDetailed?open&id=DA5L3U544357
School Board of Highlands County,2025-04-28,board_agenda_packet,https://go.boarddocs.com/fl/highlfl/Board.nsf/Download-AgendaDetailed?open&id=DFRS4U70DC3A
School Board of Highlands County,2025-05-06,board_agenda_packet,https://go.boarddocs.com/fl/highlfl/Board.nsf/Download-AgendaDetailed?open&id=DA5LBS546451
School Board of Highlands County,2025-05-06,board_agenda_packet,https://go.boarddocs.com/fl/highlfl/Board.nsf/Download-AgendaDetailed?open&id=DFHRAS6CE357
School Board of Highlands County,2025-05-13,board_agenda_packet,https://go.boarddocs.com/fl/highlfl/Board.nsf/Download-AgendaDetailed?open&id=DFZP74632CBA
School Board of Highlands County,2025-05-13,board_agenda_packet,https://go.boarddocs.com/fl/highlfl/Board.nsf/Download-AgendaDetailed?open&id=DG6MVY5B0239
School Board of Highlands County,2025-05-19,board_agenda_packet,https://go.boarddocs.com/fl/highlfl/Board.nsf/Download-AgendaDetailed?open&id=DA5LAK5462E7
School Board of Highlands County,2025-05-29,board_agenda_packet,https://go.boarddocs.com/fl/highlfl/Board.nsf/Download-AgendaDetailed?open&id=DGTPVG6675F0
School Board of Highlands County,2025-06-03,board_agenda_packet,https://go.boarddocs.com/fl/highlfl/Board.nsf/Download-AgendaDetailed?open&id=DA5L9A54614F
School Board of Highlands County,2025-06-23,board_agenda_packet,https://go.boarddocs.com/fl/highlfl/Board.nsf/Download-AgendaDetailed?open&id=DHAGY8460D29
School Board of Highlands County,2025-06-24,board_agenda_packet,https://go.boarddocs.com/fl/highlfl/Board.nsf/Download-AgendaDetailed?open&id=DA5L7U545F9D
School Board of Highlands County,2025-07-08,board_agenda_packet,https://go.boarddocs.com/fl/highlfl/Board.nsf/Download-AgendaDetailed?open&id=DA5NNG60BE6D
School Board of Highlands County,2025-07-16,board_agenda_packet,https://go.boarddocs.com/fl/highlfl/Board.nsf/Download-AgendaDetailed?open&id=DHQHJJ48BAEB
School Board of Highlands County,2025-07-22,board_agenda_packet,https://go.boarddocs.com/fl/highlfl/Board.nsf/Download-AgendaDetailed?open&id=DA5NQW60C355
School Board of Highlands County,2025-07-22,board_agenda_packet,https://go.boarddocs.com/fl/highlfl/Board.nsf/Download-AgendaDetailed?open&id=DJ8LH5569663
School Board of Highlands County,2025-07-24,board_agenda_packet,https://go.boarddocs.com/fl/highlfl/Board.nsf/Download-AgendaDetailed?open&id=DHQHKF48DB91
School Board of Highlands County,2025-07-29,board_agenda_packet,https://go.boarddocs.com/fl/highlfl/Board.nsf/Download-AgendaDetailed?open&id=DA5NSH60EBAA
School Board of Highlands County,2025-08-04,board_agenda_packet,https://go.boarddocs.com/fl/highlfl/Board.nsf/Download-AgendaDetailed?open&id=DA5NPP60C090
School Board of Highlands County,2025-08-19,board_agenda_packet,https://go.boarddocs.com/fl/highlfl/Board.nsf/Download-AgendaDetailed?open&id=CXJQH76818F3
School Board of Highlands County,2025-08-19,board_agenda_packet,https://go.boarddocs.com/fl/highlfl/Board.nsf/Download-AgendaDetailed?open&id=DA5L6M545E5D
School Board of Highlands County,2025-08-19,board_agenda_packet,https://go.boarddocs.com/fl/highlfl/Board.nsf/Download-AgendaDetailed?open&id=DK9G4B41F61D
School Board of Highlands County,2025-08-21,board_agenda_packet,https://go.boarddocs.com/fl/highlfl/Board.nsf/Download-AgendaDetailed?open&id=DKNNM460882F
School Board of Highlands County,2025-09-01,board_agenda_packet,https://go.boarddocs.com/fl/highlfl/Board.nsf/Download-AgendaDetailed?open&id=DK4KCA50BA4D
School Board of Highlands County,2025-09-03,board_agenda_packet,https://go.boarddocs.com/fl/highlfl/Board.nsf/Download-AgendaDetailed?open&id=DK4KS3533606
School Board of Highlands County,2025-09-03,board_agenda_packet,https://go.boarddocs.com/fl/highlfl/Board.nsf/Download-AgendaDetailed?open&id=DKVKVC53A0B0
School Board of Highlands County,2025-09-09,board_agenda_packet,https://go.boarddocs.com/fl/highlfl/Board.nsf/Download-AgendaDetailed?open&id=DA5NRM6134E9
School Board of Highlands County,2025-09-09,board_agenda_packet,https://go.boarddocs.com/fl/highlfl/Board.nsf/Download-AgendaDetailed?open&id=DA5NYR6125C2
School Board of Highlands County,2025-09-09,board_agenda_packet,https://go.boarddocs.com/fl/highlfl/Board.nsf/Download-AgendaDetailed?open&id=DKNNE95F679F
School Board of Highlands County,2025-09-23,board_agenda_packet,https://go.boarddocs.com/fl/highlfl/Board.nsf/Download-AgendaDetailed?open&id=DKNNY361FAF9
School Board of Highlands County,2025-09-23,board_agenda_packet,https://go.boarddocs.com/fl/highlfl/Board.nsf/Download-AgendaDetailed?open&id=DL5JTX4EC758
School Board of Highlands County,2025-10-07,board_agenda_packet,https://go.boarddocs.com/fl/highlfl/Board.nsf/Download-AgendaDetailed?open&id=DA5NXJ612459
School Board of Highlands County,2025-10-21,board_agenda_packet,https://go.boarddocs.com/fl/highlfl/Board.nsf/Download-AgendaDetailed?open&id=DA5NWB6122B4
School Board of Highlands County,2025-11-11,board_agenda_packet,https://go.boarddocs.com/fl/highlfl/Board.nsf/Download-AgendaDetailed?open&id=DA5P2T61773B
School Board of Highlands County,2025-11-11,board_agenda_packet,https://go.boarddocs.com/fl/highlfl/Board.nsf/Download-AgendaDetailed?open&id=DLKJ3D4B32C2
School Board of Highlands County,2025-11-11,board_agenda_packet,https://go.boarddocs.com/fl/highlfl/Board.nsf/Download-AgendaDetailed?open&id=DLMND75F62F1
School Board of Highlands County,2025-11-11,board_agenda_packet,https://go.boarddocs.com/fl/highlfl/Board.nsf/Download-AgendaDetailed?open&id=DMVHS3480694
School Board of Highlands County,2025-12-09,board_agenda_packet,https://go.boarddocs.com/fl/highlfl/Board.nsf/Download-AgendaDetailed?open&id=DMVFVR41002E
School Board of Highlands County,2025-12-18,board_agenda_packet,https://go.boarddocs.com/fl/highlfl/Board.nsf/Download-AgendaDetailed?open&id=DP6H2W467101
School Board of Highlands County,2026-01-06,board_agenda_packet,https://go.boarddocs.com/fl/highlfl/Board.nsf/Download-AgendaDetailed?open&id=DMVGK7442423
School Board of Highlands County,2026-01-14,board_agenda_packet,https://go.boarddocs.com/fl/highlfl/Board.nsf/Download-AgendaDetailed?open&id=DPFQJR69937D
School Board of Highlands County,2026-01-20,board_agenda_packet,https://go.boarddocs.com/fl/highlfl/Board.nsf/Download-AgendaDetailed?open&id=DMVGLB444D95
School Board of Highlands County,2026-02-03,board_agenda_packet,https://go.boarddocs.com/fl/highlfl/Board.nsf/Download-AgendaDetailed?open&id=DMVGM3445E5C
School Board of Highlands County,2026-02-03,board_agenda_packet,https://go.boarddocs.com/fl/highlfl/Board.nsf/Download-AgendaDetailed?open&id=DQHP4N62D28F
School Board of Highlands County,2026-02-17,board_agenda_packet,https://go.boarddocs.com/fl/highlfl/Board.nsf/Download-AgendaDetailed?open&id=DMVFW9411330
School Board of Highlands County,2026-02-18,board_agenda_packet,https://go.boarddocs.com/fl/highlfl/Board.nsf/Download-AgendaDetailed?open&id=DR5HUG4A2F6C
School Board of Highlands County,2026-03-10,board_agenda_packet,https://go.boarddocs.com/fl/highlfl/Board.nsf/Download-AgendaDetailed?open&id=DMVGNG447559
School Board of Highlands County,2026-03-24,board_agenda_packet,https://go.boarddocs.com/fl/highlfl/Board.nsf/Download-AgendaDetailed?open&id=DMVGMS446D5B
School Board of Highlands County,2026-03-24,board_agenda_packet,https://go.boarddocs.com/fl/highlfl/Board.nsf/Download-AgendaDetailed?open&id=DRZR3B6C00EA
School Board of Highlands County,2026-03-24,board_agenda_packet,https://go.boarddocs.com/fl/highlfl/Board.nsf/Download-AgendaDetailed?open&id=DRZRVL6FDA78
School Board of Highlands County,2026-03-26,board_agenda_packet,https://go.boarddocs.com/fl/highlfl/Board.nsf/Download-AgendaDetailed?open&id=DRMJE84CC988
School Board of Highlands County,2026-04-07,board_agenda_packet,https://go.boarddocs.com/fl/highlfl/Board.nsf/Download-AgendaDetailed?open&id=DMVGRE450B50
School Board of Highlands County,2026-04-07,board_agenda_packet,https://go.boarddocs.com/fl/highlfl/Board.nsf/Download-AgendaDetailed?open&id=DS2LMQ56046A
School Board of Highlands County,2026-04-21,board_agenda_packet,https://go.boarddocs.com/fl/highlfl/Board.nsf/Download-AgendaDetailed?open&id=DMVGSX45241C
School Board of Highlands County,2026-04-21,board_agenda_packet,https://go.boarddocs.com/fl/highlfl/Board.nsf/Download-AgendaDetailed?open&id=DSXMVE5D139B
School Board of Highlands County,2026-04-21,board_agenda_packet,https://go.boarddocs.com/fl/highlfl/Board.nsf/Download-AgendaDetailed?open&id=DSXMWG5D3B74
School Board of Highlands County,2026-05-01,board_agenda_packet,https://go.boarddocs.com/fl/highlfl/Board.nsf/Download-AgendaDetailed?open&id=DTDNYA622F1E
School Board of Highlands County,2026-05-05,board_agenda_packet,https://go.boarddocs.com/fl/highlfl/Board.nsf/Download-AgendaDetailed?open&id=DMVGVJ45462A
School Board of Highlands County,2026-05-05,board_agenda_packet,https://go.boarddocs.com/fl/highlfl/Board.nsf/Download-AgendaDetailed?open&id=DTMH2G4660BA
School Board of Highlands County,2026-05-11,board_agenda_packet,https://go.boarddocs.com/fl/highlfl/Board.nsf/Download-AgendaDetailed?open&id=DTNVHC80CEF6
School Board of Highlands County,2026-05-19,board_agenda_packet,https://go.boarddocs.com/fl/highlfl/Board.nsf/Download-AgendaDetailed?open&id=DMVGW945580C
School Board of Highlands County,2026-05-20,board_agenda_packet,https://go.boarddocs.com/fl/highlfl/Board.nsf/Download-AgendaDetailed?open&id=DSXMWV5D49A7
School Board of Highlands County,2026-05-20,board_agenda_packet,https://go.boarddocs.com/fl/highlfl/Board.nsf/Download-AgendaDetailed?open&id=DT4KVQ53BD43
School Board of Highlands County,2026-05-26,board_agenda_packet,https://go.boarddocs.com/fl/highlfl/Board.nsf/Download-AgendaDetailed?open&id=DTYT3C75622F
School Board of Highlands County,2026-06-08,board_agenda_packet,https://go.boarddocs.com/fl/highlfl/Board.nsf/Download-AgendaDetailed?open&id=DMVGWX4563C4
School Board of Highlands County,2026-06-18,board_agenda_packet,https://go.boarddocs.com/fl/highlfl/Board.nsf/Download-AgendaDetailed?open&id=DMVGS94516FF
School Board of Highlands County,2026-06-19,board_agenda_packet,https://go.boarddocs.com/fl/highlfl/Board.nsf/Download-AgendaDetailed?open&id=DUUR666C663F
School Board of Highlands County,2026-06-19,board_agenda_packet,https://go.boarddocs.com/fl/highlfl/Board.nsf/Download-AgendaDetailed?open&id=DUUR6C6C6D5A
School Board of Highlands County,2026-07-01,board_agenda_packet,https://go.boarddocs.com/fl/highlfl/Board.nsf/Download-AgendaDetailed?open&id=DV7HEH4823AA
School Board of Highlands County,2026-07-14,board_agenda_packet,https://go.boarddocs.com/fl/highlfl/Board.nsf/Download-AgendaDetailed?open&id=DMVGYN457F57
School Board of Highlands County,2026-07-14,board_agenda_packet,https://go.boarddocs.com/fl/highlfl/Board.nsf/Download-AgendaDetailed?open&id=DUWQLY69E734
School Board of Highlands County,2026-07-14,board_agenda_packet,https://go.boarddocs.com/fl/highlfl/Board.nsf/Download-AgendaDetailed?open&id=DVHJGH4D1F06
School Board of Highlands County,2026-07-22,board_agenda_packet,https://go.boarddocs.com/fl/highlfl/Board.nsf/Download-AgendaDetailed?open&id=DMVH2A45B856
School Board of Highlands County,2026-07-22,board_agenda_packet,https://go.boarddocs.com/fl/highlfl/Board.nsf/Download-AgendaDetailed?open&id=DUWQMQ6A0370
School Board of Highlands County,2026-07-28,board_agenda_packet,https://go.boarddocs.com/fl/highlfl/Board.nsf/Download-AgendaDetailed?open&id=DMVGZE458C7E
School Board of Highlands County,2026-07-28,board_agenda_packet,https://go.boarddocs.com/fl/highlfl/Board.nsf/Download-AgendaDetailed?open&id=DMVH2M45D4A3
School Board of Highlands County,2026-07-28,board_agenda_packet,https://go.boarddocs.com/fl/highlfl/Board.nsf/Download-AgendaDetailed?open&id=DW2M4C596779
School Board of Highlands County,2026-08-11,board_agenda_packet,https://go.boarddocs.com/fl/highlfl/Board.nsf/Download-AgendaDetailed?open&id=DMVGXQ45728B
School Board of Highlands County,2026-08-25,board_agenda_packet,https://go.boarddocs.com/fl/highlfl/Board.nsf/Download-AgendaDetailed?open&id=DMVGXP45F903
School Board of Highlands County,2026-09-01,board_agenda_packet,https://go.boarddocs.com/fl/highlfl/Board.nsf/Download-AgendaDetailed?open&id=DXCQHC695F1E
Hillsborough County Public Schools,2025-03-11,board_agenda_packet,https://go.boarddocs.com/fl/sdhc/Board.nsf/Download-AgendaDetailed?open&id=D9R42A57DB13
Hillsborough County Public Schools,2025-04-08,board_agenda_packet,https://go.boarddocs.com/fl/sdhc/Board.nsf/Download-AgendaDetailed?open&id=D9QLT657EDCA
Hillsborough County Public Schools,2025-04-15,board_agenda_packet,https://go.boarddocs.com/fl/sdhc/Board.nsf/Download-AgendaDetailed?open&id=D9QMVE5CEAD6
Hillsborough County Public Schools,2025-04-22,board_agenda_packet,https://go.boarddocs.com/fl/sdhc/Board.nsf/Download-AgendaDetailed?open&id=D9R44J580C78
Hillsborough County Public Schools,2025-04-29,board_agenda_packet,https://go.boarddocs.com/fl/sdhc/Board.nsf/Download-AgendaDetailed?open&id=DCYMGC5930D4
Hillsborough County Public Schools,2025-05-06,board_agenda_packet,https://go.boarddocs.com/fl/sdhc/Board.nsf/Download-AgendaDetailed?open&id=D9R4645822C8
Hillsborough County Public Schools,2025-05-12,board_agenda_packet,https://go.boarddocs.com/fl/sdhc/Board.nsf/Download-AgendaDetailed?open&id=DG6HU34A20F8
Hillsborough County Public Schools,2025-05-13,board_agenda_packet,https://go.boarddocs.com/fl/sdhc/Board.nsf/Download-AgendaDetailed?open&id=D9QMV55CE89E
Hillsborough County Public Schools,2025-06-02,board_agenda_packet,https://go.boarddocs.com/fl/sdhc/Board.nsf/Download-AgendaDetailed?open&id=D9R457580E5F
Hillsborough County Public Schools,2025-06-17,board_agenda_packet,https://go.boarddocs.com/fl/sdhc/Board.nsf/Download-AgendaDetailed?open&id=D9R47L585F14
Hillsborough County Public Schools,2025-06-24,board_agenda_packet,https://go.boarddocs.com/fl/sdhc/Board.nsf/Download-AgendaDetailed?open&id=DCYMMX59E629
Hillsborough County Public Schools,2025-07-08,board_agenda_packet,https://go.boarddocs.com/fl/sdhc/Board.nsf/Download-AgendaDetailed?open&id=D9QLSH57EBF3
Hillsborough County Public Schools,2025-07-22,board_agenda_packet,https://go.boarddocs.com/fl/sdhc/Board.nsf/Download-AgendaDetailed?open&id=DCYMM459AD01
Hillsborough County Public Schools,2025-07-29,board_agenda_packet,https://go.boarddocs.com/fl/sdhc/Board.nsf/Download-AgendaDetailed?open&id=D9R48L588589
Hillsborough County Public Schools,2025-08-26,board_agenda_packet,https://go.boarddocs.com/fl/sdhc/Board.nsf/Download-AgendaDetailed?open&id=D9R4A7589B5B
Hillsborough County Public Schools,2025-09-09,board_agenda_packet,https://go.boarddocs.com/fl/sdhc/Board.nsf/Download-AgendaDetailed?open&id=D9R4BX58C693
Hillsborough County Public Schools,2025-09-30,board_agenda_packet,https://go.boarddocs.com/fl/sdhc/Board.nsf/Download-AgendaDetailed?open&id=D9R4AU589DE2
Hillsborough County Public Schools,2025-10-07,board_agenda_packet,https://go.boarddocs.com/fl/sdhc/Board.nsf/Download-AgendaDetailed?open&id=DCYMBC5A44F2
Hillsborough County Public Schools,2025-10-14,board_agenda_packet,https://go.boarddocs.com/fl/sdhc/Board.nsf/Download-AgendaDetailed?open&id=D9R4D658E74F
Hillsborough County Public Schools,2025-10-28,board_agenda_packet,https://go.boarddocs.com/fl/sdhc/Board.nsf/Download-AgendaDetailed?open&id=D9R4DV58EC18
Hillsborough County Public Schools,2025-11-18,board_agenda_packet,https://go.boarddocs.com/fl/sdhc/Board.nsf/Download-AgendaDetailed?open&id=D9R57H6200A5
Hillsborough County Public Schools,2025-12-02,board_agenda_packet,https://go.boarddocs.com/fl/sdhc/Board.nsf/Download-AgendaDetailed?open&id=D9QMUR5CE4D7
Hillsborough County Public Schools,2025-12-09,board_agenda_packet,https://go.boarddocs.com/fl/sdhc/Board.nsf/Download-AgendaDetailed?open&id=D9QMWF5CB954
Hillsborough County Public Schools,2025-12-16,board_agenda_packet,https://go.boarddocs.com/fl/sdhc/Board.nsf/Download-AgendaDetailed?open&id=DCYMLX59A959
Hillsborough County Public Schools,2026-01-27,board_agenda_packet,https://go.boarddocs.com/fl/sdhc/Board.nsf/Download-AgendaDetailed?open&id=DM9K5W50422B
Hillsborough County Public Schools,2026-02-10,board_agenda_packet,https://go.boarddocs.com/fl/sdhc/Board.nsf/Download-AgendaDetailed?open&id=DM9KFF51A77C
Hillsborough County Public Schools,2026-02-24,board_agenda_packet,https://go.boarddocs.com/fl/sdhc/Board.nsf/Download-AgendaDetailed?open&id=DM9KGJ51BC34
Hillsborough County Public Schools,2026-03-10,board_agenda_packet,https://go.boarddocs.com/fl/sdhc/Board.nsf/Download-AgendaDetailed?open&id=DM9KHP51CE65
Hillsborough County Public Schools,2026-03-31,board_agenda_packet,https://go.boarddocs.com/fl/sdhc/Board.nsf/Download-AgendaDetailed?open&id=DNCQNS6A2A9B
Hillsborough County Public Schools,2026-04-07,board_agenda_packet,https://go.boarddocs.com/fl/sdhc/Board.nsf/Download-AgendaDetailed?open&id=DM9KJT51DCB0
Hillsborough County Public Schools,2026-04-21,board_agenda_packet,https://go.boarddocs.com/fl/sdhc/Board.nsf/Download-AgendaDetailed?open&id=DM9KRZ52C79D
Hillsborough County Public Schools,2026-04-28,board_agenda_packet,https://go.boarddocs.com/fl/sdhc/Board.nsf/Download-AgendaDetailed?open&id=DM9KSX52DBD0
Hillsborough County Public Schools,2026-05-05,board_agenda_packet,https://go.boarddocs.com/fl/sdhc/Board.nsf/Download-AgendaDetailed?open&id=DMHNHM600956
Hillsborough County Public Schools,2026-05-12,board_agenda_packet,https://go.boarddocs.com/fl/sdhc/Board.nsf/Download-AgendaDetailed?open&id=DMHNJH6028D3
Hillsborough County Public Schools,2026-06-02,board_agenda_packet,https://go.boarddocs.com/fl/sdhc/Board.nsf/Download-AgendaDetailed?open&id=DMHNK56041ED
Holmes District School Board,2025-03-11,board_agenda_packet,https://go.boarddocs.com/fl/hdsb/Board.nsf/Download-AgendaDetailed?open&id=DDKTCS76C387
Holmes District School Board,2025-03-25,board_agenda_packet,https://go.boarddocs.com/fl/hdsb/Board.nsf/Download-AgendaDetailed?open&id=DDZSVT74902E
Holmes District School Board,2025-04-08,board_agenda_packet,https://go.boarddocs.com/fl/hdsb/Board.nsf/Download-AgendaDetailed?open&id=DE9TN8782591
Holmes District School Board,2025-04-22,board_agenda_packet,https://go.boarddocs.com/fl/hdsb/Board.nsf/Download-AgendaDetailed?open&id=DEVTMY781C79
Holmes District School Board,2025-05-13,board_agenda_packet,https://go.boarddocs.com/fl/hdsb/Board.nsf/Download-AgendaDetailed?open&id=DFJN5E5E3E01
Holmes District School Board,2025-05-27,board_agenda_packet,https://go.boarddocs.com/fl/hdsb/Board.nsf/Download-AgendaDetailed?open&id=DFRS3U70BE77
Holmes District School Board,2025-06-10,board_agenda_packet,https://go.boarddocs.com/fl/hdsb/Board.nsf/Download-AgendaDetailed?open&id=DGEKUS539BFC
Holmes District School Board,2025-06-24,board_agenda_packet,https://go.boarddocs.com/fl/hdsb/Board.nsf/Download-AgendaDetailed?open&id=DGMRSN6F6B79
Holmes District School Board,2025-07-08,board_agenda_packet,https://go.boarddocs.com/fl/hdsb/Board.nsf/Download-AgendaDetailed?open&id=DH4MCJ5A9907
Holmes District School Board,2025-07-21,board_agenda_packet,https://go.boarddocs.com/fl/hdsb/Board.nsf/Download-AgendaDetailed?open&id=DHPLFZ566CE2
Holmes District School Board,2025-07-28,board_agenda_packet,https://go.boarddocs.com/fl/hdsb/Board.nsf/Download-AgendaDetailed?open&id=DJKJ9Q4C20AD
Holmes District School Board,2025-08-12,board_agenda_packet,https://go.boarddocs.com/fl/hdsb/Board.nsf/Download-AgendaDetailed?open&id=DJDQSG6AB49B
Holmes District School Board,2025-08-26,board_agenda_packet,https://go.boarddocs.com/fl/hdsb/Board.nsf/Download-AgendaDetailed?open&id=DJKKJX522A6A
Holmes District School Board,2025-09-09,board_agenda_packet,https://go.boarddocs.com/fl/hdsb/Board.nsf/Download-AgendaDetailed?open&id=DKJP3E61C458
Holmes District School Board,2025-09-16,board_agenda_packet,https://go.boarddocs.com/fl/hdsb/Board.nsf/Download-AgendaDetailed?open&id=DKJP5P6253BC
Holmes District School Board,2025-10-14,board_agenda_packet,https://go.boarddocs.com/fl/hdsb/Board.nsf/Download-AgendaDetailed?open&id=DL6JY44F63FE
Holmes District School Board,2025-10-28,board_agenda_packet,https://go.boarddocs.com/fl/hdsb/Board.nsf/Download-AgendaDetailed?open&id=DLSP9D6328B3
Holmes District School Board,2025-11-18,board_agenda_packet,https://go.boarddocs.com/fl/hdsb/Board.nsf/Download-AgendaDetailed?open&id=DM8Q2U673F82
Holmes District School Board,2025-12-09,board_agenda_packet,https://go.boarddocs.com/fl/hdsb/Board.nsf/Download-AgendaDetailed?open&id=DMVP9B638125
Holmes District School Board,2026-01-13,board_agenda_packet,https://go.boarddocs.com/fl/hdsb/Board.nsf/Download-AgendaDetailed?open&id=DNJM6V59C450
Holmes District School Board,2026-01-27,board_agenda_packet,https://go.boarddocs.com/fl/hdsb/Board.nsf/Download-AgendaDetailed?open&id=DP7RAV6D1BCF
Holmes District School Board,2026-02-10,board_agenda_packet,https://go.boarddocs.com/fl/hdsb/Board.nsf/Download-AgendaDetailed?open&id=DQ5PSD6601F4
Holmes District School Board,2026-02-26,board_agenda_packet,https://go.boarddocs.com/fl/hdsb/Board.nsf/Download-AgendaDetailed?open&id=DQ5PTS6631BC
Holmes District School Board,2026-03-10,board_agenda_packet,https://go.boarddocs.com/fl/hdsb/Board.nsf/Download-AgendaDetailed?open&id=DQZQG4691C22
Holmes District School Board,2026-03-31,board_agenda_packet,https://go.boarddocs.com/fl/hdsb/Board.nsf/Download-AgendaDetailed?open&id=DRKQTW6AEB2F
Holmes District School Board,2026-04-14,board_agenda_packet,https://go.boarddocs.com/fl/hdsb/Board.nsf/Download-AgendaDetailed?open&id=DRMNN760B3B5
Holmes District School Board,2026-04-28,board_agenda_packet,https://go.boarddocs.com/fl/hdsb/Board.nsf/Download-AgendaDetailed?open&id=DRMNP760CF1D
Holmes District School Board,2026-05-12,board_agenda_packet,https://go.boarddocs.com/fl/hdsb/Board.nsf/Download-AgendaDetailed?open&id=DSZJYZ4F8988
Holmes District School Board,2026-05-26,board_agenda_packet,https://go.boarddocs.com/fl/hdsb/Board.nsf/Download-AgendaDetailed?open&id=DSZK454FDC91
Holmes District School Board,2026-06-09,board_agenda_packet,https://go.boarddocs.com/fl/hdsb/Board.nsf/Download-AgendaDetailed?open&id=DTSQGW68B27E
Holmes District School Board,2026-06-23,board_agenda_packet,https://go.boarddocs.com/fl/hdsb/Board.nsf/Download-AgendaDetailed?open&id=DU8QDS68D8F5
Holmes District School Board,2026-07-14,board_agenda_packet,https://go.boarddocs.com/fl/hdsb/Board.nsf/Download-AgendaDetailed?open&id=DUPLZY590E81
Holmes District School Board,2026-07-20,board_agenda_packet,https://go.boarddocs.com/fl/hdsb/Board.nsf/Download-AgendaDetailed?open&id=DVXRNV6EDE7D
Holmes District School Board,2026-07-27,board_agenda_packet,https://go.boarddocs.com/fl/hdsb/Board.nsf/Download-AgendaDetailed?open&id=DVDMZH5DAAFB
Holmes District School Board,2026-08-11,board_agenda_packet,https://go.boarddocs.com/fl/hdsb/Board.nsf/Download-AgendaDetailed?open&id=DVDNFP5FC0D7
Holmes District School Board,2026-08-25,board_agenda_packet,https://go.boarddocs.com/fl/hdsb/Board.nsf/Download-AgendaDetailed?open&id=DW8JZP4FA424
School District of Indian River County,2025-03-10,board_agenda_packet,https://go.boarddocs.com/fl/ircs/Board.nsf/Download-AgendaDetailed?open&id=DBLLQR57B321
School District of Indian River County,2025-03-10,board_agenda_packet,https://go.boarddocs.com/fl/ircs/Board.nsf/Download-AgendaDetailed?open&id=DBLLVS587117
School District of Indian River County,2025-03-10,board_agenda_packet,https://go.boarddocs.com/fl/ircs/Board.nsf/Download-AgendaDetailed?open&id=DBLM8E59FC4B
School District of Indian River County,2025-04-14,board_agenda_packet,https://go.boarddocs.com/fl/ircs/Board.nsf/Download-AgendaDetailed?open&id=DBLNPC5DCC37
School District of Indian River County,2025-04-28,board_agenda_packet,https://go.boarddocs.com/fl/ircs/Board.nsf/Download-AgendaDetailed?open&id=DBLNAG5EFCAD
School District of Indian River County,2025-04-28,board_agenda_packet,https://go.boarddocs.com/fl/ircs/Board.nsf/Download-AgendaDetailed?open&id=DBLNAS5EBC09
School District of Indian River County,2025-04-28,board_agenda_packet,https://go.boarddocs.com/fl/ircs/Board.nsf/Download-AgendaDetailed?open&id=DDZSPB730960
School District of Indian River County,2025-05-19,board_agenda_packet,https://go.boarddocs.com/fl/ircs/Board.nsf/Download-AgendaDetailed?open&id=DBLP4L62D101
School District of Indian River County,2025-05-19,board_agenda_packet,https://go.boarddocs.com/fl/ircs/Board.nsf/Download-AgendaDetailed?open&id=DBLP84635372
School District of Indian River County,2025-05-19,board_agenda_packet,https://go.boarddocs.com/fl/ircs/Board.nsf/Download-AgendaDetailed?open&id=DBLPPH656B1C
School District of Indian River County,2025-06-02,board_agenda_packet,https://go.boarddocs.com/fl/ircs/Board.nsf/Download-AgendaDetailed?open&id=DBLPTS6636A4
School District of Indian River County,2025-06-16,board_agenda_packet,https://go.boarddocs.com/fl/ircs/Board.nsf/Download-AgendaDetailed?open&id=DBLQ2S670A79
School District of Indian River County,2025-06-16,board_agenda_packet,https://go.boarddocs.com/fl/ircs/Board.nsf/Download-AgendaDetailed?open&id=DE2K2S4FCCD9
School District of Indian River County,2025-07-15,board_agenda_packet,https://go.boarddocs.com/fl/ircs/Board.nsf/Download-AgendaDetailed?open&id=DBLQXG6A92CE
School District of Indian River County,2025-07-15,board_agenda_packet,https://go.boarddocs.com/fl/ircs/Board.nsf/Download-AgendaDetailed?open&id=DE2KBP505806
School District of Indian River County,2025-07-15,board_agenda_packet,https://go.boarddocs.com/fl/ircs/Board.nsf/Download-AgendaDetailed?open&id=DHTMGA5ADE4E
School District of Indian River County,2025-07-28,board_agenda_packet,https://go.boarddocs.com/fl/ircs/Board.nsf/Download-AgendaDetailed?open&id=DBLQYX6B9C30
School District of Indian River County,2025-07-28,board_agenda_packet,https://go.boarddocs.com/fl/ircs/Board.nsf/Download-AgendaDetailed?open&id=DBLR3V6BED4C
School District of Indian River County,2025-07-28,board_agenda_packet,https://go.boarddocs.com/fl/ircs/Board.nsf/Download-AgendaDetailed?open&id=DBMJLP4DBCB2
School District of Indian River County,2025-07-29,board_agenda_packet,https://go.boarddocs.com/fl/ircs/Board.nsf/Download-AgendaDetailed?open&id=DJWNUP61A80D
School District of Indian River County,2025-08-25,board_agenda_packet,https://go.boarddocs.com/fl/ircs/Board.nsf/Download-AgendaDetailed?open&id=DBMK6N505D56
School District of Indian River County,2025-08-25,board_agenda_packet,https://go.boarddocs.com/fl/ircs/Board.nsf/Download-AgendaDetailed?open&id=DBMKGF51C190
School District of Indian River County,2025-09-09,board_agenda_packet,https://go.boarddocs.com/fl/ircs/Board.nsf/Download-AgendaDetailed?open&id=DBMLHQ568942
School District of Indian River County,2025-09-29,board_agenda_packet,https://go.boarddocs.com/fl/ircs/Board.nsf/Download-AgendaDetailed?open&id=DBMMLV5BD1A5
School District of Indian River County,2025-09-29,board_agenda_packet,https://go.boarddocs.com/fl/ircs/Board.nsf/Download-AgendaDetailed?open&id=DBMMNH5C100C
School District of Indian River County,2025-10-13,board_agenda_packet,https://go.boarddocs.com/fl/ircs/Board.nsf/Download-AgendaDetailed?open&id=DBMNGT5FC97A
School District of Indian River County,2025-10-27,board_agenda_packet,https://go.boarddocs.com/fl/ircs/Board.nsf/Download-AgendaDetailed?open&id=DBMNSN615B98
School District of Indian River County,2025-10-27,board_agenda_packet,https://go.boarddocs.com/fl/ircs/Board.nsf/Download-AgendaDetailed?open&id=DBMNUF619DB7
School District of Indian River County,2025-11-17,board_agenda_packet,https://go.boarddocs.com/fl/ircs/Board.nsf/Download-AgendaDetailed?open&id=DBMPNS657B1D
School District of Indian River County,2025-11-17,board_agenda_packet,https://go.boarddocs.com/fl/ircs/Board.nsf/Download-AgendaDetailed?open&id=DBMRD56D7037
School District of Indian River County,2025-11-17,board_agenda_packet,https://go.boarddocs.com/fl/ircs/Board.nsf/Download-AgendaDetailed?open&id=DBMT4M719732
School District of Indian River County,2025-12-01,board_agenda_packet,https://go.boarddocs.com/fl/ircs/Board.nsf/Download-AgendaDetailed?open&id=DBNKKL52418F
School District of Indian River County,2025-12-01,board_agenda_packet,https://go.boarddocs.com/fl/ircs/Board.nsf/Download-AgendaDetailed?open&id=DBNKSZ52E5C4
School District of Indian River County,2025-12-01,board_agenda_packet,https://go.boarddocs.com/fl/ircs/Board.nsf/Download-AgendaDetailed?open&id=DBNLP25773AC
School District of Indian River County,2025-12-17,board_agenda_packet,https://go.boarddocs.com/fl/ircs/Board.nsf/Download-AgendaDetailed?open&id=DNBSMB7353C5
School District of Indian River County,2026-01-12,board_agenda_packet,https://go.boarddocs.com/fl/ircs/Board.nsf/Download-AgendaDetailed?open&id=DMXJ4D4B58FF
School District of Indian River County,2026-01-26,board_agenda_packet,https://go.boarddocs.com/fl/ircs/Board.nsf/Download-AgendaDetailed?open&id=DMXJAB4B9193
School District of Indian River County,2026-01-26,board_agenda_packet,https://go.boarddocs.com/fl/ircs/Board.nsf/Download-AgendaDetailed?open&id=DNQQMS69E8E1
School District of Indian River County,2026-02-02,board_agenda_packet,https://go.boarddocs.com/fl/ircs/Board.nsf/Download-AgendaDetailed?open&id=DNQQDK68D120
School District of Indian River County,2026-02-23,board_agenda_packet,https://go.boarddocs.com/fl/ircs/Board.nsf/Download-AgendaDetailed?open&id=DNQQWP6B53AC
School District of Indian River County,2026-02-23,board_agenda_packet,https://go.boarddocs.com/fl/ircs/Board.nsf/Download-AgendaDetailed?open&id=DNQRFB6DC041
School District of Indian River County,2026-03-16,board_agenda_packet,https://go.boarddocs.com/fl/ircs/Board.nsf/Download-AgendaDetailed?open&id=DNQQGQ694717
School District of Indian River County,2026-03-16,board_agenda_packet,https://go.boarddocs.com/fl/ircs/Board.nsf/Download-AgendaDetailed?open&id=DNQQYY6BA890
School District of Indian River County,2026-03-16,board_agenda_packet,https://go.boarddocs.com/fl/ircs/Board.nsf/Download-AgendaDetailed?open&id=DNQRZV707ACE
School District of Indian River County,2026-04-13,board_agenda_packet,https://go.boarddocs.com/fl/ircs/Board.nsf/Download-AgendaDetailed?open&id=DNQQJK698C08
School District of Indian River County,2026-04-27,board_agenda_packet,https://go.boarddocs.com/fl/ircs/Board.nsf/Download-AgendaDetailed?open&id=DNQQZQ6BC463
School District of Indian River County,2026-04-27,board_agenda_packet,https://go.boarddocs.com/fl/ircs/Board.nsf/Download-AgendaDetailed?open&id=DNQS4870D29E
School District of Indian River County,2026-05-11,board_agenda_packet,https://go.boarddocs.com/fl/ircs/Board.nsf/Download-AgendaDetailed?open&id=DNQQML69FEA3
School District of Indian River County,2026-05-11,board_agenda_packet,https://go.boarddocs.com/fl/ircs/Board.nsf/Download-AgendaDetailed?open&id=DNQR2H6BD99A
School District of Indian River County,2026-05-11,board_agenda_packet,https://go.boarddocs.com/fl/ircs/Board.nsf/Download-AgendaDetailed?open&id=DNQS4Q70E52B
School District of Indian River County,2026-06-01,board_agenda_packet,https://go.boarddocs.com/fl/ircs/Board.nsf/Download-AgendaDetailed?open&id=DNQQV56A2057
School District of Indian River County,2026-06-01,board_agenda_packet,https://go.boarddocs.com/fl/ircs/Board.nsf/Download-AgendaDetailed?open&id=DNQS737100F1
School District of Indian River County,2026-07-14,board_agenda_packet,https://go.boarddocs.com/fl/ircs/Board.nsf/Download-AgendaDetailed?open&id=DNQSPP73ABD3
School District of Indian River County,2026-07-27,board_agenda_packet,https://go.boarddocs.com/fl/ircs/Board.nsf/Download-AgendaDetailed?open&id=DNQQP86A3AA4
School District of Indian River County,2026-07-27,board_agenda_packet,https://go.boarddocs.com/fl/ircs/Board.nsf/Download-AgendaDetailed?open&id=DNQS75713FBD
School District of Indian River County,2026-07-27,board_agenda_packet,https://go.boarddocs.com/fl/ircs/Board.nsf/Download-AgendaDetailed?open&id=DNQSTR7437C9
School District of Indian River County,2026-08-24,board_agenda_packet,https://go.boarddocs.com/fl/ircs/Board.nsf/Download-AgendaDetailed?open&id=DNQQPX6A569C
School District of Indian River County,2026-08-24,board_agenda_packet,https://go.boarddocs.com/fl/ircs/Board.nsf/Download-AgendaDetailed?open&id=DNQS7N715333
Jefferson County Schools,2025-04-14,board_agenda_packet,https://go.boarddocs.com/fl/jcsd/Board.nsf/Download-AgendaDetailed?open&id=DFGQSS6AC149
Jefferson County Schools,2025-04-14,board_agenda_packet,https://go.boarddocs.com/fl/jcsd/Board.nsf/Download-AgendaDetailed?open&id=DFGS2Z70A476
Jefferson County Schools,2025-05-12,board_agenda_packet,https://go.boarddocs.com/fl/jcsd/Board.nsf/Download-AgendaDetailed?open&id=DGALQ8579CBC
Jefferson County Schools,2025-06-23,board_agenda_packet,https://go.boarddocs.com/fl/jcsd/Board.nsf/Download-AgendaDetailed?open&id=DHJJA54B9677
Jefferson County Schools,2025-07-14,board_agenda_packet,https://go.boarddocs.com/fl/jcsd/Board.nsf/Download-AgendaDetailed?open&id=DJCLTL581F08
Jefferson County Schools,2025-07-28,board_agenda_packet,https://go.boarddocs.com/fl/jcsd/Board.nsf/Download-AgendaDetailed?open&id=DJSRXW702F33
Jefferson County Schools,2025-08-11,board_agenda_packet,https://go.boarddocs.com/fl/jcsd/Board.nsf/Download-AgendaDetailed?open&id=DK8MZC5DA0C6
Jefferson County Schools,2025-09-15,board_agenda_packet,https://go.boarddocs.com/fl/jcsd/Board.nsf/Download-AgendaDetailed?open&id=DLBMW75D2D40
Jefferson County Schools,2025-09-15,board_agenda_packet,https://go.boarddocs.com/fl/jcsd/Board.nsf/Download-AgendaDetailed?open&id=DLBPU26636D8
Jefferson County Schools,2025-10-13,board_agenda_packet,https://go.boarddocs.com/fl/jcsd/Board.nsf/Download-AgendaDetailed?open&id=DM7JN84DF5DC
Jefferson County Schools,2025-10-13,board_agenda_packet,https://go.boarddocs.com/fl/jcsd/Board.nsf/Download-AgendaDetailed?open&id=DM7RDR6D87EF
Jefferson County Schools,2025-11-10,board_agenda_packet,https://go.boarddocs.com/fl/jcsd/Board.nsf/Download-AgendaDetailed?open&id=DN3P2K628511
Jefferson County Schools,2025-11-10,board_agenda_packet,https://go.boarddocs.com/fl/jcsd/Board.nsf/Download-AgendaDetailed?open&id=DN3PSN660BFA
Jefferson County Schools,2025-12-08,board_agenda_packet,https://go.boarddocs.com/fl/jcsd/Board.nsf/Download-AgendaDetailed?open&id=DNXL9V5583F1
Jefferson County Schools,2026-01-12,board_agenda_packet,https://go.boarddocs.com/fl/jcsd/Board.nsf/Download-AgendaDetailed?open&id=DQ2MNQ5C18E5
Jefferson County Schools,2026-02-09,board_agenda_packet,https://go.boarddocs.com/fl/jcsd/Board.nsf/Download-AgendaDetailed?open&id=DQTNKB5FFB58
Jefferson County Schools,2026-03-09,board_agenda_packet,https://go.boarddocs.com/fl/jcsd/Board.nsf/Download-AgendaDetailed?open&id=DRSKRG52CB0C
Jefferson County Schools,2026-04-13,board_agenda_packet,https://go.boarddocs.com/fl/jcsd/Board.nsf/Download-AgendaDetailed?open&id=DSVL2854671A
Jefferson County Schools,2026-05-11,board_agenda_packet,https://go.boarddocs.com/fl/jcsd/Board.nsf/Download-AgendaDetailed?open&id=DTQS8H7172F9
Jefferson County Schools,2026-06-08,board_agenda_packet,https://go.boarddocs.com/fl/jcsd/Board.nsf/Download-AgendaDetailed?open&id=DUMLWB5884DB
Jefferson County Schools,2026-06-08,board_agenda_packet,https://go.boarddocs.com/fl/jcsd/Board.nsf/Download-AgendaDetailed?open&id=DUMTRZ78B39B
Jefferson County Schools,2026-06-30,board_agenda_packet,https://go.boarddocs.com/fl/jcsd/Board.nsf/Download-AgendaDetailed?open&id=DVALS557E896
Jefferson County Schools,2026-07-27,board_agenda_packet,https://go.boarddocs.com/fl/jcsd/Board.nsf/Download-AgendaDetailed?open&id=DW5TQU7887A8
Jefferson County Schools,2026-08-24,board_agenda_packet,https://go.boarddocs.com/fl/jcsd/Board.nsf/Download-AgendaDetailed?open&id=DWZSWH74ACB1
Lake County Schools,2025-03-24,board_agenda_packet,https://go.boarddocs.com/fla/lake/Board.nsf/Download-AgendaDetailed?open&id=DDYRNG6ECF3A
Lake County Schools,2025-03-24,board_agenda_packet,https://go.boarddocs.com/fla/lake/Board.nsf/Download-AgendaDetailed?open&id=DEHKXH53EE4E
Lake County Schools,2025-04-14,board_agenda_packet,https://go.boarddocs.com/fla/lake/Board.nsf/Download-AgendaDetailed?open&id=DEUK294FB876
Lake County Schools,2025-04-28,board_agenda_packet,https://go.boarddocs.com/fla/lake/Board.nsf/Download-AgendaDetailed?open&id=DFHLWE57100D
Lake County Schools,2025-05-05,board_agenda_packet,https://go.boarddocs.com/fla/lake/Board.nsf/Download-AgendaDetailed?open&id=DFHQMH69FA70
Lake County Schools,2025-05-12,board_agenda_packet,https://go.boarddocs.com/fla/lake/Board.nsf/Download-AgendaDetailed?open&id=DFXPZ566FF07
Lake County Schools,2025-06-09,board_agenda_packet,https://go.boarddocs.com/fla/lake/Board.nsf/Download-AgendaDetailed?open&id=DGDRDM6D8380
Lake County Schools,2025-06-16,board_agenda_packet,https://go.boarddocs.com/fla/lake/Board.nsf/Download-AgendaDetailed?open&id=DGGPFE63F444
Lake County Schools,2025-06-23,board_agenda_packet,https://go.boarddocs.com/fla/lake/Board.nsf/Download-AgendaDetailed?open&id=DH9QQW6A69ED
Lake County Schools,2025-07-14,board_agenda_packet,https://go.boarddocs.com/fla/lake/Board.nsf/Download-AgendaDetailed?open&id=DHQDQW36EA14
Lake County Schools,2025-07-28,board_agenda_packet,https://go.boarddocs.com/fla/lake/Board.nsf/Download-AgendaDetailed?open&id=DJCPYP6675F3
Lake County Schools,2025-07-28,board_agenda_packet,https://go.boarddocs.com/fla/lake/Board.nsf/Download-AgendaDetailed?open&id=DJKMHA5B4CCA
Lake County Schools,2025-08-11,board_agenda_packet,https://go.boarddocs.com/fla/lake/Board.nsf/Download-AgendaDetailed?open&id=DJTDYD380215
Lake County Schools,2025-08-25,board_agenda_packet,https://go.boarddocs.com/fla/lake/Board.nsf/Download-AgendaDetailed?open&id=DK9FBV3E6169
Lake County Schools,2025-09-03,board_agenda_packet,https://go.boarddocs.com/fla/lake/Board.nsf/Download-AgendaDetailed?open&id=DKHPAD63A80C
Lake County Schools,2025-09-08,board_agenda_packet,https://go.boarddocs.com/fla/lake/Board.nsf/Download-AgendaDetailed?open&id=DKPK3L4FEB2B
Lake County Schools,2025-09-08,board_agenda_packet,https://go.boarddocs.com/fla/lake/Board.nsf/Download-AgendaDetailed?open&id=DKQMJC5B6C16
Lake County Schools,2025-09-22,board_agenda_packet,https://go.boarddocs.com/fla/lake/Board.nsf/Download-AgendaDetailed?open&id=DL5F5J3D7451
Lake County Schools,2025-09-30,board_agenda_packet,https://go.boarddocs.com/fla/lake/Board.nsf/Download-AgendaDetailed?open&id=DLLFRK406295
Lake County Schools,2025-10-13,board_agenda_packet,https://go.boarddocs.com/fla/lake/Board.nsf/Download-AgendaDetailed?open&id=DLJQVD6B21E0
Lake County Schools,2025-10-27,board_agenda_packet,https://go.boarddocs.com/fla/lake/Board.nsf/Download-AgendaDetailed?open&id=DM7NVH61C6EE
Lake County Schools,2025-11-10,board_agenda_packet,https://go.boarddocs.com/fla/lake/Board.nsf/Download-AgendaDetailed?open&id=DMMPDM641DA0
Lake County Schools,2025-11-10,board_agenda_packet,https://go.boarddocs.com/fla/lake/Board.nsf/Download-AgendaDetailed?open&id=DMMQH76958D0
Lake County Schools,2025-12-08,board_agenda_packet,https://go.boarddocs.com/fla/lake/Board.nsf/Download-AgendaDetailed?open&id=DN4FZ6417F92
Lake County Schools,2025-12-15,board_agenda_packet,https://go.boarddocs.com/fla/lake/Board.nsf/Download-AgendaDetailed?open&id=DN4G7E426AB2
Lake County Schools,2026-01-12,board_agenda_packet,https://go.boarddocs.com/fla/lake/Board.nsf/Download-AgendaDetailed?open&id=DNXQA76816EC
Lake County Schools,2026-01-12,board_agenda_packet,https://go.boarddocs.com/fla/lake/Board.nsf/Download-AgendaDetailed?open&id=DP6LMJ573723
Lake County Schools,2026-01-26,board_agenda_packet,https://go.boarddocs.com/fla/lake/Board.nsf/Download-AgendaDetailed?open&id=DPEMXK5D62A5
Lake County Schools,2026-01-26,board_agenda_packet,https://go.boarddocs.com/fla/lake/Board.nsf/Download-AgendaDetailed?open&id=DQ2S3L70BB01
Lake County Schools,2026-02-02,board_agenda_packet,https://go.boarddocs.com/fla/lake/Board.nsf/Download-AgendaDetailed?open&id=DQ6LRY57E1DF
Lake County Schools,2026-02-09,board_agenda_packet,https://go.boarddocs.com/fla/lake/Board.nsf/Download-AgendaDetailed?open&id=DQDNKF5D8CED
Lake County Schools,2026-02-23,board_agenda_packet,https://go.boarddocs.com/fla/lake/Board.nsf/Download-AgendaDetailed?open&id=DQWSBV71F19A
Lake County Schools,2026-03-09,board_agenda_packet,https://go.boarddocs.com/fla/lake/Board.nsf/Download-AgendaDetailed?open&id=DRPJY74F6B6C
Lake County Schools,2026-03-23,board_agenda_packet,https://go.boarddocs.com/fla/lake/Board.nsf/Download-AgendaDetailed?open&id=DRPJKR4D9850
Lake County Schools,2026-04-13,board_agenda_packet,https://go.boarddocs.com/fla/lake/Board.nsf/Download-AgendaDetailed?open&id=DS5FJT3F657B
Lake County Schools,2026-04-27,board_agenda_packet,https://go.boarddocs.com/fla/lake/Board.nsf/Download-AgendaDetailed?open&id=DSWHP549652E
Lake County Schools,2026-05-04,board_agenda_packet,https://go.boarddocs.com/fla/lake/Board.nsf/Download-AgendaDetailed?open&id=DSVHAS479923
Lake County Schools,2026-05-11,board_agenda_packet,https://go.boarddocs.com/fla/lake/Board.nsf/Download-AgendaDetailed?open&id=DTCGH943DAC9
Lake County Schools,2026-05-27,board_agenda_packet,https://go.boarddocs.com/fla/lake/Board.nsf/Download-AgendaDetailed?open&id=DU7JMW4DEA2A
Lake County Schools,2026-06-08,board_agenda_packet,https://go.boarddocs.com/fla/lake/Board.nsf/Download-AgendaDetailed?open&id=DTRQF9691054
Lake County Schools,2026-06-22,board_agenda_packet,https://go.boarddocs.com/fla/lake/Board.nsf/Download-AgendaDetailed?open&id=DUNGM6446E0D
Lake County Schools,2026-07-07,board_agenda_packet,https://go.boarddocs.com/fla/lake/Board.nsf/Download-AgendaDetailed?open&id=DVDK8L50A671
Lake County Schools,2026-07-13,board_agenda_packet,https://go.boarddocs.com/fla/lake/Board.nsf/Download-AgendaDetailed?open&id=DV3JK54D81BE
Lake County Schools,2026-07-27,board_agenda_packet,https://go.boarddocs.com/fla/lake/Board.nsf/Download-AgendaDetailed?open&id=DVQTD876D4A2
Lake County Schools,2026-07-27,board_agenda_packet,https://go.boarddocs.com/fla/lake/Board.nsf/Download-AgendaDetailed?open&id=DVYHDK4800E0
Lake County Schools,2026-08-10,board_agenda_packet,https://go.boarddocs.com/fla/lake/Board.nsf/Download-AgendaDetailed?open&id=DW6S4270CBF0
Lake County Schools,2026-08-19,board_agenda_packet,https://go.boarddocs.com/fla/lake/Board.nsf/Download-AgendaDetailed?open&id=DWVGE44364DD
Lake County Schools,2026-08-24,board_agenda_packet,https://go.boarddocs.com/fla/lake/Board.nsf/Download-AgendaDetailed?open&id=DWLQVF69A7F9
Lake County Schools,2026-08-31,board_agenda_packet,https://go.boarddocs.com/fla/lake/Board.nsf/Download-AgendaDetailed?open&id=DX5GPK44C860
School District of Lee County,2025-03-24,board_agenda_packet,https://go.boarddocs.com/fl/lee/Board.nsf/Download-AgendaDetailed?open&id=DERQ7D66D1CD
School District of Lee County,2025-04-08,board_agenda_packet,https://go.boarddocs.com/fl/lee/Board.nsf/Download-AgendaDetailed?open&id=DBCSKC729E55
School District of Lee County,2025-04-08,board_agenda_packet,https://go.boarddocs.com/fl/lee/Board.nsf/Download-AgendaDetailed?open&id=DCPQEC68AAF1
School District of Lee County,2025-04-08,board_agenda_packet,https://go.boarddocs.com/fl/lee/Board.nsf/Download-AgendaDetailed?open&id=DEBK3C4FE210
School District of Lee County,2025-04-08,board_agenda_packet,https://go.boarddocs.com/fl/lee/Board.nsf/Download-AgendaDetailed?open&id=DFAP3W622739
School District of Lee County,2025-05-06,board_agenda_packet,https://go.boarddocs.com/fl/lee/Board.nsf/Download-AgendaDetailed?open&id=DBCSLU729FBF
School District of Lee County,2025-05-06,board_agenda_packet,https://go.boarddocs.com/fl/lee/Board.nsf/Download-AgendaDetailed?open&id=DCPQDQ68A914
School District of Lee County,2025-05-06,board_agenda_packet,https://go.boarddocs.com/fl/lee/Board.nsf/Download-AgendaDetailed?open&id=DG6MLF5BC283
School District of Lee County,2025-06-03,board_agenda_packet,https://go.boarddocs.com/fl/lee/Board.nsf/Download-AgendaDetailed?open&id=DBCSGC729984
School District of Lee County,2025-06-03,board_agenda_packet,https://go.boarddocs.com/fl/lee/Board.nsf/Download-AgendaDetailed?open&id=DCPQD2689B9D
School District of Lee County,2025-06-03,board_agenda_packet,https://go.boarddocs.com/fl/lee/Board.nsf/Download-AgendaDetailed?open&id=DGUJ824BE10A
School District of Lee County,2025-07-29,board_agenda_packet,https://go.boarddocs.com/fl/lee/Board.nsf/Download-AgendaDetailed?open&id=DCPQCH6898D6
School District of Lee County,2025-07-29,board_agenda_packet,https://go.boarddocs.com/fl/lee/Board.nsf/Download-AgendaDetailed?open&id=DCPRL66E74B9
School District of Lee County,2025-07-29,board_agenda_packet,https://go.boarddocs.com/fl/lee/Board.nsf/Download-AgendaDetailed?open&id=DGVQRC6A7AA0
School District of Lee County,2025-07-29,board_agenda_packet,https://go.boarddocs.com/fl/lee/Board.nsf/Download-AgendaDetailed?open&id=DGVQSK6A9902
School District of Lee County,2025-08-05,board_agenda_packet,https://go.boarddocs.com/fl/lee/Board.nsf/Download-AgendaDetailed?open&id=DCPRFR6DD32E
School District of Lee County,2025-08-05,board_agenda_packet,https://go.boarddocs.com/fl/lee/Board.nsf/Download-AgendaDetailed?open&id=DCPRR76E9084
School District of Lee County,2025-09-05,board_agenda_packet,https://go.boarddocs.com/fl/lee/Board.nsf/Download-AgendaDetailed?open&id=DKZQLJ69D6B9
School District of Lee County,2025-09-09,board_agenda_packet,https://go.boarddocs.com/fl/lee/Board.nsf/Download-AgendaDetailed?open&id=DCPRJ26DF357
School District of Lee County,2025-09-09,board_agenda_packet,https://go.boarddocs.com/fl/lee/Board.nsf/Download-AgendaDetailed?open&id=DCPRLM6E8830
School District of Lee County,2025-09-09,board_agenda_packet,https://go.boarddocs.com/fl/lee/Board.nsf/Download-AgendaDetailed?open&id=DKHHTJ48DD70
School District of Lee County,2025-10-07,board_agenda_packet,https://go.boarddocs.com/fl/lee/Board.nsf/Download-AgendaDetailed?open&id=DCPRHH6DF167
School District of Lee County,2025-10-07,board_agenda_packet,https://go.boarddocs.com/fl/lee/Board.nsf/Download-AgendaDetailed?open&id=DCPRPP6E8D4B
School District of Lee County,2025-11-04,board_agenda_packet,https://go.boarddocs.com/fl/lee/Board.nsf/Download-AgendaDetailed?open&id=DCPRGY6DEF50
School District of Lee County,2025-11-04,board_agenda_packet,https://go.boarddocs.com/fl/lee/Board.nsf/Download-AgendaDetailed?open&id=DCPRTY6EFB1A
School District of Lee County,2025-11-04,board_agenda_packet,https://go.boarddocs.com/fl/lee/Board.nsf/Download-AgendaDetailed?open&id=DLCLPM577960
School District of Lee County,2025-12-01,board_agenda_packet,https://go.boarddocs.com/fl/lee/Board.nsf/Download-AgendaDetailed?open&id=DCPRGF6DED53
School District of Lee County,2025-12-01,board_agenda_packet,https://go.boarddocs.com/fl/lee/Board.nsf/Download-AgendaDetailed?open&id=DKWQWR6B55F4
School District of Lee County,2025-12-01,board_agenda_packet,https://go.boarddocs.com/fl/lee/Board.nsf/Download-AgendaDetailed?open&id=DNCTZD79C7F8
School District of Lee County,2026-01-13,board_agenda_packet,https://go.boarddocs.com/fl/lee/Board.nsf/Download-AgendaDetailed?open&id=DNEQH46955D0
School District of Lee County,2026-01-13,board_agenda_packet,https://go.boarddocs.com/fl/lee/Board.nsf/Download-AgendaDetailed?open&id=DNEQN469DE43
School District of Lee County,2026-01-23,board_agenda_packet,https://go.boarddocs.com/fl/lee/Board.nsf/Download-AgendaDetailed?open&id=DPFQ45676EDA
School District of Lee County,2026-02-10,board_agenda_packet,https://go.boarddocs.com/fl/lee/Board.nsf/Download-AgendaDetailed?open&id=DQ25YB128069
School District of Lee County,2026-02-10,board_agenda_packet,https://go.boarddocs.com/fl/lee/Board.nsf/Download-AgendaDetailed?open&id=DQ25ZU1287F3
School District of Lee County,2026-03-10,board_agenda_packet,https://go.boarddocs.com/fl/lee/Board.nsf/Download-AgendaDetailed?open&id=DQDKFF51A686
School District of Lee County,2026-03-10,board_agenda_packet,https://go.boarddocs.com/fl/lee/Board.nsf/Download-AgendaDetailed?open&id=DQDKH451AEF9
School District of Lee County,2026-04-01,board_agenda_packet,https://go.boarddocs.com/fl/lee/Board.nsf/Download-AgendaDetailed?open&id=DSNHKX48F00E
School District of Lee County,2026-04-01,board_agenda_packet,https://go.boarddocs.com/fl/lee/Board.nsf/Download-AgendaDetailed?open&id=DSNHLT48F571
School District of Lee County,2026-04-14,board_agenda_packet,https://go.boarddocs.com/fl/lee/Board.nsf/Download-AgendaDetailed?open&id=DRCK7V4F07D6
School District of Lee County,2026-04-14,board_agenda_packet,https://go.boarddocs.com/fl/lee/Board.nsf/Download-AgendaDetailed?open&id=DRCKBW4F1650
School District of Lee County,2026-05-12,board_agenda_packet,https://go.boarddocs.com/fl/lee/Board.nsf/Download-AgendaDetailed?open&id=DRCK6C4F0656
School District of Lee County,2026-05-12,board_agenda_packet,https://go.boarddocs.com/fl/lee/Board.nsf/Download-AgendaDetailed?open&id=DRCKCF4F186F
School District of Lee County,2026-05-12,board_agenda_packet,https://go.boarddocs.com/fl/lee/Board.nsf/Download-AgendaDetailed?open&id=DTKPR364DC3C
School District of Lee County,2026-06-09,board_agenda_packet,https://go.boarddocs.com/fl/lee/Board.nsf/Download-AgendaDetailed?open&id=DRCKCY4F1B08
School District of Lee County,2026-06-09,board_agenda_packet,https://go.boarddocs.com/fl/lee/Board.nsf/Download-AgendaDetailed?open&id=DTLPT7660C9D
School District of Lee County,2026-06-09,board_agenda_packet,https://go.boarddocs.com/fl/lee/Board.nsf/Download-AgendaDetailed?open&id=DTLQJJ698B20
School District of Lee County,2026-06-09,board_agenda_packet,https://go.boarddocs.com/fl/lee/Board.nsf/Download-AgendaDetailed?open&id=DU7RYJ704833
School District of Lee County,2026-07-21,board_agenda_packet,https://go.boarddocs.com/fl/lee/Board.nsf/Download-AgendaDetailed?open&id=DRCJY84EFF66
School District of Lee County,2026-07-21,board_agenda_packet,https://go.boarddocs.com/fl/lee/Board.nsf/Download-AgendaDetailed?open&id=DRCKDH4F1CF0
School District of Lee County,2026-08-03,board_agenda_packet,https://go.boarddocs.com/fl/lee/Board.nsf/Download-AgendaDetailed?open&id=DRCK3A4F0347
School District of Lee County,2026-08-03,board_agenda_packet,https://go.boarddocs.com/fl/lee/Board.nsf/Download-AgendaDetailed?open&id=DRCKE24F1EB2
School District of Lee County,2026-08-03,board_agenda_packet,https://go.boarddocs.com/fl/lee/Board.nsf/Download-AgendaDetailed?open&id=DW2QKP69B5FB
Leon County Schools,2025-03-24,board_agenda_packet,https://go.boarddocs.com/fla/leon/Board.nsf/Download-AgendaDetailed?open&id=DEULYC58D1D4
Leon County Schools,2025-03-25,board_agenda_packet,https://go.boarddocs.com/fla/leon/Board.nsf/Download-AgendaDetailed?open&id=DDRJRZ4E7E96
Leon County Schools,2025-04-07,board_agenda_packet,https://go.boarddocs.com/fla/leon/Board.nsf/Download-AgendaDetailed?open&id=DF9KSZ535912
Leon County Schools,2025-04-08,board_agenda_packet,https://go.boarddocs.com/fla/leon/Board.nsf/Download-AgendaDetailed?open&id=DE3J4Q4B655B
Leon County Schools,2025-04-21,board_agenda_packet,https://go.boarddocs.com/fla/leon/Board.nsf/Download-AgendaDetailed?open&id=DFPKUY53A2A6
Leon County Schools,2025-04-22,board_agenda_packet,https://go.boarddocs.com/fla/leon/Board.nsf/Download-AgendaDetailed?open&id=DEVG2V41BFE8
Leon County Schools,2025-05-12,board_agenda_packet,https://go.boarddocs.com/fla/leon/Board.nsf/Download-AgendaDetailed?open&id=DGCH6P46FF5D
Leon County Schools,2025-05-13,board_agenda_packet,https://go.boarddocs.com/fla/leon/Board.nsf/Download-AgendaDetailed?open&id=DEVGB542F434
Leon County Schools,2025-05-27,board_agenda_packet,https://go.boarddocs.com/fla/leon/Board.nsf/Download-AgendaDetailed?open&id=DEVGC5431B7C
Leon County Schools,2025-06-16,board_agenda_packet,https://go.boarddocs.com/fla/leon/Board.nsf/Download-AgendaDetailed?open&id=DHDTXL73DAE7
Leon County Schools,2025-06-17,board_agenda_packet,https://go.boarddocs.com/fla/leon/Board.nsf/Download-AgendaDetailed?open&id=DGLFYC41497E
Leon County Schools,2025-07-07,board_agenda_packet,https://go.boarddocs.com/fla/leon/Board.nsf/Download-AgendaDetailed?open&id=DJ2HQS49A5C1
Leon County Schools,2025-07-08,board_agenda_packet,https://go.boarddocs.com/fla/leon/Board.nsf/Download-AgendaDetailed?open&id=DGLFYK416A16
Leon County Schools,2025-07-28,board_agenda_packet,https://go.boarddocs.com/fla/leon/Board.nsf/Download-AgendaDetailed?open&id=DJRKHX5204B2
Leon County Schools,2025-07-29,board_agenda_packet,https://go.boarddocs.com/fla/leon/Board.nsf/Download-AgendaDetailed?open&id=DHJPHH616AFA
Leon County Schools,2025-08-11,board_agenda_packet,https://go.boarddocs.com/fla/leon/Board.nsf/Download-AgendaDetailed?open&id=DK8GSK4520D2
Leon County Schools,2025-08-12,board_agenda_packet,https://go.boarddocs.com/fla/leon/Board.nsf/Download-AgendaDetailed?open&id=DJ2HT549DEF6
Leon County Schools,2025-08-25,board_agenda_packet,https://go.boarddocs.com/fla/leon/Board.nsf/Download-AgendaDetailed?open&id=DKMLBU55D097
Leon County Schools,2025-08-26,board_agenda_packet,https://go.boarddocs.com/fla/leon/Board.nsf/Download-AgendaDetailed?open&id=DJ2HVT4A18F6
Leon County Schools,2025-09-08,board_agenda_packet,https://go.boarddocs.com/fla/leon/Board.nsf/Download-AgendaDetailed?open&id=DL3KPQ52DDA5
Leon County Schools,2025-09-09,board_agenda_packet,https://go.boarddocs.com/fla/leon/Board.nsf/Download-AgendaDetailed?open&id=DKAFKC3F79DF
Leon County Schools,2025-09-22,board_agenda_packet,https://go.boarddocs.com/fla/leon/Board.nsf/Download-AgendaDetailed?open&id=DLHGA942D54E
Leon County Schools,2025-09-23,board_agenda_packet,https://go.boarddocs.com/fla/leon/Board.nsf/Download-AgendaDetailed?open&id=DKAFLH3F8746
Leon County Schools,2025-10-13,board_agenda_packet,https://go.boarddocs.com/fla/leon/Board.nsf/Download-AgendaDetailed?open&id=DLXRF26DB7B9
Leon County Schools,2025-10-14,board_agenda_packet,https://go.boarddocs.com/fla/leon/Board.nsf/Download-AgendaDetailed?open&id=DKAG9542AA92
Leon County Schools,2025-10-27,board_agenda_packet,https://go.boarddocs.com/fla/leon/Board.nsf/Download-AgendaDetailed?open&id=DMFNLY6068E2
Leon County Schools,2025-10-28,board_agenda_packet,https://go.boarddocs.com/fla/leon/Board.nsf/Download-AgendaDetailed?open&id=DLNP8H632616
Leon County Schools,2025-11-17,board_agenda_packet,https://go.boarddocs.com/fla/leon/Board.nsf/Download-AgendaDetailed?open&id=DN6PQ965B190
Leon County Schools,2025-11-18,board_agenda_packet,https://go.boarddocs.com/fla/leon/Board.nsf/Download-AgendaDetailed?open&id=DLSK9X50C76E
Leon County Schools,2025-12-08,board_agenda_packet,https://go.boarddocs.com/fla/leon/Board.nsf/Download-AgendaDetailed?open&id=DNXJCV4C973B
Leon County Schools,2025-12-09,board_agenda_packet,https://go.boarddocs.com/fla/leon/Board.nsf/Download-AgendaDetailed?open&id=DMWKUW53A0C2
Leon County Schools,2026-01-12,board_agenda_packet,https://go.boarddocs.com/fla/leon/Board.nsf/Download-AgendaDetailed?open&id=DPVHF8483FA0
Leon County Schools,2026-01-13,board_agenda_packet,https://go.boarddocs.com/fla/leon/Board.nsf/Download-AgendaDetailed?open&id=DNJHML492323
Leon County Schools,2026-01-26,board_agenda_packet,https://go.boarddocs.com/fla/leon/Board.nsf/Download-AgendaDetailed?open&id=DQ2PW36689DB
Leon County Schools,2026-01-26,board_agenda_packet,https://go.boarddocs.com/fla/leon/Board.nsf/Download-AgendaDetailed?open&id=DQGRBJ6D3539
Leon County Schools,2026-01-27,board_agenda_packet,https://go.boarddocs.com/fla/leon/Board.nsf/Download-AgendaDetailed?open&id=DP2LHJ569BF9
Leon County Schools,2026-02-09,board_agenda_packet,https://go.boarddocs.com/fla/leon/Board.nsf/Download-AgendaDetailed?open&id=DQTSPF73A33C
Leon County Schools,2026-02-10,board_agenda_packet,https://go.boarddocs.com/fla/leon/Board.nsf/Download-AgendaDetailed?open&id=DQGJTD4EB72C
Leon County Schools,2026-02-23,board_agenda_packet,https://go.boarddocs.com/fla/leon/Board.nsf/Download-AgendaDetailed?open&id=DRBHWP4A833C
Leon County Schools,2026-02-24,board_agenda_packet,https://go.boarddocs.com/fla/leon/Board.nsf/Download-AgendaDetailed?open&id=DQGJUQ4EE04E
Leon County Schools,2026-03-09,board_agenda_packet,https://go.boarddocs.com/fla/leon/Board.nsf/Download-AgendaDetailed?open&id=DRRKUM5395DC
Leon County Schools,2026-03-10,board_agenda_packet,https://go.boarddocs.com/fla/leon/Board.nsf/Download-AgendaDetailed?open&id=DQYKK4522EE4
Leon County Schools,2026-03-23,board_agenda_packet,https://go.boarddocs.com/fla/leon/Board.nsf/Download-AgendaDetailed?open&id=DS4PTG662B02
Leon County Schools,2026-03-24,board_agenda_packet,https://go.boarddocs.com/fla/leon/Board.nsf/Download-AgendaDetailed?open&id=DQYKLJ525D7A
Leon County Schools,2026-04-13,board_agenda_packet,https://go.boarddocs.com/fla/leon/Board.nsf/Download-AgendaDetailed?open&id=DSTK994652D0
Leon County Schools,2026-04-14,board_agenda_packet,https://go.boarddocs.com/fla/leon/Board.nsf/Download-AgendaDetailed?open&id=DRTR3Y6C1952
Leon County Schools,2026-04-27,board_agenda_packet,https://go.boarddocs.com/fla/leon/Board.nsf/Download-AgendaDetailed?open&id=DTAH72470C1F
Leon County Schools,2026-04-28,board_agenda_packet,https://go.boarddocs.com/fla/leon/Board.nsf/Download-AgendaDetailed?open&id=DRTR4X6C3D35
Leon County Schools,2026-05-11,board_agenda_packet,https://go.boarddocs.com/fla/leon/Board.nsf/Download-AgendaDetailed?open&id=DTPFNL3FF3B5
Leon County Schools,2026-05-12,board_agenda_packet,https://go.boarddocs.com/fla/leon/Board.nsf/Download-AgendaDetailed?open&id=DSWPYN66ECBF
Leon County Schools,2026-05-26,board_agenda_packet,https://go.boarddocs.com/fla/leon/Board.nsf/Download-AgendaDetailed?open&id=DSWPZZ6714EC
Leon County Schools,2026-06-15,board_agenda_packet,https://go.boarddocs.com/fla/leon/Board.nsf/Download-AgendaDetailed?open&id=DUSQC8689E56
Leon County Schools,2026-06-16,board_agenda_packet,https://go.boarddocs.com/fla/leon/Board.nsf/Download-AgendaDetailed?open&id=DTSRKQ6C40EE
Leon County Schools,2026-07-13,board_agenda_packet,https://go.boarddocs.com/fla/leon/Board.nsf/Download-AgendaDetailed?open&id=DVHGDX435EBD
Leon County Schools,2026-07-14,board_agenda_packet,https://go.boarddocs.com/fla/leon/Board.nsf/Download-AgendaDetailed?open&id=DU9FJT3F6433
Leon County Schools,2026-07-27,board_agenda_packet,https://go.boarddocs.com/fla/leon/Board.nsf/Download-AgendaDetailed?open&id=DW5H7F471B48
Leon County Schools,2026-07-28,board_agenda_packet,https://go.boarddocs.com/fla/leon/Board.nsf/Download-AgendaDetailed?open&id=DU9FL63F8152
Leon County Schools,2026-08-10,board_agenda_packet,https://go.boarddocs.com/fla/leon/Board.nsf/Download-AgendaDetailed?open&id=DWHNA75EF2BA
Leon County Schools,2026-08-11,board_agenda_packet,https://go.boarddocs.com/fla/leon/Board.nsf/Download-AgendaDetailed?open&id=DVRG78426315
Leon County Schools,2026-08-24,board_agenda_packet,https://go.boarddocs.com/fla/leon/Board.nsf/Download-AgendaDetailed?open&id=DWZQZK6BBE6C
Leon County Schools,2026-08-25,board_agenda_packet,https://go.boarddocs.com/fla/leon/Board.nsf/Download-AgendaDetailed?open&id=DVRG8H42849E
School Board of Levy County,2025-03-11,board_agenda_packet,https://go.boarddocs.com/fl/levyk12/Board.nsf/Download-AgendaDetailed?open&id=D9QQDC68A71C
School Board of Levy County,2025-03-11,board_agenda_packet,https://go.boarddocs.com/fl/levyk12/Board.nsf/Download-AgendaDetailed?open&id=DE7LHV56B321
School Board of Levy County,2025-03-25,board_agenda_packet,https://go.boarddocs.com/fl/levyk12/Board.nsf/Download-AgendaDetailed?open&id=D9QQ9Z67FE32
School Board of Levy County,2025-03-25,board_agenda_packet,https://go.boarddocs.com/fl/levyk12/Board.nsf/Download-AgendaDetailed?open&id=DARRDC6D792F
School Board of Levy County,2025-04-08,board_agenda_packet,https://go.boarddocs.com/fl/levyk12/Board.nsf/Download-AgendaDetailed?open&id=D9QQE568A8BB
School Board of Levy County,2025-04-08,board_agenda_packet,https://go.boarddocs.com/fl/levyk12/Board.nsf/Download-AgendaDetailed?open&id=DF3HHT48A058
School Board of Levy County,2025-04-22,board_agenda_packet,https://go.boarddocs.com/fl/levyk12/Board.nsf/Download-AgendaDetailed?open&id=D9QQAH685EBE
School Board of Levy County,2025-04-22,board_agenda_packet,https://go.boarddocs.com/fl/levyk12/Board.nsf/Download-AgendaDetailed?open&id=DARRFE6DC679
School Board of Levy County,2025-05-13,board_agenda_packet,https://go.boarddocs.com/fl/levyk12/Board.nsf/Download-AgendaDetailed?open&id=D9QQEW68AAAE
School Board of Levy County,2025-05-13,board_agenda_packet,https://go.boarddocs.com/fl/levyk12/Board.nsf/Download-AgendaDetailed?open&id=DF3HJP48C1C1
School Board of Levy County,2025-05-27,board_agenda_packet,https://go.boarddocs.com/fl/levyk12/Board.nsf/Download-AgendaDetailed?open&id=D9QQBA687016
School Board of Levy County,2025-05-27,board_agenda_packet,https://go.boarddocs.com/fl/levyk12/Board.nsf/Download-AgendaDetailed?open&id=DF3HMQ4928C3
School Board of Levy County,2025-06-10,board_agenda_packet,https://go.boarddocs.com/fl/levyk12/Board.nsf/Download-AgendaDetailed?open&id=DDDKVU53C3F9
School Board of Levy County,2025-06-10,board_agenda_packet,https://go.boarddocs.com/fl/levyk12/Board.nsf/Download-AgendaDetailed?open&id=DF3HJU48C330
School Board of Levy County,2025-06-10,board_agenda_packet,https://go.boarddocs.com/fl/levyk12/Board.nsf/Download-AgendaDetailed?open&id=DH3JKV4D9DFF
School Board of Levy County,2025-06-24,board_agenda_packet,https://go.boarddocs.com/fl/levyk12/Board.nsf/Download-AgendaDetailed?open&id=D9QQBZ6887BA
School Board of Levy County,2025-06-24,board_agenda_packet,https://go.boarddocs.com/fl/levyk12/Board.nsf/Download-AgendaDetailed?open&id=DF3HUK4A336A
School Board of Levy County,2025-07-08,board_agenda_packet,https://go.boarddocs.com/fl/levyk12/Board.nsf/Download-AgendaDetailed?open&id=D9QQHN68F800
School Board of Levy County,2025-07-08,board_agenda_packet,https://go.boarddocs.com/fl/levyk12/Board.nsf/Download-AgendaDetailed?open&id=DF3HLA48FD2B
School Board of Levy County,2025-07-22,board_agenda_packet,https://go.boarddocs.com/fl/levyk12/Board.nsf/Download-AgendaDetailed?open&id=DF3HS949DD48
School Board of Levy County,2025-07-22,board_agenda_packet,https://go.boarddocs.com/fl/levyk12/Board.nsf/Download-AgendaDetailed?open&id=DF3HT449ED21
School Board of Levy County,2025-07-31,board_agenda_packet,https://go.boarddocs.com/fl/levyk12/Board.nsf/Download-AgendaDetailed?open&id=DF3HTJ4A0D33
School Board of Levy County,2025-07-31,board_agenda_packet,https://go.boarddocs.com/fl/levyk12/Board.nsf/Download-AgendaDetailed?open&id=DF3HTP4A0FEF
School Board of Levy County,2025-08-12,board_agenda_packet,https://go.boarddocs.com/fl/levyk12/Board.nsf/Download-AgendaDetailed?open&id=D9QQJF68FACE
School Board of Levy County,2025-08-12,board_agenda_packet,https://go.boarddocs.com/fl/levyk12/Board.nsf/Download-AgendaDetailed?open&id=DF3HRF49BDCE
School Board of Levy County,2025-08-26,board_agenda_packet,https://go.boarddocs.com/fl/levyk12/Board.nsf/Download-AgendaDetailed?open&id=DF3HWE4A7915
School Board of Levy County,2025-08-26,board_agenda_packet,https://go.boarddocs.com/fl/levyk12/Board.nsf/Download-AgendaDetailed?open&id=DF3HWK4A7B26
School Board of Levy County,2025-09-11,board_agenda_packet,https://go.boarddocs.com/fl/levyk12/Board.nsf/Download-AgendaDetailed?open&id=D9QQK868FC91
School Board of Levy County,2025-09-11,board_agenda_packet,https://go.boarddocs.com/fl/levyk12/Board.nsf/Download-AgendaDetailed?open&id=DF3HQX49AB76
School Board of Levy County,2025-09-23,board_agenda_packet,https://go.boarddocs.com/fl/levyk12/Board.nsf/Download-AgendaDetailed?open&id=DF3HLT491091
School Board of Levy County,2025-09-23,board_agenda_packet,https://go.boarddocs.com/fl/levyk12/Board.nsf/Download-AgendaDetailed?open&id=DF3HW34A6B66
Liberty County School District,2025-03-11,board_agenda_packet,https://go.boarddocs.com/fl/lcsbfl/Board.nsf/Download-AgendaDetailed?open&id=CRMRN9663ACD
Liberty County School District,2025-03-11,board_agenda_packet,https://go.boarddocs.com/fl/lcsbfl/Board.nsf/Download-AgendaDetailed?open&id=DDUKF8519C71
Liberty County School District,2025-04-08,board_agenda_packet,https://go.boarddocs.com/fl/lcsbfl/Board.nsf/Download-AgendaDetailed?open&id=CRMRQ3663CA4
Liberty County School District,2025-04-08,board_agenda_packet,https://go.boarddocs.com/fl/lcsbfl/Board.nsf/Download-AgendaDetailed?open&id=DFBRDN6D84F4
Liberty County School District,2025-05-13,board_agenda_packet,https://go.boarddocs.com/fl/lcsbfl/Board.nsf/Download-AgendaDetailed?open&id=CRMRRV663E39
Liberty County School District,2025-05-27,board_agenda_packet,https://go.boarddocs.com/fl/lcsbfl/Board.nsf/Download-AgendaDetailed?open&id=DGUNJT6035CB
Liberty County School District,2025-06-10,board_agenda_packet,https://go.boarddocs.com/fl/lcsbfl/Board.nsf/Download-AgendaDetailed?open&id=CRMRTP664020
Liberty County School District,2025-06-30,board_agenda_packet,https://go.boarddocs.com/fl/lcsbfl/Board.nsf/Download-AgendaDetailed?open&id=DH9NKV605572
Liberty County School District,2025-06-30,board_agenda_packet,https://go.boarddocs.com/fl/lcsbfl/Board.nsf/Download-AgendaDetailed?open&id=DHWLEZ5646AC
Liberty County School District,2025-07-08,board_agenda_packet,https://go.boarddocs.com/fl/lcsbfl/Board.nsf/Download-AgendaDetailed?open&id=DCSR9V6CF139
Liberty County School District,2025-07-22,board_agenda_packet,https://go.boarddocs.com/fl/lcsbfl/Board.nsf/Download-AgendaDetailed?open&id=DJLS4Y70EEB1
Liberty County School District,2025-07-28,board_agenda_packet,https://go.boarddocs.com/fl/lcsbfl/Board.nsf/Download-AgendaDetailed?open&id=DHBPFR646D2D
Liberty County School District,2025-07-28,board_agenda_packet,https://go.boarddocs.com/fl/lcsbfl/Board.nsf/Download-AgendaDetailed?open&id=DJCPYK64EC77
Liberty County School District,2025-08-12,board_agenda_packet,https://go.boarddocs.com/fl/lcsbfl/Board.nsf/Download-AgendaDetailed?open&id=DCSRA66CFDF1
Liberty County School District,2025-08-12,board_agenda_packet,https://go.boarddocs.com/fl/lcsbfl/Board.nsf/Download-AgendaDetailed?open&id=DKFQH2695300
Liberty County School District,2025-09-09,board_agenda_packet,https://go.boarddocs.com/fl/lcsbfl/Board.nsf/Download-AgendaDetailed?open&id=DCSRC26D00F1
Liberty County School District,2025-09-18,board_agenda_packet,https://go.boarddocs.com/fl/lcsbfl/Board.nsf/Download-AgendaDetailed?open&id=DHBPFS647279
Liberty County School District,2025-09-18,board_agenda_packet,https://go.boarddocs.com/fl/lcsbfl/Board.nsf/Download-AgendaDetailed?open&id=DL7Q9Y6849B1
Liberty County School District,2025-10-14,board_agenda_packet,https://go.boarddocs.com/fl/lcsbfl/Board.nsf/Download-AgendaDetailed?open&id=DCSRDU6D0452
Liberty County School District,2025-11-13,board_agenda_packet,https://go.boarddocs.com/fl/lcsbfl/Board.nsf/Download-AgendaDetailed?open&id=DCSRC56D08F6
Liberty County School District,2025-11-13,board_agenda_packet,https://go.boarddocs.com/fl/lcsbfl/Board.nsf/Download-AgendaDetailed?open&id=DCSRLL6D5ED5
Liberty County School District,2025-12-09,board_agenda_packet,https://go.boarddocs.com/fl/lcsbfl/Board.nsf/Download-AgendaDetailed?open&id=DCSRFS6D0D16
Liberty County School District,2025-12-09,board_agenda_packet,https://go.boarddocs.com/fl/lcsbfl/Board.nsf/Download-AgendaDetailed?open&id=DNXN5A5E3A38
Liberty County School District,2026-01-13,board_agenda_packet,https://go.boarddocs.com/fl/lcsbfl/Board.nsf/Download-AgendaDetailed?open&id=DLKKLA525BB3
Liberty County School District,2026-01-22,board_agenda_packet,https://go.boarddocs.com/fl/lcsbfl/Board.nsf/Download-AgendaDetailed?open&id=DQHKZ6543F37
Liberty County School District,2026-02-10,board_agenda_packet,https://go.boarddocs.com/fl/lcsbfl/Board.nsf/Download-AgendaDetailed?open&id=DLKKN7525F7A
Liberty County School District,2026-03-02,board_agenda_packet,https://go.boarddocs.com/fl/lcsbfl/Board.nsf/Download-AgendaDetailed?open&id=DRGNJR60336E
Liberty County School District,2026-03-10,board_agenda_packet,https://go.boarddocs.com/fl/lcsbfl/Board.nsf/Download-AgendaDetailed?open&id=DLKKQ252621B
Liberty County School District,2026-03-10,board_agenda_packet,https://go.boarddocs.com/fl/lcsbfl/Board.nsf/Download-AgendaDetailed?open&id=DRVK5E502F3E
Liberty County School District,2026-03-18,board_agenda_packet,https://go.boarddocs.com/fl/lcsbfl/Board.nsf/Download-AgendaDetailed?open&id=DS3U286FB51B
Liberty County School District,2026-04-14,board_agenda_packet,https://go.boarddocs.com/fl/lcsbfl/Board.nsf/Download-AgendaDetailed?open&id=DLKKRV526459
Liberty County School District,2026-04-30,board_agenda_packet,https://go.boarddocs.com/fl/lcsbfl/Board.nsf/Download-AgendaDetailed?open&id=DTEGYK461922
Liberty County School District,2026-05-12,board_agenda_packet,https://go.boarddocs.com/fl/lcsbfl/Board.nsf/Download-AgendaDetailed?open&id=DLKKTQ526681
Liberty County School District,2026-05-29,board_agenda_packet,https://go.boarddocs.com/fl/lcsbfl/Board.nsf/Download-AgendaDetailed?open&id=DTUH4E4638B7
Liberty County School District,2026-06-16,board_agenda_packet,https://go.boarddocs.com/fl/lcsbfl/Board.nsf/Download-AgendaDetailed?open&id=DLKKVK526882
Liberty County School District,2026-06-29,board_agenda_packet,https://go.boarddocs.com/fl/lcsbfl/Board.nsf/Download-AgendaDetailed?open&id=DV5HKA48D740
Liberty County School District,2026-07-14,board_agenda_packet,https://go.boarddocs.com/fl/lcsbfl/Board.nsf/Download-AgendaDetailed?open&id=DTEL6H550695
Liberty County School District,2026-07-27,board_agenda_packet,https://go.boarddocs.com/fl/lcsbfl/Board.nsf/Download-AgendaDetailed?open&id=DUFHQF4996F7
Liberty County School District,2026-07-30,board_agenda_packet,https://go.boarddocs.com/fl/lcsbfl/Board.nsf/Download-AgendaDetailed?open&id=DW7SD2721D8F
Liberty County School District,2026-08-03,board_agenda_packet,https://go.boarddocs.com/fl/lcsbfl/Board.nsf/Download-AgendaDetailed?open&id=DW7SDE72254C
Liberty County School District,2026-08-11,board_agenda_packet,https://go.boarddocs.com/fl/lcsbfl/Board.nsf/Download-AgendaDetailed?open&id=DTEL89550C62
Liberty County School District,2026-08-31,board_agenda_packet,https://go.boarddocs.com/fl/lcsbfl/Board.nsf/Download-AgendaDetailed?open&id=DWXHNE494CA4
Madison County School District,2025-03-17,board_agenda_packet,https://go.boarddocs.com/fl/madcofl/Board.nsf/Download-AgendaDetailed?open&id=DB9MGG5ADDD1
Madison County School District,2025-04-07,board_agenda_packet,https://go.boarddocs.com/fl/madcofl/Board.nsf/Download-AgendaDetailed?open&id=DB9MJZ5AFE95
Madison County School District,2025-04-21,board_agenda_packet,https://go.boarddocs.com/fl/madcofl/Board.nsf/Download-AgendaDetailed?open&id=DB9MFQ5B121D
Madison County School District,2025-05-05,board_agenda_packet,https://go.boarddocs.com/fl/madcofl/Board.nsf/Download-AgendaDetailed?open&id=DB9MMC5B2CA2
Madison County School District,2025-05-19,board_agenda_packet,https://go.boarddocs.com/fl/madcofl/Board.nsf/Download-AgendaDetailed?open&id=DB9MPM5B4055
Madison County School District,2025-06-02,board_agenda_packet,https://go.boarddocs.com/fl/madcofl/Board.nsf/Download-AgendaDetailed?open&id=DB9MRX5B4F69
Madison County School District,2025-06-16,board_agenda_packet,https://go.boarddocs.com/fl/madcofl/Board.nsf/Download-AgendaDetailed?open&id=DB9MUE5B659B
Madison County School District,2025-06-30,board_agenda_packet,https://go.boarddocs.com/fl/madcofl/Board.nsf/Download-AgendaDetailed?open&id=DHZD243392ED
Madison County School District,2025-07-02,board_agenda_packet,https://go.boarddocs.com/fl/madcofl/Board.nsf/Download-AgendaDetailed?open&id=DJ7HN3493FC6
Madison County School District,2025-07-02,board_agenda_packet,https://go.boarddocs.com/fl/madcofl/Board.nsf/Download-AgendaDetailed?open&id=DJ7HZX4AFD55
Madison County School District,2025-07-07,board_agenda_packet,https://go.boarddocs.com/fl/madcofl/Board.nsf/Download-AgendaDetailed?open&id=DB9MKZ5B7E7E
Madison County School District,2025-07-07,board_agenda_packet,https://go.boarddocs.com/fl/madcofl/Board.nsf/Download-AgendaDetailed?open&id=DHWPCH61E191
Madison County School District,2025-07-07,board_agenda_packet,https://go.boarddocs.com/fl/madcofl/Board.nsf/Download-AgendaDetailed?open&id=DJ7HPT498140
Madison County School District,2025-07-14,board_agenda_packet,https://go.boarddocs.com/fl/madcofl/Board.nsf/Download-AgendaDetailed?open&id=DJDPFN646F87
Madison County School District,2025-07-21,board_agenda_packet,https://go.boarddocs.com/fl/madcofl/Board.nsf/Download-AgendaDetailed?open&id=DB9MZE5BBCA0
Madison County School District,2025-07-28,board_agenda_packet,https://go.boarddocs.com/fl/madcofl/Board.nsf/Download-AgendaDetailed?open&id=DJTNCM5F4DE9
Madison County School District,2025-08-04,board_agenda_packet,https://go.boarddocs.com/fl/madcofl/Board.nsf/Download-AgendaDetailed?open&id=DB9MWZ5BA315
Madison County School District,2025-08-04,board_agenda_packet,https://go.boarddocs.com/fl/madcofl/Board.nsf/Download-AgendaDetailed?open&id=DK28S2741DCC
Madison County School District,2025-08-18,board_agenda_packet,https://go.boarddocs.com/fl/madcofl/Board.nsf/Download-AgendaDetailed?open&id=DK9N8K5C064A
Madison County School District,2025-08-25,board_agenda_packet,https://go.boarddocs.com/fl/madcofl/Board.nsf/Download-AgendaDetailed?open&id=DJ7J4F4B5B0D
Madison County School District,2025-09-02,board_agenda_packet,https://go.boarddocs.com/fl/madcofl/Board.nsf/Download-AgendaDetailed?open&id=DKANBG5F22C2
Madison County School District,2025-09-15,board_agenda_packet,https://go.boarddocs.com/fl/madcofl/Board.nsf/Download-AgendaDetailed?open&id=DKANZY624694
Madison County School District,2025-09-15,board_agenda_packet,https://go.boarddocs.com/fl/madcofl/Board.nsf/Download-AgendaDetailed?open&id=DLBJKJ4D9130
Madison County School District,2025-10-06,board_agenda_packet,https://go.boarddocs.com/fl/madcofl/Board.nsf/Download-AgendaDetailed?open&id=DKANKJ605044
Madison County School District,2025-10-20,board_agenda_packet,https://go.boarddocs.com/fl/madcofl/Board.nsf/Download-AgendaDetailed?open&id=DKANNC607DBA
Madison County School District,2025-11-03,board_agenda_packet,https://go.boarddocs.com/fl/madcofl/Board.nsf/Download-AgendaDetailed?open&id=DKANPF60E35F
Madison County School District,2025-11-03,board_agenda_packet,https://go.boarddocs.com/fl/madcofl/Board.nsf/Download-AgendaDetailed?open&id=DKANZP62641C
Madison County School District,2025-11-03,board_agenda_packet,https://go.boarddocs.com/fl/madcofl/Board.nsf/Download-AgendaDetailed?open&id=DMUMRC5C7B2C
Madison County School District,2025-11-10,board_agenda_packet,https://go.boarddocs.com/fl/madcofl/Board.nsf/Download-AgendaDetailed?open&id=DN4QG2682DA5
Madison County School District,2025-11-17,board_agenda_packet,https://go.boarddocs.com/fl/madcofl/Board.nsf/Download-AgendaDetailed?open&id=DKANS46120BB
Madison County School District,2025-12-01,board_agenda_packet,https://go.boarddocs.com/fl/madcofl/Board.nsf/Download-AgendaDetailed?open&id=DNMLSW58054C
Madison County School District,2025-12-15,board_agenda_packet,https://go.boarddocs.com/fl/madcofl/Board.nsf/Download-AgendaDetailed?open&id=DKANVZ61C8AB
Madison County School District,2025-12-16,board_agenda_packet,https://go.boarddocs.com/fl/madcofl/Board.nsf/Download-AgendaDetailed?open&id=DNYPF4645AE9
Madison County School District,2026-01-12,board_agenda_packet,https://go.boarddocs.com/fl/madcofl/Board.nsf/Download-AgendaDetailed?open&id=DNXMWQ5D3E55
Madison County School District,2026-01-20,board_agenda_packet,https://go.boarddocs.com/fl/madcofl/Board.nsf/Download-AgendaDetailed?open&id=DP3LX958614C
Madison County School District,2026-02-02,board_agenda_packet,https://go.boarddocs.com/fl/madcofl/Board.nsf/Download-AgendaDetailed?open&id=DP3LSQ57FE9C
Madison County School District,2026-02-09,board_agenda_packet,https://go.boarddocs.com/fl/madcofl/Board.nsf/Download-AgendaDetailed?open&id=DQYKDH5156C6
Madison County School District,2026-02-17,board_agenda_packet,https://go.boarddocs.com/fl/madcofl/Board.nsf/Download-AgendaDetailed?open&id=DP3LWJ583A68
Madison County School District,2026-03-02,board_agenda_packet,https://go.boarddocs.com/fl/madcofl/Board.nsf/Download-AgendaDetailed?open&id=DQPKRZ5332F4
Madison County School District,2026-03-02,board_agenda_packet,https://go.boarddocs.com/fl/madcofl/Board.nsf/Download-AgendaDetailed?open&id=DRSM7L59B27B
Madison County School District,2026-03-09,board_agenda_packet,https://go.boarddocs.com/fl/madcofl/Board.nsf/Download-AgendaDetailed?open&id=DRSMDK59C5AB
Madison County School District,2026-03-24,board_agenda_packet,https://go.boarddocs.com/fl/madcofl/Board.nsf/Download-AgendaDetailed?open&id=DS3QFK691971
Madison County School District,2026-04-06,board_agenda_packet,https://go.boarddocs.com/fl/madcofl/Board.nsf/Download-AgendaDetailed?open&id=DQWK5E502C73
Madison County School District,2026-04-20,board_agenda_packet,https://go.boarddocs.com/fl/madcofl/Board.nsf/Download-AgendaDetailed?open&id=DSZQ2U6705BB
Madison County School District,2026-05-04,board_agenda_packet,https://go.boarddocs.com/fl/madcofl/Board.nsf/Download-AgendaDetailed?open&id=DSXP6X632542
Madison County School District,2026-05-11,board_agenda_packet,https://go.boarddocs.com/fl/madcofl/Board.nsf/Download-AgendaDetailed?open&id=DTRVDU804BBD
Madison County School District,2026-05-11,board_agenda_packet,https://go.boarddocs.com/fl/madcofl/Board.nsf/Download-AgendaDetailed?open&id=DTSPFT647503
Madison County School District,2026-05-18,board_agenda_packet,https://go.boarddocs.com/fl/madcofl/Board.nsf/Download-AgendaDetailed?open&id=DS3R346BF8A7
Madison County School District,2026-06-01,board_agenda_packet,https://go.boarddocs.com/fl/madcofl/Board.nsf/Download-AgendaDetailed?open&id=DSFJX44F41E8
Madison County School District,2026-06-15,board_agenda_packet,https://go.boarddocs.com/fl/madcofl/Board.nsf/Download-AgendaDetailed?open&id=DT7QEE68F10F
Madison County School District,2026-06-17,board_agenda_packet,https://go.boarddocs.com/fl/madcofl/Board.nsf/Download-AgendaDetailed?open&id=DV3VNN81966D
Madison County School District,2026-07-06,board_agenda_packet,https://go.boarddocs.com/fl/madcofl/Board.nsf/Download-AgendaDetailed?open&id=DT7QGT691B75
Madison County School District,2026-07-13,board_agenda_packet,https://go.boarddocs.com/fl/madcofl/Board.nsf/Download-AgendaDetailed?open&id=DVRPGP649650
Madison County School District,2026-07-20,board_agenda_packet,https://go.boarddocs.com/fl/madcofl/Board.nsf/Download-AgendaDetailed?open&id=DT7QG3692F24
Madison County School District,2026-07-20,board_agenda_packet,https://go.boarddocs.com/fl/madcofl/Board.nsf/Download-AgendaDetailed?open&id=DVYFA43E1EBF
Madison County School District,2026-08-03,board_agenda_packet,https://go.boarddocs.com/fl/madcofl/Board.nsf/Download-AgendaDetailed?open&id=DT7QJD693F88
Madison County School District,2026-08-17,board_agenda_packet,https://go.boarddocs.com/fl/madcofl/Board.nsf/Download-AgendaDetailed?open&id=DT7QLR694F5A
Madison County School District,2026-08-27,board_agenda_packet,https://go.boarddocs.com/fl/madcofl/Board.nsf/Download-AgendaDetailed?open&id=DX9MH95B4B2A
Marion County Public Schools,2025-03-11,board_agenda_packet,https://go.boarddocs.com/fl/marion/Board.nsf/Download-AgendaDetailed?open&id=DBLMVR55A88F
Marion County Public Schools,2025-03-13,board_agenda_packet,https://go.boarddocs.com/fl/marion/Board.nsf/Download-AgendaDetailed?open&id=DBCST67401F7
Marion County Public Schools,2025-03-24,board_agenda_packet,https://go.boarddocs.com/fl/marion/Board.nsf/Download-AgendaDetailed?open&id=DENVGM80B3D3
Marion County Public Schools,2025-03-25,board_agenda_packet,https://go.boarddocs.com/fl/marion/Board.nsf/Download-AgendaDetailed?open&id=DBLMY855AC67
Marion County Public Schools,2025-04-03,board_agenda_packet,https://go.boarddocs.com/fl/marion/Board.nsf/Download-AgendaDetailed?open&id=DBA4Q70C8021
Marion County Public Schools,2025-04-03,board_agenda_packet,https://go.boarddocs.com/fl/marion/Board.nsf/Download-AgendaDetailed?open&id=DBN3ZZ095D0C
Marion County Public Schools,2025-04-08,board_agenda_packet,https://go.boarddocs.com/fl/marion/Board.nsf/Download-AgendaDetailed?open&id=DBLLAJ554C22
Marion County Public Schools,2025-04-17,board_agenda_packet,https://go.boarddocs.com/fl/marion/Board.nsf/Download-AgendaDetailed?open&id=DBA4R60C8461
Marion County Public Schools,2025-04-22,board_agenda_packet,https://go.boarddocs.com/fl/marion/Board.nsf/Download-AgendaDetailed?open&id=DBLLCY55697C
Marion County Public Schools,2025-04-29,board_agenda_packet,https://go.boarddocs.com/fl/marion/Board.nsf/Download-AgendaDetailed?open&id=DFDQC5689A86
Marion County Public Schools,2025-05-08,board_agenda_packet,https://go.boarddocs.com/fl/marion/Board.nsf/Download-AgendaDetailed?open&id=DBA4S50C8895
Marion County Public Schools,2025-05-08,board_agenda_packet,https://go.boarddocs.com/fl/marion/Board.nsf/Download-AgendaDetailed?open&id=DBN42X0964DF
Marion County Public Schools,2025-05-13,board_agenda_packet,https://go.boarddocs.com/fl/marion/Board.nsf/Download-AgendaDetailed?open&id=DBLLFE556CD4
Marion County Public Schools,2025-05-13,board_agenda_packet,https://go.boarddocs.com/fl/marion/Board.nsf/Download-AgendaDetailed?open&id=DFSKPL52D933
Marion County Public Schools,2025-05-22,board_agenda_packet,https://go.boarddocs.com/fl/marion/Board.nsf/Download-AgendaDetailed?open&id=DBA4T40C8D0D
Marion County Public Schools,2025-05-27,board_agenda_packet,https://go.boarddocs.com/fl/marion/Board.nsf/Download-AgendaDetailed?open&id=DBLLHU556FA7
Marion County Public Schools,2025-06-05,board_agenda_packet,https://go.boarddocs.com/fl/marion/Board.nsf/Download-AgendaDetailed?open&id=DBA4U50C910E
Marion County Public Schools,2025-06-10,board_agenda_packet,https://go.boarddocs.com/fl/marion/Board.nsf/Download-AgendaDetailed?open&id=DBLLLB5571ED
Marion County Public Schools,2025-06-16,board_agenda_packet,https://go.boarddocs.com/fl/marion/Board.nsf/Download-AgendaDetailed?open&id=DHBFPP401C73
Marion County Public Schools,2025-06-19,board_agenda_packet,https://go.boarddocs.com/fl/marion/Board.nsf/Download-AgendaDetailed?open&id=DBA4V40C9514
Marion County Public Schools,2025-06-19,board_agenda_packet,https://go.boarddocs.com/fl/marion/Board.nsf/Download-AgendaDetailed?open&id=DBN4460977DF
Marion County Public Schools,2025-06-24,board_agenda_packet,https://go.boarddocs.com/fl/marion/Board.nsf/Download-AgendaDetailed?open&id=DBLLNR55747E
Marion County Public Schools,2025-07-08,board_agenda_packet,https://go.boarddocs.com/fl/marion/Board.nsf/Download-AgendaDetailed?open&id=DBLLR7557709
Marion County Public Schools,2025-07-16,board_agenda_packet,https://go.boarddocs.com/fl/marion/Board.nsf/Download-AgendaDetailed?open&id=DJEQ7P67F4C5
Marion County Public Schools,2025-07-17,board_agenda_packet,https://go.boarddocs.com/fl/marion/Board.nsf/Download-AgendaDetailed?open&id=DBA4W30C99BD
Marion County Public Schools,2025-07-22,board_agenda_packet,https://go.boarddocs.com/fl/marion/Board.nsf/Download-AgendaDetailed?open&id=DBLLTM557942
Marion County Public Schools,2025-07-22,board_agenda_packet,https://go.boarddocs.com/fl/marion/Board.nsf/Download-AgendaDetailed?open&id=DBLLW3557BD1
Marion County Public Schools,2025-07-29,board_agenda_packet,https://go.boarddocs.com/fl/marion/Board.nsf/Download-AgendaDetailed?open&id=DJ6QVU6B33CF
Marion County Public Schools,2025-08-07,board_agenda_packet,https://go.boarddocs.com/fl/marion/Board.nsf/Download-AgendaDetailed?open&id=DBA4Q70C9F7D
Marion County Public Schools,2025-08-12,board_agenda_packet,https://go.boarddocs.com/fl/marion/Board.nsf/Download-AgendaDetailed?open&id=DHJPZF6705E2
Marion County Public Schools,2025-08-12,board_agenda_packet,https://go.boarddocs.com/fl/marion/Board.nsf/Download-AgendaDetailed?open&id=DJTQ8F6810B7
Marion County Public Schools,2025-08-14,board_agenda_packet,https://go.boarddocs.com/fl/marion/Board.nsf/Download-AgendaDetailed?open&id=DBA4R60CA3CF
Marion County Public Schools,2025-08-21,board_agenda_packet,https://go.boarddocs.com/fl/marion/Board.nsf/Download-AgendaDetailed?open&id=DBA4S50CA7C9
Marion County Public Schools,2025-08-26,board_agenda_packet,https://go.boarddocs.com/fl/marion/Board.nsf/Download-AgendaDetailed?open&id=DHJSAP71C5AA
Marion County Public Schools,2025-09-04,board_agenda_packet,https://go.boarddocs.com/fl/marion/Board.nsf/Download-AgendaDetailed?open&id=DBA4U30CB077
Marion County Public Schools,2025-09-04,board_agenda_packet,https://go.boarddocs.com/fl/marion/Board.nsf/Download-AgendaDetailed?open&id=DBN4560984D9
Marion County Public Schools,2025-09-09,board_agenda_packet,https://go.boarddocs.com/fl/marion/Board.nsf/Download-AgendaDetailed?open&id=DBLM7T5590E9
Marion County Public Schools,2025-09-09,board_agenda_packet,https://go.boarddocs.com/fl/marion/Board.nsf/Download-AgendaDetailed?open&id=DHJSAT7186AB
Marion County Public Schools,2025-09-18,board_agenda_packet,https://go.boarddocs.com/fl/marion/Board.nsf/Download-AgendaDetailed?open&id=DBA4T40CABBE
Marion County Public Schools,2025-09-23,board_agenda_packet,https://go.boarddocs.com/fl/marion/Board.nsf/Download-AgendaDetailed?open&id=DHJSDE71F23B
Marion County Public Schools,2025-10-02,board_agenda_packet,https://go.boarddocs.com/fl/marion/Board.nsf/Download-AgendaDetailed?open&id=DBA4V20CB511
Marion County Public Schools,2025-10-14,board_agenda_packet,https://go.boarddocs.com/fl/marion/Board.nsf/Download-AgendaDetailed?open&id=DHJSG77225D2
Marion County Public Schools,2025-10-14,board_agenda_packet,https://go.boarddocs.com/fl/marion/Board.nsf/Download-AgendaDetailed?open&id=DLRN8M5EB74D
Marion County Public Schools,2025-10-16,board_agenda_packet,https://go.boarddocs.com/fl/marion/Board.nsf/Download-AgendaDetailed?open&id=DBA4VZ0CBA3F
Marion County Public Schools,2025-10-16,board_agenda_packet,https://go.boarddocs.com/fl/marion/Board.nsf/Download-AgendaDetailed?open&id=DBN47H099FA8
Marion County Public Schools,2025-10-28,board_agenda_packet,https://go.boarddocs.com/fl/marion/Board.nsf/Download-AgendaDetailed?open&id=DHJSJW7234CF
Marion County Public Schools,2025-10-31,board_agenda_packet,https://go.boarddocs.com/fl/marion/Board.nsf/Download-AgendaDetailed?open&id=DLZQFK691C62
Marion County Public Schools,2025-11-06,board_agenda_packet,https://go.boarddocs.com/fl/marion/Board.nsf/Download-AgendaDetailed?open&id=DBA4WY0CBEE6
Marion County Public Schools,2025-11-11,board_agenda_packet,https://go.boarddocs.com/fl/marion/Board.nsf/Download-AgendaDetailed?open&id=DHJSMR7245B2
Marion County Public Schools,2025-11-11,board_agenda_packet,https://go.boarddocs.com/fl/marion/Board.nsf/Download-AgendaDetailed?open&id=DMMSAD71B909
Marion County Public Schools,2025-11-11,board_agenda_packet,https://go.boarddocs.com/fl/marion/Board.nsf/Download-AgendaDetailed?open&id=DMMSC271D72B
Marion County Public Schools,2025-11-20,board_agenda_packet,https://go.boarddocs.com/fl/marion/Board.nsf/Download-AgendaDetailed?open&id=DBA4XX0CC365
Marion County Public Schools,2025-11-20,board_agenda_packet,https://go.boarddocs.com/fl/marion/Board.nsf/Download-AgendaDetailed?open&id=DBN48F09A9C0
Marion County Public Schools,2025-12-01,board_agenda_packet,https://go.boarddocs.com/fl/marion/Board.nsf/Download-AgendaDetailed?open&id=DM4JM44DCB4A
Marion County Public Schools,2025-12-01,board_agenda_packet,https://go.boarddocs.com/fl/marion/Board.nsf/Download-AgendaDetailed?open&id=DNEK2P4FC8AC
Marion County Public Schools,2025-12-09,board_agenda_packet,https://go.boarddocs.com/fl/marion/Board.nsf/Download-AgendaDetailed?open&id=DHJSF772671D
Marion County Public Schools,2025-12-18,board_agenda_packet,https://go.boarddocs.com/fl/marion/Board.nsf/Download-AgendaDetailed?open&id=DBA4YW0CC763
Marion County Public Schools,2026-01-08,board_agenda_packet,https://go.boarddocs.com/fl/marion/Board.nsf/Download-AgendaDetailed?open&id=DNJHQZ49960C
Marion County Public Schools,2026-01-13,board_agenda_packet,https://go.boarddocs.com/fl/marion/Board.nsf/Download-AgendaDetailed?open&id=DHJSHW727A18
Marion County Public Schools,2026-01-22,board_agenda_packet,https://go.boarddocs.com/fl/marion/Board.nsf/Download-AgendaDetailed?open&id=DNJHQ2498961
Marion County Public Schools,2026-01-22,board_agenda_packet,https://go.boarddocs.com/fl/marion/Board.nsf/Download-AgendaDetailed?open&id=DNJRZU6DE607
Marion County Public Schools,2026-01-27,board_agenda_packet,https://go.boarddocs.com/fl/marion/Board.nsf/Download-AgendaDetailed?open&id=DNETZG7278F8
Marion County Public Schools,2026-02-05,board_agenda_packet,https://go.boarddocs.com/fl/marion/Board.nsf/Download-AgendaDetailed?open&id=DNJKAQ4E08EF
Marion County Public Schools,2026-02-10,board_agenda_packet,https://go.boarddocs.com/fl/marion/Board.nsf/Download-AgendaDetailed?open&id=DNETWX727571
Marion County Public Schools,2026-02-19,board_agenda_packet,https://go.boarddocs.com/fl/marion/Board.nsf/Download-AgendaDetailed?open&id=DNJK9R4E0786
Marion County Public Schools,2026-02-19,board_agenda_packet,https://go.boarddocs.com/fl/marion/Board.nsf/Download-AgendaDetailed?open&id=DNJRYT6DDFF9
Marion County Public Schools,2026-02-24,board_agenda_packet,https://go.boarddocs.com/fl/marion/Board.nsf/Download-AgendaDetailed?open&id=DNETUG727277
Marion County Public Schools,2026-02-24,board_agenda_packet,https://go.boarddocs.com/fl/marion/Board.nsf/Download-AgendaDetailed?open&id=DQSQXY6B3287
Marion County Public Schools,2026-03-05,board_agenda_packet,https://go.boarddocs.com/fl/marion/Board.nsf/Download-AgendaDetailed?open&id=DNJK8N4DFD0E
Marion County Public Schools,2026-03-10,board_agenda_packet,https://go.boarddocs.com/fl/marion/Board.nsf/Download-AgendaDetailed?open&id=DNETRZ726EDB
Marion County Public Schools,2026-03-24,board_agenda_packet,https://go.boarddocs.com/fl/marion/Board.nsf/Download-AgendaDetailed?open&id=DNETPJ726A74
Marion County Public Schools,2026-03-31,board_agenda_packet,https://go.boarddocs.com/fl/marion/Board.nsf/Download-AgendaDetailed?open&id=DSJKUB538A9A
Marion County Public Schools,2026-04-02,board_agenda_packet,https://go.boarddocs.com/fl/marion/Board.nsf/Download-AgendaDetailed?open&id=DNJK7M4DFB60
Marion County Public Schools,2026-04-14,board_agenda_packet,https://go.boarddocs.com/fl/marion/Board.nsf/Download-AgendaDetailed?open&id=DNETM2726782
Marion County Public Schools,2026-04-16,board_agenda_packet,https://go.boarddocs.com/fl/marion/Board.nsf/Download-AgendaDetailed?open&id=DNJK6N4DF9AA
Marion County Public Schools,2026-04-16,board_agenda_packet,https://go.boarddocs.com/fl/marion/Board.nsf/Download-AgendaDetailed?open&id=DSRKJ6520B32
Marion County Public Schools,2026-04-27,board_agenda_packet,https://go.boarddocs.com/fl/marion/Board.nsf/Download-AgendaDetailed?open&id=DSNNJH602800
Marion County Public Schools,2026-04-28,board_agenda_packet,https://go.boarddocs.com/fl/marion/Board.nsf/Download-AgendaDetailed?open&id=DNETJK7263B2
Marion County Public Schools,2026-05-07,board_agenda_packet,https://go.boarddocs.com/fl/marion/Board.nsf/Download-AgendaDetailed?open&id=DNJK5M4DF760
Marion County Public Schools,2026-05-12,board_agenda_packet,https://go.boarddocs.com/fl/marion/Board.nsf/Download-AgendaDetailed?open&id=DNETG4725FB2
Marion County Public Schools,2026-05-21,board_agenda_packet,https://go.boarddocs.com/fl/marion/Board.nsf/Download-AgendaDetailed?open&id=DNJK4N4DF58D
Marion County Public Schools,2026-05-21,board_agenda_packet,https://go.boarddocs.com/fl/marion/Board.nsf/Download-AgendaDetailed?open&id=DNJRWC6DCC3F
Marion County Public Schools,2026-05-26,board_agenda_packet,https://go.boarddocs.com/fl/marion/Board.nsf/Download-AgendaDetailed?open&id=DNETDM725BBC
Marion County Public Schools,2026-06-04,board_agenda_packet,https://go.boarddocs.com/fl/marion/Board.nsf/Download-AgendaDetailed?open&id=DNJK3P4DF3DA
Marion County Public Schools,2026-06-09,board_agenda_packet,https://go.boarddocs.com/fl/marion/Board.nsf/Download-AgendaDetailed?open&id=DNETB47257DD
Marion County Public Schools,2026-06-18,board_agenda_packet,https://go.boarddocs.com/fl/marion/Board.nsf/Download-AgendaDetailed?open&id=DNJK2Q4DF1E7
Marion County Public Schools,2026-06-23,board_agenda_packet,https://go.boarddocs.com/fl/marion/Board.nsf/Download-AgendaDetailed?open&id=DNET8K725407
Marion County Public Schools,2026-06-29,board_agenda_packet,https://go.boarddocs.com/fl/marion/Board.nsf/Download-AgendaDetailed?open&id=DNJJFN4B9780
Marion County Public Schools,2026-07-09,board_agenda_packet,https://go.boarddocs.com/fl/marion/Board.nsf/Download-AgendaDetailed?open&id=DNJJZP4DEF55
Marion County Public Schools,2026-07-09,board_agenda_packet,https://go.boarddocs.com/fl/marion/Board.nsf/Download-AgendaDetailed?open&id=DNJRLH6DBEB5
Marion County Public Schools,2026-07-13,board_agenda_packet,https://go.boarddocs.com/fl/marion/Board.nsf/Download-AgendaDetailed?open&id=DNJJEZ4B9572
Marion County Public Schools,2026-07-14,board_agenda_packet,https://go.boarddocs.com/fl/marion/Board.nsf/Download-AgendaDetailed?open&id=DNET647250FC
Marion County Public Schools,2026-07-21,board_agenda_packet,https://go.boarddocs.com/fl/marion/Board.nsf/Download-AgendaDetailed?open&id=DNET3M724D20
Marion County Public Schools,2026-07-23,board_agenda_packet,https://go.boarddocs.com/fl/marion/Board.nsf/Download-AgendaDetailed?open&id=DNJJYQ4DED6B
Marion County Public Schools,2026-07-27,board_agenda_packet,https://go.boarddocs.com/fl/marion/Board.nsf/Download-AgendaDetailed?open&id=DNJJEC4B934E
Marion County Public Schools,2026-07-28,board_agenda_packet,https://go.boarddocs.com/fl/marion/Board.nsf/Download-AgendaDetailed?open&id=DNESWM72448F
Marion County Public Schools,2026-07-28,board_agenda_packet,https://go.boarddocs.com/fl/marion/Board.nsf/Download-AgendaDetailed?open&id=DNESZ4724804
Marion County Public Schools,2026-08-06,board_agenda_packet,https://go.boarddocs.com/fl/marion/Board.nsf/Download-AgendaDetailed?open&id=DNJJXR4DEB85
Marion County Public Schools,2026-08-11,board_agenda_packet,https://go.boarddocs.com/fl/marion/Board.nsf/Download-AgendaDetailed?open&id=DNESU272413D
Marion County Public Schools,2026-08-12,board_agenda_packet,https://go.boarddocs.com/fl/marion/Board.nsf/Download-AgendaDetailed?open&id=DNJJDP4B9153
Marion County Public Schools,2026-08-13,board_agenda_packet,https://go.boarddocs.com/fl/marion/Board.nsf/Download-AgendaDetailed?open&id=DNJJWQ4DE9CC
Marion County Public Schools,2026-08-20,board_agenda_packet,https://go.boarddocs.com/fl/marion/Board.nsf/Download-AgendaDetailed?open&id=DNJJVR4DE7F1
Marion County Public Schools,2026-08-24,board_agenda_packet,https://go.boarddocs.com/fl/marion/Board.nsf/Download-AgendaDetailed?open&id=DNJJD24B8F32
Marion County Public Schools,2026-08-25,board_agenda_packet,https://go.boarddocs.com/fl/marion/Board.nsf/Download-AgendaDetailed?open&id=DNESRH723D58
Marion County Public Schools,2026-09-03,board_agenda_packet,https://go.boarddocs.com/fl/marion/Board.nsf/Download-AgendaDetailed?open&id=DNJJUS4DE616
Martin County School District,2025-03-07,board_agenda_packet,https://go.boarddocs.com/fl/martin/Board.nsf/Download-AgendaDetailed?open&id=DEBNCG5F4887
Martin County School District,2025-03-25,board_agenda_packet,https://go.boarddocs.com/fl/martin/Board.nsf/Download-AgendaDetailed?open&id=DE2MSK5CA899
Martin County School District,2025-04-01,board_agenda_packet,https://go.boarddocs.com/fl/martin/Board.nsf/Download-AgendaDetailed?open&id=DE9PTX661026
Martin County School District,2025-04-01,board_agenda_packet,https://go.boarddocs.com/fl/martin/Board.nsf/Download-AgendaDetailed?open&id=DF5GHE43E189
Martin County School District,2025-04-15,board_agenda_packet,https://go.boarddocs.com/fl/martin/Board.nsf/Download-AgendaDetailed?open&id=DE8K7B507427
Martin County School District,2025-05-06,board_agenda_packet,https://go.boarddocs.com/fl/martin/Board.nsf/Download-AgendaDetailed?open&id=DFDLG756049F
Martin County School District,2025-05-13,board_agenda_packet,https://go.boarddocs.com/fl/martin/Board.nsf/Download-AgendaDetailed?open&id=DENHQD499680
Martin County School District,2025-06-03,board_agenda_packet,https://go.boarddocs.com/fl/martin/Board.nsf/Download-AgendaDetailed?open&id=DGGL95556AF3
Martin County School District,2025-06-03,board_agenda_packet,https://go.boarddocs.com/fl/martin/Board.nsf/Download-AgendaDetailed?open&id=DH4RDU6D8B73
Martin County School District,2025-06-17,board_agenda_packet,https://go.boarddocs.com/fl/martin/Board.nsf/Download-AgendaDetailed?open&id=DG3M9P5A2F84
Martin County School District,2025-07-08,board_agenda_packet,https://go.boarddocs.com/fl/martin/Board.nsf/Download-AgendaDetailed?open&id=DHKJTP4EC31D
Martin County School District,2025-07-15,board_agenda_packet,https://go.boarddocs.com/fl/martin/Board.nsf/Download-AgendaDetailed?open&id=DHKK8X50B19C
Martin County School District,2025-07-29,board_agenda_packet,https://go.boarddocs.com/fl/martin/Board.nsf/Download-AgendaDetailed?open&id=DJNRFP6DD141
Martin County School District,2025-07-31,board_agenda_packet,https://go.boarddocs.com/fl/martin/Board.nsf/Download-AgendaDetailed?open&id=DJZHTT4A17CC
Martin County School District,2025-08-05,board_agenda_packet,https://go.boarddocs.com/fl/martin/Board.nsf/Download-AgendaDetailed?open&id=DJMGVM459CB0
Martin County School District,2025-08-05,board_agenda_packet,https://go.boarddocs.com/fl/martin/Board.nsf/Download-AgendaDetailed?open&id=DJZMYN5D67EA
Martin County School District,2025-08-19,board_agenda_packet,https://go.boarddocs.com/fl/martin/Board.nsf/Download-AgendaDetailed?open&id=DJMGUJ4582A0
Martin County School District,2025-09-09,board_agenda_packet,https://go.boarddocs.com/fl/martin/Board.nsf/Download-AgendaDetailed?open&id=DKRHYJ4A016F
Martin County School District,2025-09-09,board_agenda_packet,https://go.boarddocs.com/fl/martin/Board.nsf/Download-AgendaDetailed?open&id=DKVJB34C52FC
Martin County School District,2025-09-09,board_agenda_packet,https://go.boarddocs.com/fl/martin/Board.nsf/Download-AgendaDetailed?open&id=DL5NJZ603CB0
Martin County School District,2025-09-16,board_agenda_packet,https://go.boarddocs.com/fl/martin/Board.nsf/Download-AgendaDetailed?open&id=DK8NSW615FB6
Martin County School District,2025-10-03,board_agenda_packet,https://go.boarddocs.com/fl/martin/Board.nsf/Download-AgendaDetailed?open&id=DLVJ4G4B4F7C
Martin County School District,2025-10-07,board_agenda_packet,https://go.boarddocs.com/fl/martin/Board.nsf/Download-AgendaDetailed?open&id=DLRPPW657C37
Martin County School District,2025-10-07,board_agenda_packet,https://go.boarddocs.com/fl/martin/Board.nsf/Download-AgendaDetailed?open&id=DLRPRH65C8EA
Martin County School District,2025-10-21,board_agenda_packet,https://go.boarddocs.com/fl/martin/Board.nsf/Download-AgendaDetailed?open&id=DKHP8T636EC6
Martin County School District,2025-11-04,board_agenda_packet,https://go.boarddocs.com/fl/martin/Board.nsf/Download-AgendaDetailed?open&id=DMRG6D42420E
Martin County School District,2025-11-18,board_agenda_packet,https://go.boarddocs.com/fl/martin/Board.nsf/Download-AgendaDetailed?open&id=DM4Q3Z676A1E
Martin County School District,2025-12-09,board_agenda_packet,https://go.boarddocs.com/fl/martin/Board.nsf/Download-AgendaDetailed?open&id=DN6LQU579F34
Martin County School District,2025-12-16,board_agenda_packet,https://go.boarddocs.com/fl/martin/Board.nsf/Download-AgendaDetailed?open&id=DNXGZ746305D
Martin County School District,2026-01-06,board_agenda_packet,https://go.boarddocs.com/fl/martin/Board.nsf/Download-AgendaDetailed?open&id=DP7K7X508DC5
Martin County School District,2026-01-26,board_agenda_packet,https://go.boarddocs.com/fl/martin/Board.nsf/Download-AgendaDetailed?open&id=DP7K8U509316
Martin County School District,2026-02-03,board_agenda_packet,https://go.boarddocs.com/fl/martin/Board.nsf/Download-AgendaDetailed?open&id=DQ6KX453F289
Martin County School District,2026-02-17,board_agenda_packet,https://go.boarddocs.com/fl/martin/Board.nsf/Download-AgendaDetailed?open&id=DQ6KXB53FB12
Martin County School District,2026-02-17,board_agenda_packet,https://go.boarddocs.com/fl/martin/Board.nsf/Download-AgendaDetailed?open&id=DR7LGZ569275
Martin County School District,2026-03-03,board_agenda_packet,https://go.boarddocs.com/fl/martin/Board.nsf/Download-AgendaDetailed?open&id=DQRRS56F579D
Martin County School District,2026-03-24,board_agenda_packet,https://go.boarddocs.com/fl/martin/Board.nsf/Download-AgendaDetailed?open&id=DQRRSA6F5DF3
Martin County School District,2026-04-21,board_agenda_packet,https://go.boarddocs.com/fl/martin/Board.nsf/Download-AgendaDetailed?open&id=DSFPZA66DC91
Nassau County School District,2025-03-10,board_agenda_packet,https://go.boarddocs.com/fl/nassau/Board.nsf/Download-AgendaDetailed?open&id=DEBM8P5A0A8E
Nassau County School District,2025-03-13,board_agenda_packet,https://go.boarddocs.com/fl/nassau/Board.nsf/Download-AgendaDetailed?open&id=DDZTHS777EE7
Nassau County School District,2025-03-27,board_agenda_packet,https://go.boarddocs.com/fl/nassau/Board.nsf/Download-AgendaDetailed?open&id=DDZTLU778BA3
Nassau County School District,2025-04-07,board_agenda_packet,https://go.boarddocs.com/fl/nassau/Board.nsf/Download-AgendaDetailed?open&id=DENH7B471667
Nassau County School District,2025-04-10,board_agenda_packet,https://go.boarddocs.com/fl/nassau/Board.nsf/Download-AgendaDetailed?open&id=DF6PBV63E17F
Nassau County School District,2025-04-29,board_agenda_packet,https://go.boarddocs.com/fl/nassau/Board.nsf/Download-AgendaDetailed?open&id=DFQRT86F7DDD
Nassau County School District,2025-05-05,board_agenda_packet,https://go.boarddocs.com/fl/nassau/Board.nsf/Download-AgendaDetailed?open&id=DET6VS16D13F
Nassau County School District,2025-05-08,board_agenda_packet,https://go.boarddocs.com/fl/nassau/Board.nsf/Download-AgendaDetailed?open&id=DET6V716BAC9
Nassau County School District,2025-06-05,board_agenda_packet,https://go.boarddocs.com/fl/nassau/Board.nsf/Download-AgendaDetailed?open&id=DGVLMC573450
Nassau County School District,2025-06-09,board_agenda_packet,https://go.boarddocs.com/fl/nassau/Board.nsf/Download-AgendaDetailed?open&id=DET6YU17063D
Nassau County School District,2025-06-12,board_agenda_packet,https://go.boarddocs.com/fl/nassau/Board.nsf/Download-AgendaDetailed?open&id=DET6YY171ED4
Nassau County School District,2025-07-07,board_agenda_packet,https://go.boarddocs.com/fl/nassau/Board.nsf/Download-AgendaDetailed?open&id=DGFM3558B3A4
Nassau County School District,2025-07-10,board_agenda_packet,https://go.boarddocs.com/fl/nassau/Board.nsf/Download-AgendaDetailed?open&id=DGFLY458C608
Nassau County School District,2025-07-21,board_agenda_packet,https://go.boarddocs.com/fl/nassau/Board.nsf/Download-AgendaDetailed?open&id=DFAN9X5EE984
Nassau County School District,2025-07-21,board_agenda_packet,https://go.boarddocs.com/fl/nassau/Board.nsf/Download-AgendaDetailed?open&id=DFANDR5F7570
Nassau County School District,2025-07-28,board_agenda_packet,https://go.boarddocs.com/fl/nassau/Board.nsf/Download-AgendaDetailed?open&id=DFANGG5FDCC0
Nassau County School District,2025-08-11,board_agenda_packet,https://go.boarddocs.com/fl/nassau/Board.nsf/Download-AgendaDetailed?open&id=DK74KA0BE764
Nassau County School District,2025-08-14,board_agenda_packet,https://go.boarddocs.com/fl/nassau/Board.nsf/Download-AgendaDetailed?open&id=DHPLRJ579E83
Nassau County School District,2025-08-28,board_agenda_packet,https://go.boarddocs.com/fl/nassau/Board.nsf/Download-AgendaDetailed?open&id=DKNS72713718
Nassau County School District,2025-09-08,board_agenda_packet,https://go.boarddocs.com/fl/nassau/Board.nsf/Download-AgendaDetailed?open&id=DL8JWK4F2EAA
Nassau County School District,2025-09-09,board_agenda_packet,https://go.boarddocs.com/fl/nassau/Board.nsf/Download-AgendaDetailed?open&id=DFAQFR69209B
Nassau County School District,2025-09-11,board_agenda_packet,https://go.boarddocs.com/fl/nassau/Board.nsf/Download-AgendaDetailed?open&id=DK74KZ0C01E8
Nassau County School District,2025-10-06,board_agenda_packet,https://go.boarddocs.com/fl/nassau/Board.nsf/Download-AgendaDetailed?open&id=DKPQCN688966
Nassau County School District,2025-10-09,board_agenda_packet,https://go.boarddocs.com/fl/nassau/Board.nsf/Download-AgendaDetailed?open&id=DKPQDE68C7EB
Nassau County School District,2025-11-10,board_agenda_packet,https://go.boarddocs.com/fl/nassau/Board.nsf/Download-AgendaDetailed?open&id=DMMQPE68BEE2
Nassau County School District,2025-11-13,board_agenda_packet,https://go.boarddocs.com/fl/nassau/Board.nsf/Download-AgendaDetailed?open&id=DMMQQF68E66D
Nassau County School District,2025-11-18,board_agenda_packet,https://go.boarddocs.com/fl/nassau/Board.nsf/Download-AgendaDetailed?open&id=DNAQZY6BCDD6
Nassau County School District,2025-12-08,board_agenda_packet,https://go.boarddocs.com/fl/nassau/Board.nsf/Download-AgendaDetailed?open&id=DNKLSX57E0C4
Nassau County School District,2025-12-11,board_agenda_packet,https://go.boarddocs.com/fl/nassau/Board.nsf/Download-AgendaDetailed?open&id=DNKLKE56E37B
Nassau County School District,2025-12-11,board_agenda_packet,https://go.boarddocs.com/fl/nassau/Board.nsf/Download-AgendaDetailed?open&id=DNQSHT72CFD6
Nassau County School District,2026-01-05,board_agenda_packet,https://go.boarddocs.com/fl/nassau/Board.nsf/Download-AgendaDetailed?open&id=DPTUJG7C48B1
Nassau County School District,2026-01-05,board_agenda_packet,https://go.boarddocs.com/fl/nassau/Board.nsf/Download-AgendaDetailed?open&id=DPTUKZ7C8267
Nassau County School District,2026-01-08,board_agenda_packet,https://go.boarddocs.com/fl/nassau/Board.nsf/Download-AgendaDetailed?open&id=DNQR7A6C957E
Nassau County School District,2026-01-27,board_agenda_packet,https://go.boarddocs.com/fl/nassau/Board.nsf/Download-AgendaDetailed?open&id=DQJLPB577F30
Nassau County School District,2026-02-02,board_agenda_packet,https://go.boarddocs.com/fl/nassau/Board.nsf/Download-AgendaDetailed?open&id=DQQT9E76450D
Nassau County School District,2026-02-05,board_agenda_packet,https://go.boarddocs.com/fl/nassau/Board.nsf/Download-AgendaDetailed?open&id=DQQTEP770A43
Nassau County School District,2026-02-09,board_agenda_packet,https://go.boarddocs.com/fl/nassau/Board.nsf/Download-AgendaDetailed?open&id=DQ5NUN619FCC
Nassau County School District,2026-02-10,board_agenda_packet,https://go.boarddocs.com/fl/nassau/Board.nsf/Download-AgendaDetailed?open&id=DNK27H00CE0A
Nassau County School District,2026-02-12,board_agenda_packet,https://go.boarddocs.com/fl/nassau/Board.nsf/Download-AgendaDetailed?open&id=DQ5NYB61FEBA
Nassau County School District,2026-02-24,board_agenda_packet,https://go.boarddocs.com/fl/nassau/Board.nsf/Download-AgendaDetailed?open&id=DREPSX661608
Nassau County School District,2026-02-24,board_agenda_packet,https://go.boarddocs.com/fl/nassau/Board.nsf/Download-AgendaDetailed?open&id=DRGQ7H67EBDB
Nassau County School District,2026-03-02,board_agenda_packet,https://go.boarddocs.com/fl/nassau/Board.nsf/Download-AgendaDetailed?open&id=DRQPW9669314
Nassau County School District,2026-03-09,board_agenda_packet,https://go.boarddocs.com/fl/nassau/Board.nsf/Download-AgendaDetailed?open&id=DRURQV6E921D
Nassau County School District,2026-03-12,board_agenda_packet,https://go.boarddocs.com/fl/nassau/Board.nsf/Download-AgendaDetailed?open&id=DR5P9X6398B5
Nassau County School District,2026-03-23,board_agenda_packet,https://go.boarddocs.com/fl/nassau/Board.nsf/Download-AgendaDetailed?open&id=DS2MSK5CA852
Nassau County School District,2026-04-06,board_agenda_packet,https://go.boarddocs.com/fl/nassau/Board.nsf/Download-AgendaDetailed?open&id=DSGKHL51F635
Nassau County School District,2026-04-09,board_agenda_packet,https://go.boarddocs.com/fl/nassau/Board.nsf/Download-AgendaDetailed?open&id=DRKMFC5B0344
Nassau County School District,2026-04-28,board_agenda_packet,https://go.boarddocs.com/fl/nassau/Board.nsf/Download-AgendaDetailed?open&id=DTBRMB6EA302
Nassau County School District,2026-05-11,board_agenda_packet,https://go.boarddocs.com/fl/nassau/Board.nsf/Download-AgendaDetailed?open&id=DTSPD2640CBE
Nassau County School District,2026-05-14,board_agenda_packet,https://go.boarddocs.com/fl/nassau/Board.nsf/Download-AgendaDetailed?open&id=DSXRUG6FAF74
Nassau County School District,2026-06-08,board_agenda_packet,https://go.boarddocs.com/fl/nassau/Board.nsf/Download-AgendaDetailed?open&id=DUGNFX5FBF8C
Nassau County School District,2026-06-11,board_agenda_packet,https://go.boarddocs.com/fl/nassau/Board.nsf/Download-AgendaDetailed?open&id=DU2M37593BD0
Nassau County School District,2026-06-18,board_agenda_packet,https://go.boarddocs.com/fl/nassau/Board.nsf/Download-AgendaDetailed?open&id=DUWMTY5CDB2F
Nassau County School District,2026-07-20,board_agenda_packet,https://go.boarddocs.com/fl/nassau/Board.nsf/Download-AgendaDetailed?open&id=DVZM6R59C10F
Nassau County School District,2026-07-20,board_agenda_packet,https://go.boarddocs.com/fl/nassau/Board.nsf/Download-AgendaDetailed?open&id=DVZNPP60ED47
Okaloosa County School District,2025-03-10,board_agenda_packet,https://go.boarddocs.com/fl/okaloosa/Board.nsf/Download-AgendaDetailed?open&id=DB7P5462E301
Okaloosa County School District,2025-03-10,board_agenda_packet,https://go.boarddocs.com/fl/okaloosa/Board.nsf/Download-AgendaDetailed?open&id=DE9RMS6EB4D3
Okaloosa County School District,2025-03-10,board_agenda_packet,https://go.boarddocs.com/fl/okaloosa/Board.nsf/Download-AgendaDetailed?open&id=DEJQKC69AA0A
Okaloosa County School District,2025-03-24,board_agenda_packet,https://go.boarddocs.com/fl/okaloosa/Board.nsf/Download-AgendaDetailed?open&id=DB7P6662E81D
Okaloosa County School District,2025-03-24,board_agenda_packet,https://go.boarddocs.com/fl/okaloosa/Board.nsf/Download-AgendaDetailed?open&id=DEXLLV572169
Okaloosa County School District,2025-04-14,board_agenda_packet,https://go.boarddocs.com/fl/okaloosa/Board.nsf/Download-AgendaDetailed?open&id=DDLSVE7482E3
Okaloosa County School District,2025-04-14,board_agenda_packet,https://go.boarddocs.com/fl/okaloosa/Board.nsf/Download-AgendaDetailed?open&id=DFPMWW5D4B77
Okaloosa County School District,2025-04-28,board_agenda_packet,https://go.boarddocs.com/fl/okaloosa/Board.nsf/Download-AgendaDetailed?open&id=DDLSXU74DE97
Okaloosa County School District,2025-04-28,board_agenda_packet,https://go.boarddocs.com/fl/okaloosa/Board.nsf/Download-AgendaDetailed?open&id=DG3QMF69F848
Okaloosa County School District,2025-05-12,board_agenda_packet,https://go.boarddocs.com/fl/okaloosa/Board.nsf/Download-AgendaDetailed?open&id=DDLSYU7503E6
Okaloosa County School District,2025-05-12,board_agenda_packet,https://go.boarddocs.com/fl/okaloosa/Board.nsf/Download-AgendaDetailed?open&id=DGHSNR738756
Okaloosa County School District,2025-05-27,board_agenda_packet,https://go.boarddocs.com/fl/okaloosa/Board.nsf/Download-AgendaDetailed?open&id=DDLT23752EE8
Okaloosa County School District,2025-05-27,board_agenda_packet,https://go.boarddocs.com/fl/okaloosa/Board.nsf/Download-AgendaDetailed?open&id=DG7M4B594E8D
Okaloosa County School District,2025-05-27,board_agenda_packet,https://go.boarddocs.com/fl/okaloosa/Board.nsf/Download-AgendaDetailed?open&id=DGXM3X59581C
Okaloosa County School District,2025-06-09,board_agenda_packet,https://go.boarddocs.com/fl/okaloosa/Board.nsf/Download-AgendaDetailed?open&id=DG7LXP58B816
Okaloosa County School District,2025-06-09,board_agenda_packet,https://go.boarddocs.com/fl/okaloosa/Board.nsf/Download-AgendaDetailed?open&id=DHDQCG68A23A
Okaloosa County School District,2025-06-23,board_agenda_packet,https://go.boarddocs.com/fl/okaloosa/Board.nsf/Download-AgendaDetailed?open&id=DG7LZC58F61F
Okaloosa County School District,2025-06-23,board_agenda_packet,https://go.boarddocs.com/fl/okaloosa/Board.nsf/Download-AgendaDetailed?open&id=DGXMTM5CD082
Okaloosa County School District,2025-06-23,board_agenda_packet,https://go.boarddocs.com/fl/okaloosa/Board.nsf/Download-AgendaDetailed?open&id=DHTNCN5F4EE1
Okaloosa County School District,2025-07-14,board_agenda_packet,https://go.boarddocs.com/fl/okaloosa/Board.nsf/Download-AgendaDetailed?open&id=DGVQF368CDBE
Okaloosa County School District,2025-07-14,board_agenda_packet,https://go.boarddocs.com/fl/okaloosa/Board.nsf/Download-AgendaDetailed?open&id=DJHHWE3E4688
Okaloosa County School District,2025-07-28,board_agenda_packet,https://go.boarddocs.com/fl/okaloosa/Board.nsf/Download-AgendaDetailed?open&id=DGVQER68FB03
Okaloosa County School District,2025-07-28,board_agenda_packet,https://go.boarddocs.com/fl/okaloosa/Board.nsf/Download-AgendaDetailed?open&id=DJWRFT6DD32F
Okaloosa County School District,2025-08-11,board_agenda_packet,https://go.boarddocs.com/fl/okaloosa/Board.nsf/Download-AgendaDetailed?open&id=DGVQGG693DDF
Okaloosa County School District,2025-08-11,board_agenda_packet,https://go.boarddocs.com/fl/okaloosa/Board.nsf/Download-AgendaDetailed?open&id=DK8GLA444CA1
Okaloosa County School District,2025-08-11,board_agenda_packet,https://go.boarddocs.com/fl/okaloosa/Board.nsf/Download-AgendaDetailed?open&id=DKCP7Y634DCC
Okaloosa County School District,2025-08-25,board_agenda_packet,https://go.boarddocs.com/fl/okaloosa/Board.nsf/Download-AgendaDetailed?open&id=DGVQLT695EF3
Okaloosa County School District,2025-08-25,board_agenda_packet,https://go.boarddocs.com/fl/okaloosa/Board.nsf/Download-AgendaDetailed?open&id=DKSSXD74CD31
Okaloosa County School District,2025-09-08,board_agenda_packet,https://go.boarddocs.com/fl/okaloosa/Board.nsf/Download-AgendaDetailed?open&id=DGVQKT69A7DD
Okaloosa County School District,2025-09-08,board_agenda_packet,https://go.boarddocs.com/fl/okaloosa/Board.nsf/Download-AgendaDetailed?open&id=DL8QR56A8241
Okaloosa County School District,2025-09-22,board_agenda_packet,https://go.boarddocs.com/fl/okaloosa/Board.nsf/Download-AgendaDetailed?open&id=DGVQN869E053
Okaloosa County School District,2025-09-22,board_agenda_packet,https://go.boarddocs.com/fl/okaloosa/Board.nsf/Download-AgendaDetailed?open&id=DLNPB763C866
Okaloosa County School District,2025-10-13,board_agenda_packet,https://go.boarddocs.com/fl/okaloosa/Board.nsf/Download-AgendaDetailed?open&id=DGVQYD6A0171
Okaloosa County School District,2025-10-13,board_agenda_packet,https://go.boarddocs.com/fl/okaloosa/Board.nsf/Download-AgendaDetailed?open&id=DMBQS56AA33A
Okaloosa County School District,2025-10-27,board_agenda_packet,https://go.boarddocs.com/fl/okaloosa/Board.nsf/Download-AgendaDetailed?open&id=DGVR236A3CEC
Okaloosa County School District,2025-10-27,board_agenda_packet,https://go.boarddocs.com/fl/okaloosa/Board.nsf/Download-AgendaDetailed?open&id=DMRRGH6DEF71
Okaloosa County School District,2025-11-10,board_agenda_packet,https://go.boarddocs.com/fl/okaloosa/Board.nsf/Download-AgendaDetailed?open&id=DGVR3K6A8D87
Okaloosa County School District,2025-11-10,board_agenda_packet,https://go.boarddocs.com/fl/okaloosa/Board.nsf/Download-AgendaDetailed?open&id=DMAQGM694357
Okaloosa County School District,2025-11-10,board_agenda_packet,https://go.boarddocs.com/fl/okaloosa/Board.nsf/Download-AgendaDetailed?open&id=DN8FXK41438C
Okaloosa County School District,2025-12-08,board_agenda_packet,https://go.boarddocs.com/fl/okaloosa/Board.nsf/Download-AgendaDetailed?open&id=DGVR9T6ACECF
Okaloosa County School District,2025-12-08,board_agenda_packet,https://go.boarddocs.com/fl/okaloosa/Board.nsf/Download-AgendaDetailed?open&id=DP3S9S70FFCD
Okaloosa County School District,2026-01-12,board_agenda_packet,https://go.boarddocs.com/fl/okaloosa/Board.nsf/Download-AgendaDetailed?open&id=DNKJ624B9691
Okaloosa County School District,2026-01-12,board_agenda_packet,https://go.boarddocs.com/fl/okaloosa/Board.nsf/Download-AgendaDetailed?open&id=DQ6MET5AF02B
Okaloosa County School District,2026-01-26,board_agenda_packet,https://go.boarddocs.com/fl/okaloosa/Board.nsf/Download-AgendaDetailed?open&id=DNKJKA4D87D4
Okaloosa County School District,2026-01-26,board_agenda_packet,https://go.boarddocs.com/fl/okaloosa/Board.nsf/Download-AgendaDetailed?open&id=DQLSNE737D39
Okaloosa County School District,2026-02-09,board_agenda_packet,https://go.boarddocs.com/fl/okaloosa/Board.nsf/Download-AgendaDetailed?open&id=DQ3RWM7000EB
Okaloosa County School District,2026-02-09,board_agenda_packet,https://go.boarddocs.com/fl/okaloosa/Board.nsf/Download-AgendaDetailed?open&id=DR5QMY69D3F2
Okaloosa County School District,2026-02-23,board_agenda_packet,https://go.boarddocs.com/fl/okaloosa/Board.nsf/Download-AgendaDetailed?open&id=DQ3RYJ7037FC
Okaloosa County School District,2026-02-23,board_agenda_packet,https://go.boarddocs.com/fl/okaloosa/Board.nsf/Download-AgendaDetailed?open&id=DRGPST66122A
Okaloosa County School District,2026-03-09,board_agenda_packet,https://go.boarddocs.com/fl/okaloosa/Board.nsf/Download-AgendaDetailed?open&id=DQJJGD4D19FB
Okaloosa County School District,2026-03-09,board_agenda_packet,https://go.boarddocs.com/fl/okaloosa/Board.nsf/Download-AgendaDetailed?open&id=DRVLK756E3A4
Okaloosa County School District,2026-03-23,board_agenda_packet,https://go.boarddocs.com/fl/okaloosa/Board.nsf/Download-AgendaDetailed?open&id=DQJJJ64D5D09
Okaloosa County School District,2026-03-23,board_agenda_packet,https://go.boarddocs.com/fl/okaloosa/Board.nsf/Download-AgendaDetailed?open&id=DSCU5Q7A6B23
Okeechobee County School Board,2025-03-11,board_agenda_packet,https://go.boarddocs.com/fl/okee/Board.nsf/Download-AgendaDetailed?open&id=D7VPXF61F9E9
Okeechobee County School Board,2025-04-08,board_agenda_packet,https://go.boarddocs.com/fl/okee/Board.nsf/Download-AgendaDetailed?open&id=D7VPVT61F739
Okeechobee County School Board,2025-05-13,board_agenda_packet,https://go.boarddocs.com/fl/okee/Board.nsf/Download-AgendaDetailed?open&id=D7VNWY61FD74
Okeechobee County School Board,2025-06-10,board_agenda_packet,https://go.boarddocs.com/fl/okee/Board.nsf/Download-AgendaDetailed?open&id=D7VNYN61FF7A
Okeechobee County School Board,2025-07-08,board_agenda_packet,https://go.boarddocs.com/fl/okee/Board.nsf/Download-AgendaDetailed?open&id=DD7JR34D97C2
Okeechobee County School Board,2025-07-22,board_agenda_packet,https://go.boarddocs.com/fl/okee/Board.nsf/Download-AgendaDetailed?open&id=DFEH3P468E43
Okeechobee County School Board,2025-07-29,board_agenda_packet,https://go.boarddocs.com/fl/okee/Board.nsf/Download-AgendaDetailed?open&id=DFEH5E4693C7
Okeechobee County School Board,2025-08-12,board_agenda_packet,https://go.boarddocs.com/fl/okee/Board.nsf/Download-AgendaDetailed?open&id=DFEH724695A3
Okeechobee County School Board,2025-08-25,board_agenda_packet,https://go.boarddocs.com/fl/okee/Board.nsf/Download-AgendaDetailed?open&id=DKPJJV4D69C4
Okeechobee County School Board,2025-09-09,board_agenda_packet,https://go.boarddocs.com/fl/okee/Board.nsf/Download-AgendaDetailed?open&id=DFEH8N469995
Okeechobee County School Board,2025-10-14,board_agenda_packet,https://go.boarddocs.com/fl/okee/Board.nsf/Download-AgendaDetailed?open&id=DGLLBA55BB16
Okeechobee County School Board,2025-10-22,board_agenda_packet,https://go.boarddocs.com/fl/okee/Board.nsf/Download-AgendaDetailed?open&id=DMAKDG50D8E5
Okeechobee County School Board,2025-11-11,board_agenda_packet,https://go.boarddocs.com/fl/okee/Board.nsf/Download-AgendaDetailed?open&id=DGLLCK55EB8F
Okeechobee County School Board,2025-12-09,board_agenda_packet,https://go.boarddocs.com/fl/okee/Board.nsf/Download-AgendaDetailed?open&id=DGLLDF560BD6
Orange County Public Schools,2025-03-11,board_agenda_packet,https://go.boarddocs.com/fla/orcpsfl/Board.nsf/Download-AgendaDetailed?open&id=DAPQAA680631
Orange County Public Schools,2025-04-01,board_agenda_packet,https://go.boarddocs.com/fla/orcpsfl/Board.nsf/Download-AgendaDetailed?open&id=DAPQWE6A9E94
Orange County Public Schools,2025-04-01,board_agenda_packet,https://go.boarddocs.com/fla/orcpsfl/Board.nsf/Download-AgendaDetailed?open&id=DCPPDT642A6A
Orange County Public Schools,2025-04-22,board_agenda_packet,https://go.boarddocs.com/fla/orcpsfl/Board.nsf/Download-AgendaDetailed?open&id=DAPRXV703027
Orange County Public Schools,2025-05-06,board_agenda_packet,https://go.boarddocs.com/fla/orcpsfl/Board.nsf/Download-AgendaDetailed?open&id=DEBSBS71ED8C
Orange County Public Schools,2025-05-08,board_agenda_packet,https://go.boarddocs.com/fla/orcpsfl/Board.nsf/Download-AgendaDetailed?open&id=DFHREJ6DA4E7
Orange County Public Schools,2025-05-13,board_agenda_packet,https://go.boarddocs.com/fla/orcpsfl/Board.nsf/Download-AgendaDetailed?open&id=DBMNMD60966F
Orange County Public Schools,2025-05-13,board_agenda_packet,https://go.boarddocs.com/fla/orcpsfl/Board.nsf/Download-AgendaDetailed?open&id=DCSTFV75F0CB
Orange County Public Schools,2025-05-20,board_agenda_packet,https://go.boarddocs.com/fla/orcpsfl/Board.nsf/Download-AgendaDetailed?open&id=DBMP2760CD30
Orange County Public Schools,2025-06-10,board_agenda_packet,https://go.boarddocs.com/fla/orcpsfl/Board.nsf/Download-AgendaDetailed?open&id=DBMP2H60F270
Orange County Public Schools,2025-06-10,board_agenda_packet,https://go.boarddocs.com/fla/orcpsfl/Board.nsf/Download-AgendaDetailed?open&id=DCSTHQ760094
Orange County Public Schools,2025-06-17,board_agenda_packet,https://go.boarddocs.com/fla/orcpsfl/Board.nsf/Download-AgendaDetailed?open&id=DE2KGB51C882
Orange County Public Schools,2025-06-24,board_agenda_packet,https://go.boarddocs.com/fla/orcpsfl/Board.nsf/Download-AgendaDetailed?open&id=DCSTKN761340
Orange County Public Schools,2025-06-24,board_agenda_packet,https://go.boarddocs.com/fla/orcpsfl/Board.nsf/Download-AgendaDetailed?open&id=DE2MX75D53EC
Orange County Public Schools,2025-07-08,board_agenda_packet,https://go.boarddocs.com/fla/orcpsfl/Board.nsf/Download-AgendaDetailed?open&id=DF7QRV6A9F42
Orange County Public Schools,2025-07-29,board_agenda_packet,https://go.boarddocs.com/fla/orcpsfl/Board.nsf/Download-AgendaDetailed?open&id=DCSTPK763F1C
Orange County Public Schools,2025-08-12,board_agenda_packet,https://go.boarddocs.com/fla/orcpsfl/Board.nsf/Download-AgendaDetailed?open&id=DCSTRM766C22
Orange County Public Schools,2025-08-19,board_agenda_packet,https://go.boarddocs.com/fla/orcpsfl/Board.nsf/Download-AgendaDetailed?open&id=DHCLUA569541
Orange County Public Schools,2025-08-26,board_agenda_packet,https://go.boarddocs.com/fla/orcpsfl/Board.nsf/Download-AgendaDetailed?open&id=DCSTTF767AA0
Orange County Public Schools,2025-08-26,board_agenda_packet,https://go.boarddocs.com/fla/orcpsfl/Board.nsf/Download-AgendaDetailed?open&id=DJLGJ843D140
Orange County Public Schools,2025-09-09,board_agenda_packet,https://go.boarddocs.com/fla/orcpsfl/Board.nsf/Download-AgendaDetailed?open&id=DCSTV87694FE
Orange County Public Schools,2025-09-30,board_agenda_packet,https://go.boarddocs.com/fla/orcpsfl/Board.nsf/Download-AgendaDetailed?open&id=DCSTWZ76AB7C
Orange County Public Schools,2025-09-30,board_agenda_packet,https://go.boarddocs.com/fla/orcpsfl/Board.nsf/Download-AgendaDetailed?open&id=DJLGYZ462A55
Orange County Public Schools,2025-10-14,board_agenda_packet,https://go.boarddocs.com/fla/orcpsfl/Board.nsf/Download-AgendaDetailed?open&id=DCSTYR76BADE
Orange County Public Schools,2025-10-14,board_agenda_packet,https://go.boarddocs.com/fla/orcpsfl/Board.nsf/Download-AgendaDetailed?open&id=DLVRLQ6E8D53
Orange County Public Schools,2025-10-21,board_agenda_packet,https://go.boarddocs.com/fla/orcpsfl/Board.nsf/Download-AgendaDetailed?open&id=DGMHTL4A0EF1
Orange County Public Schools,2025-10-28,board_agenda_packet,https://go.boarddocs.com/fla/orcpsfl/Board.nsf/Download-AgendaDetailed?open&id=DCSU2K76C70A
Orange County Public Schools,2025-11-06,board_agenda_packet,https://go.boarddocs.com/fla/orcpsfl/Board.nsf/Download-AgendaDetailed?open&id=DLFNK96046DF
Orange County Public Schools,2025-11-06,board_agenda_packet,https://go.boarddocs.com/fla/orcpsfl/Board.nsf/Download-AgendaDetailed?open&id=DMAMBW5A81CB
Orange County Public Schools,2025-11-07,board_agenda_packet,https://go.boarddocs.com/fla/orcpsfl/Board.nsf/Download-AgendaDetailed?open&id=DLUKHJ51F639
Orange County Public Schools,2025-11-11,board_agenda_packet,https://go.boarddocs.com/fla/orcpsfl/Board.nsf/Download-AgendaDetailed?open&id=DCSU4B76D54F
Orange County Public Schools,2025-11-18,board_agenda_packet,https://go.boarddocs.com/fla/orcpsfl/Board.nsf/Download-AgendaDetailed?open&id=DMRK4F500B4A
Orange County Public Schools,2025-12-01,board_agenda_packet,https://go.boarddocs.com/fla/orcpsfl/Board.nsf/Download-AgendaDetailed?open&id=DNBLK856E594
Orange County Public Schools,2025-12-09,board_agenda_packet,https://go.boarddocs.com/fla/orcpsfl/Board.nsf/Download-AgendaDetailed?open&id=DMUHUC4A2AFF
Orange County Public Schools,2025-12-16,board_agenda_packet,https://go.boarddocs.com/fla/orcpsfl/Board.nsf/Download-AgendaDetailed?open&id=DMRPNH6570BB
Orange County Public Schools,2026-01-06,board_agenda_packet,https://go.boarddocs.com/fla/orcpsfl/Board.nsf/Download-AgendaDetailed?open&id=DP2NB55F15E3
Orange County Public Schools,2026-01-13,board_agenda_packet,https://go.boarddocs.com/fla/orcpsfl/Board.nsf/Download-AgendaDetailed?open&id=DMUM6Z59CA7E
Orange County Public Schools,2026-01-27,board_agenda_packet,https://go.boarddocs.com/fla/orcpsfl/Board.nsf/Download-AgendaDetailed?open&id=DNDPWD6691EA
Orange County Public Schools,2026-02-03,board_agenda_packet,https://go.boarddocs.com/fla/orcpsfl/Board.nsf/Download-AgendaDetailed?open&id=DNDPXU66C972
Orange County Public Schools,2026-02-03,board_agenda_packet,https://go.boarddocs.com/fla/orcpsfl/Board.nsf/Download-AgendaDetailed?open&id=DQCK88506BCA
Orange County Public Schools,2026-02-10,board_agenda_packet,https://go.boarddocs.com/fla/orcpsfl/Board.nsf/Download-AgendaDetailed?open&id=DMUMZS5DB737
Orange County Public Schools,2026-02-17,board_agenda_packet,https://go.boarddocs.com/fla/orcpsfl/Board.nsf/Download-AgendaDetailed?open&id=DR2RYY6F51E7
Orange County Public Schools,2026-03-10,board_agenda_packet,https://go.boarddocs.com/fla/orcpsfl/Board.nsf/Download-AgendaDetailed?open&id=DMXJCY4C9A7C
Orange County Public Schools,2026-03-24,board_agenda_packet,https://go.boarddocs.com/fla/orcpsfl/Board.nsf/Download-AgendaDetailed?open&id=DNDPZ266F911
Orange County Public Schools,2026-03-26,board_agenda_packet,https://go.boarddocs.com/fla/orcpsfl/Board.nsf/Download-AgendaDetailed?open&id=DSGTW6794FA5
Orange County Public Schools,2026-03-31,board_agenda_packet,https://go.boarddocs.com/fla/orcpsfl/Board.nsf/Download-AgendaDetailed?open&id=DRTRMA6EA1C9
Orange County Public Schools,2026-04-07,board_agenda_packet,https://go.boarddocs.com/fla/orcpsfl/Board.nsf/Download-AgendaDetailed?open&id=DMXK374DFF6A
Orange County Public Schools,2026-04-07,board_agenda_packet,https://go.boarddocs.com/fla/orcpsfl/Board.nsf/Download-AgendaDetailed?open&id=DSHQ4H677BD0
Orange County Public Schools,2026-04-28,board_agenda_packet,https://go.boarddocs.com/fla/orcpsfl/Board.nsf/Download-AgendaDetailed?open&id=DN6NEC5F8E10
Orange County Public Schools,2026-04-28,board_agenda_packet,https://go.boarddocs.com/fla/orcpsfl/Board.nsf/Download-AgendaDetailed?open&id=DQQJQN4E181E
Orange County Public Schools,2026-05-05,board_agenda_packet,https://go.boarddocs.com/fla/orcpsfl/Board.nsf/Download-AgendaDetailed?open&id=DN7NMR60A43B
Orange County Public Schools,2026-05-12,board_agenda_packet,https://go.boarddocs.com/fla/orcpsfl/Board.nsf/Download-AgendaDetailed?open&id=DMXJUZ4EF11E
Orange County Public Schools,2026-05-12,board_agenda_packet,https://go.boarddocs.com/fla/orcpsfl/Board.nsf/Download-AgendaDetailed?open&id=DRZQNU6A2D49
Orange County Public Schools,2026-05-19,board_agenda_packet,https://go.boarddocs.com/fla/orcpsfl/Board.nsf/Download-AgendaDetailed?open&id=DNDQ326744A7
Orange County Public Schools,2026-05-19,board_agenda_packet,https://go.boarddocs.com/fla/orcpsfl/Board.nsf/Download-AgendaDetailed?open&id=DU2NS2613BE1
Orange County Public Schools,2026-06-09,board_agenda_packet,https://go.boarddocs.com/fla/orcpsfl/Board.nsf/Download-AgendaDetailed?open&id=DTLK9550BAA6
Orange County Public Schools,2026-06-16,board_agenda_packet,https://go.boarddocs.com/fla/orcpsfl/Board.nsf/Download-AgendaDetailed?open&id=DNDP8Y637428
Orange County Public Schools,2026-06-23,board_agenda_packet,https://go.boarddocs.com/fla/orcpsfl/Board.nsf/Download-AgendaDetailed?open&id=DN6NHK600773
Orange County Public Schools,2026-07-07,board_agenda_packet,https://go.boarddocs.com/fla/orcpsfl/Board.nsf/Download-AgendaDetailed?open&id=DVBKYX543736
Orange County Public Schools,2026-07-21,board_agenda_packet,https://go.boarddocs.com/fla/orcpsfl/Board.nsf/Download-AgendaDetailed?open&id=DUMLUR584541
Orange County Public Schools,2026-07-28,board_agenda_packet,https://go.boarddocs.com/fla/orcpsfl/Board.nsf/Download-AgendaDetailed?open&id=DNDPDG63FFE0
Orange County Public Schools,2026-08-13,board_agenda_packet,https://go.boarddocs.com/fla/orcpsfl/Board.nsf/Download-AgendaDetailed?open&id=DNDQ6C677ECC
Orange County Public Schools,2026-08-25,board_agenda_packet,https://go.boarddocs.com/fla/orcpsfl/Board.nsf/Download-AgendaDetailed?open&id=DNDPF7645BC0
Orange County Public Schools,2026-08-25,board_agenda_packet,https://go.boarddocs.com/fla/orcpsfl/Board.nsf/Download-AgendaDetailed?open&id=DWTGYL461933
School District of Osceola County,2025-03-11,board_agenda_packet,https://go.boarddocs.com/fl/osceola/Board.nsf/Download-AgendaDetailed?open&id=DBMSFK727BB4
School District of Osceola County,2025-03-11,board_agenda_packet,https://go.boarddocs.com/fl/osceola/Board.nsf/Download-AgendaDetailed?open&id=DBNHM7491E7F
School District of Osceola County,2025-03-25,board_agenda_packet,https://go.boarddocs.com/fl/osceola/Board.nsf/Download-AgendaDetailed?open&id=DBNHWF49E055
School District of Osceola County,2025-03-25,board_agenda_packet,https://go.boarddocs.com/fl/osceola/Board.nsf/Download-AgendaDetailed?open&id=DBNHXA4A1CA8
School District of Osceola County,2025-04-08,board_agenda_packet,https://go.boarddocs.com/fl/osceola/Board.nsf/Download-AgendaDetailed?open&id=DBNJSX4EA670
School District of Osceola County,2025-05-27,board_agenda_packet,https://go.boarddocs.com/fl/osceola/Board.nsf/Download-AgendaDetailed?open&id=DBNKEU50FF56
School District of Osceola County,2025-05-27,board_agenda_packet,https://go.boarddocs.com/fl/osceola/Board.nsf/Download-AgendaDetailed?open&id=DFRRNM6ED4DA
School District of Osceola County,2025-05-27,board_agenda_packet,https://go.boarddocs.com/fl/osceola/Board.nsf/Download-AgendaDetailed?open&id=DFRRPL6EF4FA
School District of Osceola County,2025-06-19,board_agenda_packet,https://go.boarddocs.com/fl/osceola/Board.nsf/Download-AgendaDetailed?open&id=DHSHGW487EC5
School District of Osceola County,2025-06-24,board_agenda_packet,https://go.boarddocs.com/fl/osceola/Board.nsf/Download-AgendaDetailed?open&id=DBNKV453A711
School District of Osceola County,2025-06-24,board_agenda_packet,https://go.boarddocs.com/fl/osceola/Board.nsf/Download-AgendaDetailed?open&id=DBNLBC53E955
School District of Osceola County,2025-06-24,board_agenda_packet,https://go.boarddocs.com/fl/osceola/Board.nsf/Download-AgendaDetailed?open&id=DBNLC25405A4
School District of Osceola County,2025-06-24,board_agenda_packet,https://go.boarddocs.com/fl/osceola/Board.nsf/Download-AgendaDetailed?open&id=DFHRSE6F6271
School District of Osceola County,2025-07-15,board_agenda_packet,https://go.boarddocs.com/fl/osceola/Board.nsf/Download-AgendaDetailed?open&id=DBNMNS5C1ACC
School District of Osceola County,2025-07-15,board_agenda_packet,https://go.boarddocs.com/fl/osceola/Board.nsf/Download-AgendaDetailed?open&id=DBNMPU5C4284
School District of Osceola County,2025-07-15,board_agenda_packet,https://go.boarddocs.com/fl/osceola/Board.nsf/Download-AgendaDetailed?open&id=DHZLAD5599B9
School District of Osceola County,2025-07-29,board_agenda_packet,https://go.boarddocs.com/fl/osceola/Board.nsf/Download-AgendaDetailed?open&id=DBNMQM5C5723
School District of Osceola County,2025-07-29,board_agenda_packet,https://go.boarddocs.com/fl/osceola/Board.nsf/Download-AgendaDetailed?open&id=DBNMTM5C6EC6
School District of Osceola County,2025-07-29,board_agenda_packet,https://go.boarddocs.com/fl/osceola/Board.nsf/Download-AgendaDetailed?open&id=DFRRQ66F0994
School District of Osceola County,2025-08-12,board_agenda_packet,https://go.boarddocs.com/fl/osceola/Board.nsf/Download-AgendaDetailed?open&id=DHJMUB5CE98D
School District of Osceola County,2025-09-09,board_agenda_packet,https://go.boarddocs.com/fl/osceola/Board.nsf/Download-AgendaDetailed?open&id=DHJP8R607809
School District of Osceola County,2025-09-09,board_agenda_packet,https://go.boarddocs.com/fl/osceola/Board.nsf/Download-AgendaDetailed?open&id=DHJPDF609141
School District of Osceola County,2025-10-14,board_agenda_packet,https://go.boarddocs.com/fl/osceola/Board.nsf/Download-AgendaDetailed?open&id=DHJP7360D434
School District of Osceola County,2025-10-28,board_agenda_packet,https://go.boarddocs.com/fl/osceola/Board.nsf/Download-AgendaDetailed?open&id=DLYQYJ6B97F4
School District of Osceola County,2025-10-28,board_agenda_packet,https://go.boarddocs.com/fl/osceola/Board.nsf/Download-AgendaDetailed?open&id=DLYQZP6B9F3A
School District of Osceola County,2025-11-18,board_agenda_packet,https://go.boarddocs.com/fl/osceola/Board.nsf/Download-AgendaDetailed?open&id=DLYR3Y6C19B3
School District of Osceola County,2025-11-18,board_agenda_packet,https://go.boarddocs.com/fl/osceola/Board.nsf/Download-AgendaDetailed?open&id=DLYR7M6CA219
School District of Osceola County,2025-11-18,board_agenda_packet,https://go.boarddocs.com/fl/osceola/Board.nsf/Download-AgendaDetailed?open&id=DMRKRP532610
School District of Osceola County,2025-11-18,board_agenda_packet,https://go.boarddocs.com/fl/osceola/Board.nsf/Download-AgendaDetailed?open&id=DN3PWK669EC2
School District of Osceola County,2025-12-09,board_agenda_packet,https://go.boarddocs.com/fl/osceola/Board.nsf/Download-AgendaDetailed?open&id=DLYR636C637E
School District of Osceola County,2025-12-09,board_agenda_packet,https://go.boarddocs.com/fl/osceola/Board.nsf/Download-AgendaDetailed?open&id=DLYR8B6C2A27
School District of Osceola County,2025-12-09,board_agenda_packet,https://go.boarddocs.com/fl/osceola/Board.nsf/Download-AgendaDetailed?open&id=DNMR6J6C79C9
School District of Osceola County,2026-01-20,board_agenda_packet,https://go.boarddocs.com/fl/osceola/Board.nsf/Download-AgendaDetailed?open&id=DP2Q9T6672B6
School District of Osceola County,2026-01-20,board_agenda_packet,https://go.boarddocs.com/fl/osceola/Board.nsf/Download-AgendaDetailed?open&id=DP2TB66FDC2A
School District of Osceola County,2026-02-10,board_agenda_packet,https://go.boarddocs.com/fl/osceola/Board.nsf/Download-AgendaDetailed?open&id=DP2Q7J66BA61
School District of Osceola County,2026-02-10,board_agenda_packet,https://go.boarddocs.com/fl/osceola/Board.nsf/Download-AgendaDetailed?open&id=DP2TAN6FDA2C
School District of Osceola County,2026-03-10,board_agenda_packet,https://go.boarddocs.com/fl/osceola/Board.nsf/Download-AgendaDetailed?open&id=DP2PX266B086
School District of Osceola County,2026-03-10,board_agenda_packet,https://go.boarddocs.com/fl/osceola/Board.nsf/Download-AgendaDetailed?open&id=DP8QXV6B7F1C
School District of Osceola County,2026-04-07,board_agenda_packet,https://go.boarddocs.com/fl/osceola/Board.nsf/Download-AgendaDetailed?open&id=DRZQ4P678411
School District of Osceola County,2026-04-21,board_agenda_packet,https://go.boarddocs.com/fl/osceola/Board.nsf/Download-AgendaDetailed?open&id=DP2QLV673443
School District of Osceola County,2026-04-21,board_agenda_packet,https://go.boarddocs.com/fl/osceola/Board.nsf/Download-AgendaDetailed?open&id=DP2TR3753CCF
School District of Osceola County,2026-05-05,board_agenda_packet,https://go.boarddocs.com/fl/osceola/Board.nsf/Download-AgendaDetailed?open&id=DP2QV96737F2
School District of Osceola County,2026-05-05,board_agenda_packet,https://go.boarddocs.com/fl/osceola/Board.nsf/Download-AgendaDetailed?open&id=DP2TC86FE11F
School District of Osceola County,2026-05-05,board_agenda_packet,https://go.boarddocs.com/fl/osceola/Board.nsf/Download-AgendaDetailed?open&id=DP2TRP7579DB
School District of Palm Beach County,2025-03-12,board_agenda_packet,https://go.boarddocs.com/fl/palmbeach/Board.nsf/Download-AgendaDetailed?open&id=DDRPYD66CEF9
School District of Palm Beach County,2025-03-12,board_agenda_packet,https://go.boarddocs.com/fl/palmbeach/Board.nsf/Download-AgendaDetailed?open&id=DE9PT6661E79
School District of Palm Beach County,2025-03-12,board_agenda_packet,https://go.boarddocs.com/fl/palmbeach/Board.nsf/Download-AgendaDetailed?open&id=DE9PTM66307A
School District of Palm Beach County,2025-04-02,board_agenda_packet,https://go.boarddocs.com/fl/palmbeach/Board.nsf/Download-AgendaDetailed?open&id=DEGQSP6ABC9D
School District of Palm Beach County,2025-04-02,board_agenda_packet,https://go.boarddocs.com/fl/palmbeach/Board.nsf/Download-AgendaDetailed?open&id=DEGQUE6AFE05
School District of Palm Beach County,2025-04-02,board_agenda_packet,https://go.boarddocs.com/fl/palmbeach/Board.nsf/Download-AgendaDetailed?open&id=DENGGC43B8F5
School District of Palm Beach County,2025-04-02,board_agenda_packet,https://go.boarddocs.com/fl/palmbeach/Board.nsf/Download-AgendaDetailed?open&id=DEWJL94DAC49
School District of Palm Beach County,2025-04-02,board_agenda_packet,https://go.boarddocs.com/fl/palmbeach/Board.nsf/Download-AgendaDetailed?open&id=DEWJLW4DC48E
School District of Palm Beach County,2025-04-23,board_agenda_packet,https://go.boarddocs.com/fl/palmbeach/Board.nsf/Download-AgendaDetailed?open&id=DEGQUS6B0B5A
School District of Palm Beach County,2025-04-23,board_agenda_packet,https://go.boarddocs.com/fl/palmbeach/Board.nsf/Download-AgendaDetailed?open&id=DFBHF34839A5
School District of Palm Beach County,2025-04-23,board_agenda_packet,https://go.boarddocs.com/fl/palmbeach/Board.nsf/Download-AgendaDetailed?open&id=DFBHFE484623
School District of Palm Beach County,2025-04-23,board_agenda_packet,https://go.boarddocs.com/fl/palmbeach/Board.nsf/Download-AgendaDetailed?open&id=DFQLXY58C313
School District of Palm Beach County,2025-04-23,board_agenda_packet,https://go.boarddocs.com/fl/palmbeach/Board.nsf/Download-AgendaDetailed?open&id=DFTKJR5223E9
School District of Palm Beach County,2025-05-07,board_agenda_packet,https://go.boarddocs.com/fl/palmbeach/Board.nsf/Download-AgendaDetailed?open&id=DFKGHT43F0B9
School District of Palm Beach County,2025-05-07,board_agenda_packet,https://go.boarddocs.com/fl/palmbeach/Board.nsf/Download-AgendaDetailed?open&id=DG2MR35C702C
School District of Palm Beach County,2025-05-28,board_agenda_packet,https://go.boarddocs.com/fl/palmbeach/Board.nsf/Download-AgendaDetailed?open&id=DFYGNL4485D1
School District of Palm Beach County,2025-05-28,board_agenda_packet,https://go.boarddocs.com/fl/palmbeach/Board.nsf/Download-AgendaDetailed?open&id=DG2LDL5611D4
School District of Palm Beach County,2025-05-28,board_agenda_packet,https://go.boarddocs.com/fl/palmbeach/Board.nsf/Download-AgendaDetailed?open&id=DGNR726C8C60
School District of Palm Beach County,2025-06-04,board_agenda_packet,https://go.boarddocs.com/fl/palmbeach/Board.nsf/Download-AgendaDetailed?open&id=DFYGM5446A82
School District of Palm Beach County,2025-06-04,board_agenda_packet,https://go.boarddocs.com/fl/palmbeach/Board.nsf/Download-AgendaDetailed?open&id=DGTHHV48A335
School District of Palm Beach County,2025-06-04,board_agenda_packet,https://go.boarddocs.com/fl/palmbeach/Board.nsf/Download-AgendaDetailed?open&id=DGTHN748D467
School District of Palm Beach County,2025-06-04,board_agenda_packet,https://go.boarddocs.com/fl/palmbeach/Board.nsf/Download-AgendaDetailed?open&id=DGXJJT4D7574
School District of Palm Beach County,2025-07-16,board_agenda_packet,https://go.boarddocs.com/fl/palmbeach/Board.nsf/Download-AgendaDetailed?open&id=DGXKRG531FB3
School District of Palm Beach County,2025-07-16,board_agenda_packet,https://go.boarddocs.com/fl/palmbeach/Board.nsf/Download-AgendaDetailed?open&id=DHWQC56899B6
School District of Palm Beach County,2025-07-16,board_agenda_packet,https://go.boarddocs.com/fl/palmbeach/Board.nsf/Download-AgendaDetailed?open&id=DHXN795CF2B7
School District of Palm Beach County,2025-07-30,board_agenda_packet,https://go.boarddocs.com/fl/palmbeach/Board.nsf/Download-AgendaDetailed?open&id=DHHLMY574C5B
School District of Palm Beach County,2025-07-30,board_agenda_packet,https://go.boarddocs.com/fl/palmbeach/Board.nsf/Download-AgendaDetailed?open&id=DHJKAH50EE48
School District of Palm Beach County,2025-07-30,board_agenda_packet,https://go.boarddocs.com/fl/palmbeach/Board.nsf/Download-AgendaDetailed?open&id=DHJKBD50FE5C
School District of Palm Beach County,2025-07-30,board_agenda_packet,https://go.boarddocs.com/fl/palmbeach/Board.nsf/Download-AgendaDetailed?open&id=DHJKBS5113F0
School District of Palm Beach County,2025-07-30,board_agenda_packet,https://go.boarddocs.com/fl/palmbeach/Board.nsf/Download-AgendaDetailed?open&id=DHJKD7515347
School District of Palm Beach County,2025-08-13,board_agenda_packet,https://go.boarddocs.com/fl/palmbeach/Board.nsf/Download-AgendaDetailed?open&id=DJEJ2Y4B0173
School District of Palm Beach County,2025-08-13,board_agenda_packet,https://go.boarddocs.com/fl/palmbeach/Board.nsf/Download-AgendaDetailed?open&id=DJSKFM517536
School District of Palm Beach County,2025-08-13,board_agenda_packet,https://go.boarddocs.com/fl/palmbeach/Board.nsf/Download-AgendaDetailed?open&id=DK9KM8528007
School District of Palm Beach County,2025-08-13,board_agenda_packet,https://go.boarddocs.com/fl/palmbeach/Board.nsf/Download-AgendaDetailed?open&id=DK9KPT52E132
School District of Palm Beach County,2025-08-20,board_agenda_packet,https://go.boarddocs.com/fl/palmbeach/Board.nsf/Download-AgendaDetailed?open&id=DJEHZN4AF238
School District of Palm Beach County,2025-08-20,board_agenda_packet,https://go.boarddocs.com/fl/palmbeach/Board.nsf/Download-AgendaDetailed?open&id=DKBT2Z7554F8
School District of Palm Beach County,2025-08-20,board_agenda_packet,https://go.boarddocs.com/fl/palmbeach/Board.nsf/Download-AgendaDetailed?open&id=DKBT6775CC1B
School District of Palm Beach County,2025-09-10,board_agenda_packet,https://go.boarddocs.com/fl/palmbeach/Board.nsf/Download-AgendaDetailed?open&id=DKCJQF4E48B9
School District of Palm Beach County,2025-09-10,board_agenda_packet,https://go.boarddocs.com/fl/palmbeach/Board.nsf/Download-AgendaDetailed?open&id=DKCJQP4E1B46
School District of Palm Beach County,2025-09-10,board_agenda_packet,https://go.boarddocs.com/fl/palmbeach/Board.nsf/Download-AgendaDetailed?open&id=DKCJRN4E298A
School District of Palm Beach County,2025-09-10,board_agenda_packet,https://go.boarddocs.com/fl/palmbeach/Board.nsf/Download-AgendaDetailed?open&id=DKFK4E4C5587
School District of Palm Beach County,2025-09-10,board_agenda_packet,https://go.boarddocs.com/fl/palmbeach/Board.nsf/Download-AgendaDetailed?open&id=DKYJNY4E11DA
School District of Palm Beach County,2025-09-17,board_agenda_packet,https://go.boarddocs.com/fl/palmbeach/Board.nsf/Download-AgendaDetailed?open&id=DKCJRV4E399E
School District of Palm Beach County,2025-09-17,board_agenda_packet,https://go.boarddocs.com/fl/palmbeach/Board.nsf/Download-AgendaDetailed?open&id=DKYJPK4E26A6
School District of Palm Beach County,2025-09-17,board_agenda_packet,https://go.boarddocs.com/fl/palmbeach/Board.nsf/Download-AgendaDetailed?open&id=DLCRMA6EA201
School District of Palm Beach County,2025-10-08,board_agenda_packet,https://go.boarddocs.com/fl/palmbeach/Board.nsf/Download-AgendaDetailed?open&id=DLBJQQ4E52CC
School District of Palm Beach County,2025-10-08,board_agenda_packet,https://go.boarddocs.com/fl/palmbeach/Board.nsf/Download-AgendaDetailed?open&id=DLBJRL4E661E
School District of Palm Beach County,2025-10-08,board_agenda_packet,https://go.boarddocs.com/fl/palmbeach/Board.nsf/Download-AgendaDetailed?open&id=DLBJRZ4E7B3C
School District of Palm Beach County,2025-10-08,board_agenda_packet,https://go.boarddocs.com/fl/palmbeach/Board.nsf/Download-AgendaDetailed?open&id=DLBJSS4E92FB
School District of Palm Beach County,2025-10-15,board_agenda_packet,https://go.boarddocs.com/fl/palmbeach/Board.nsf/Download-AgendaDetailed?open&id=DLBJQ44E3881
School District of Palm Beach County,2025-10-15,board_agenda_packet,https://go.boarddocs.com/fl/palmbeach/Board.nsf/Download-AgendaDetailed?open&id=DM3J4F4B5A3C
School District of Palm Beach County,2025-10-15,board_agenda_packet,https://go.boarddocs.com/fl/palmbeach/Board.nsf/Download-AgendaDetailed?open&id=DM3J4P4B3A7E
School District of Palm Beach County,2025-10-30,board_agenda_packet,https://go.boarddocs.com/fl/palmbeach/Board.nsf/Download-AgendaDetailed?open&id=DLBJW34EF6EC
School District of Palm Beach County,2025-11-05,board_agenda_packet,https://go.boarddocs.com/fl/palmbeach/Board.nsf/Download-AgendaDetailed?open&id=DM3J7G4BCCA8
School District of Palm Beach County,2025-11-05,board_agenda_packet,https://go.boarddocs.com/fl/palmbeach/Board.nsf/Download-AgendaDetailed?open&id=DM3J7U4BDA9A
School District of Palm Beach County,2025-11-05,board_agenda_packet,https://go.boarddocs.com/fl/palmbeach/Board.nsf/Download-AgendaDetailed?open&id=DM3J874BE722
School District of Palm Beach County,2025-11-05,board_agenda_packet,https://go.boarddocs.com/fl/palmbeach/Board.nsf/Download-AgendaDetailed?open&id=DMXMU25CDF1C
School District of Palm Beach County,2025-11-19,board_agenda_packet,https://go.boarddocs.com/fl/palmbeach/Board.nsf/Download-AgendaDetailed?open&id=DM3J8J4BF4E6
School District of Palm Beach County,2025-11-19,board_agenda_packet,https://go.boarddocs.com/fl/palmbeach/Board.nsf/Download-AgendaDetailed?open&id=DMAPUP6655B8
School District of Palm Beach County,2025-12-09,board_agenda_packet,https://go.boarddocs.com/fl/palmbeach/Board.nsf/Download-AgendaDetailed?open&id=DNYQE568E158
School District of Palm Beach County,2025-12-10,board_agenda_packet,https://go.boarddocs.com/fl/palmbeach/Board.nsf/Download-AgendaDetailed?open&id=DN7HSE49E250
School District of Palm Beach County,2025-12-10,board_agenda_packet,https://go.boarddocs.com/fl/palmbeach/Board.nsf/Download-AgendaDetailed?open&id=DN7HSQ49EEBD
School District of Palm Beach County,2025-12-10,board_agenda_packet,https://go.boarddocs.com/fl/palmbeach/Board.nsf/Download-AgendaDetailed?open&id=DN7HTV49FB09
School District of Palm Beach County,2025-12-10,board_agenda_packet,https://go.boarddocs.com/fl/palmbeach/Board.nsf/Download-AgendaDetailed?open&id=DNMMNS5C1A6A
School District of Palm Beach County,2025-12-17,board_agenda_packet,https://go.boarddocs.com/fl/palmbeach/Board.nsf/Download-AgendaDetailed?open&id=DN7HUK4A062E
School District of Palm Beach County,2025-12-17,board_agenda_packet,https://go.boarddocs.com/fl/palmbeach/Board.nsf/Download-AgendaDetailed?open&id=DNMMQU5C685C
School District of Palm Beach County,2025-12-17,board_agenda_packet,https://go.boarddocs.com/fl/palmbeach/Board.nsf/Download-AgendaDetailed?open&id=DNZLEE56306E
School District of Palm Beach County,2026-01-21,board_agenda_packet,https://go.boarddocs.com/fl/palmbeach/Board.nsf/Download-AgendaDetailed?open&id=DP6KJG52194C
School District of Palm Beach County,2026-01-21,board_agenda_packet,https://go.boarddocs.com/fl/palmbeach/Board.nsf/Download-AgendaDetailed?open&id=DQ3K7W508CCA
School District of Palm Beach County,2026-01-21,board_agenda_packet,https://go.boarddocs.com/fl/palmbeach/Board.nsf/Download-AgendaDetailed?open&id=DQDKCD5133DA
School District of Palm Beach County,2026-02-04,board_agenda_packet,https://go.boarddocs.com/fl/palmbeach/Board.nsf/Download-AgendaDetailed?open&id=DQ5L6U54E8D5
School District of Palm Beach County,2026-02-04,board_agenda_packet,https://go.boarddocs.com/fl/palmbeach/Board.nsf/Download-AgendaDetailed?open&id=DQ6QHP6956FF
School District of Palm Beach County,2026-02-04,board_agenda_packet,https://go.boarddocs.com/fl/palmbeach/Board.nsf/Download-AgendaDetailed?open&id=DQPK6M4FD8BC
School District of Palm Beach County,2026-02-04,board_agenda_packet,https://go.boarddocs.com/fl/palmbeach/Board.nsf/Download-AgendaDetailed?open&id=DQPMKX5BB088
School District of Palm Beach County,2026-02-04,board_agenda_packet,https://go.boarddocs.com/fl/palmbeach/Board.nsf/Download-AgendaDetailed?open&id=DQPMLB5BBE20
School District of Palm Beach County,2026-02-04,board_agenda_packet,https://go.boarddocs.com/fl/palmbeach/Board.nsf/Download-AgendaDetailed?open&id=DQPMM65BDB46
School District of Palm Beach County,2026-02-04,board_agenda_packet,https://go.boarddocs.com/fl/palmbeach/Board.nsf/Download-AgendaDetailed?open&id=DQPMQC5C546D
School District of Palm Beach County,2026-02-18,board_agenda_packet,https://go.boarddocs.com/fl/palmbeach/Board.nsf/Download-AgendaDetailed?open&id=DQ6QG76933AE
School District of Palm Beach County,2026-02-18,board_agenda_packet,https://go.boarddocs.com/fl/palmbeach/Board.nsf/Download-AgendaDetailed?open&id=DQWS2N709798
School District of Palm Beach County,2026-02-18,board_agenda_packet,https://go.boarddocs.com/fl/palmbeach/Board.nsf/Download-AgendaDetailed?open&id=DQWSCC7202F5
School District of Palm Beach County,2026-02-18,board_agenda_packet,https://go.boarddocs.com/fl/palmbeach/Board.nsf/Download-AgendaDetailed?open&id=DR5L785522B7
School District of Palm Beach County,2026-02-25,board_agenda_packet,https://go.boarddocs.com/fl/palmbeach/Board.nsf/Download-AgendaDetailed?open&id=DR5LGH567ECC
Pasco County Schools,2025-04-01,board_agenda_packet,https://go.boarddocs.com/fl/pasco/Board.nsf/Download-AgendaDetailed?open&id=DCQJKB4D70EA
Pasco County Schools,2025-04-01,board_agenda_packet,https://go.boarddocs.com/fl/pasco/Board.nsf/Download-AgendaDetailed?open&id=DEJLCN55EE90
Pasco County Schools,2025-04-01,board_agenda_packet,https://go.boarddocs.com/fl/pasco/Board.nsf/Download-AgendaDetailed?open&id=DEJSJE72E6A6
Pasco County Schools,2025-04-15,board_agenda_packet,https://go.boarddocs.com/fl/pasco/Board.nsf/Download-AgendaDetailed?open&id=DCQJLK4D8723
Pasco County Schools,2025-04-15,board_agenda_packet,https://go.boarddocs.com/fl/pasco/Board.nsf/Download-AgendaDetailed?open&id=DDJMS35C9638
Pasco County Schools,2025-05-06,board_agenda_packet,https://go.boarddocs.com/fl/pasco/Board.nsf/Download-AgendaDetailed?open&id=DF3P6D631317
Pasco County Schools,2025-05-06,board_agenda_packet,https://go.boarddocs.com/fl/pasco/Board.nsf/Download-AgendaDetailed?open&id=DF4NSK61588C
Pasco County Schools,2025-05-20,board_agenda_packet,https://go.boarddocs.com/fl/pasco/Board.nsf/Download-AgendaDetailed?open&id=DF3P7R632DA0
Pasco County Schools,2025-05-20,board_agenda_packet,https://go.boarddocs.com/fl/pasco/Board.nsf/Download-AgendaDetailed?open&id=DFSLDF5526B2
Pasco County Schools,2025-05-20,board_agenda_packet,https://go.boarddocs.com/fl/pasco/Board.nsf/Download-AgendaDetailed?open&id=DGHQRL6A8353
Pasco County Schools,2025-06-17,board_agenda_packet,https://go.boarddocs.com/fl/pasco/Board.nsf/Download-AgendaDetailed?open&id=DFSL755510E3
Pasco County Schools,2025-06-17,board_agenda_packet,https://go.boarddocs.com/fl/pasco/Board.nsf/Download-AgendaDetailed?open&id=DHGJXH4F2481
Pasco County Schools,2025-07-08,board_agenda_packet,https://go.boarddocs.com/fl/pasco/Board.nsf/Download-AgendaDetailed?open&id=DFSL6N54CF8A
Pasco County Schools,2025-07-08,board_agenda_packet,https://go.boarddocs.com/fl/pasco/Board.nsf/Download-AgendaDetailed?open&id=DFSLC4551C90
Pasco County Schools,2025-07-22,board_agenda_packet,https://go.boarddocs.com/fl/pasco/Board.nsf/Download-AgendaDetailed?open&id=DHRPP765509B
Pasco County Schools,2025-07-22,board_agenda_packet,https://go.boarddocs.com/fl/pasco/Board.nsf/Download-AgendaDetailed?open&id=DJFSMH735A83
Pasco County Schools,2025-07-29,board_agenda_packet,https://go.boarddocs.com/fl/pasco/Board.nsf/Download-AgendaDetailed?open&id=DHRPQJ655D45
Pasco County Schools,2025-08-05,board_agenda_packet,https://go.boarddocs.com/fl/pasco/Board.nsf/Download-AgendaDetailed?open&id=DHRPRQ655F40
Pasco County Schools,2025-08-05,board_agenda_packet,https://go.boarddocs.com/fl/pasco/Board.nsf/Download-AgendaDetailed?open&id=DJSPKR650981
Pasco County Schools,2025-08-05,board_agenda_packet,https://go.boarddocs.com/fl/pasco/Board.nsf/Download-AgendaDetailed?open&id=DK2TQ3786B47
Pasco County Schools,2025-08-19,board_agenda_packet,https://go.boarddocs.com/fl/pasco/Board.nsf/Download-AgendaDetailed?open&id=DHRPMN654945
Pasco County Schools,2025-08-19,board_agenda_packet,https://go.boarddocs.com/fl/pasco/Board.nsf/Download-AgendaDetailed?open&id=DJSPMJ65457B
Pasco County Schools,2025-09-09,board_agenda_packet,https://go.boarddocs.com/fl/pasco/Board.nsf/Download-AgendaDetailed?open&id=DJSPP7658A3C
Pasco County Schools,2025-09-09,board_agenda_packet,https://go.boarddocs.com/fl/pasco/Board.nsf/Download-AgendaDetailed?open&id=DJVJ6V4BB4DF
Pasco County Schools,2025-09-23,board_agenda_packet,https://go.boarddocs.com/fl/pasco/Board.nsf/Download-AgendaDetailed?open&id=DJVJ8S4BE881
Pasco County Schools,2025-10-07,board_agenda_packet,https://go.boarddocs.com/fl/pasco/Board.nsf/Download-AgendaDetailed?open&id=DKBP9G638764
Pasco County Schools,2025-10-07,board_agenda_packet,https://go.boarddocs.com/fl/pasco/Board.nsf/Download-AgendaDetailed?open&id=DKGHGA486771
Pasco County Schools,2025-10-21,board_agenda_packet,https://go.boarddocs.com/fl/pasco/Board.nsf/Download-AgendaDetailed?open&id=DKBPAQ6389E4
Pasco County Schools,2025-11-04,board_agenda_packet,https://go.boarddocs.com/fl/pasco/Board.nsf/Download-AgendaDetailed?open&id=DLSQEJ68F4EA
Pasco County Schools,2025-11-04,board_agenda_packet,https://go.boarddocs.com/fl/pasco/Board.nsf/Download-AgendaDetailed?open&id=DMPRQ86F10CC
Pasco County Schools,2025-11-18,board_agenda_packet,https://go.boarddocs.com/fl/pasco/Board.nsf/Download-AgendaDetailed?open&id=DLSQFY692B4B
Pasco County Schools,2025-12-16,board_agenda_packet,https://go.boarddocs.com/fl/pasco/Board.nsf/Download-AgendaDetailed?open&id=DLSQHH69649F
Pasco County Schools,2025-12-16,board_agenda_packet,https://go.boarddocs.com/fl/pasco/Board.nsf/Download-AgendaDetailed?open&id=DN7PCW63D331
Pasco County Schools,2026-01-13,board_agenda_packet,https://go.boarddocs.com/fl/pasco/Board.nsf/Download-AgendaDetailed?open&id=DNMSPR72C033
Pasco County Schools,2026-01-13,board_agenda_packet,https://go.boarddocs.com/fl/pasco/Board.nsf/Download-AgendaDetailed?open&id=DPDLCR55F30B
Pasco County Schools,2026-02-03,board_agenda_packet,https://go.boarddocs.com/fl/pasco/Board.nsf/Download-AgendaDetailed?open&id=DNMSR572C53B
Pasco County Schools,2026-02-03,board_agenda_packet,https://go.boarddocs.com/fl/pasco/Board.nsf/Download-AgendaDetailed?open&id=DQ2LSX580663
Pasco County Schools,2026-02-17,board_agenda_packet,https://go.boarddocs.com/fl/pasco/Board.nsf/Download-AgendaDetailed?open&id=DNMSSB72C858
Pasco County Schools,2026-02-17,board_agenda_packet,https://go.boarddocs.com/fl/pasco/Board.nsf/Download-AgendaDetailed?open&id=DQ2LT3580AC5
Pasco County Schools,2026-03-03,board_agenda_packet,https://go.boarddocs.com/fl/pasco/Board.nsf/Download-AgendaDetailed?open&id=DNMSTM72C9FF
Pasco County Schools,2026-03-03,board_agenda_packet,https://go.boarddocs.com/fl/pasco/Board.nsf/Download-AgendaDetailed?open&id=DR5MWV5D4A0A
Pinellas County Schools,2025-03-11,board_agenda_packet,https://go.boarddocs.com/fl/pcsfl/Board.nsf/Download-AgendaDetailed?open&id=DBCM2A591080
Pinellas County Schools,2025-03-25,board_agenda_packet,https://go.boarddocs.com/fl/pcsfl/Board.nsf/Download-AgendaDetailed?open&id=DBCMP55C2802
Pinellas County Schools,2025-04-08,board_agenda_packet,https://go.boarddocs.com/fl/pcsfl/Board.nsf/Download-AgendaDetailed?open&id=DBCMQL5C2A20
Pinellas County Schools,2025-04-15,board_agenda_packet,https://go.boarddocs.com/fl/pcsfl/Board.nsf/Download-AgendaDetailed?open&id=DBCM2K59122F
Pinellas County Schools,2025-04-22,board_agenda_packet,https://go.boarddocs.com/fl/pcsfl/Board.nsf/Download-AgendaDetailed?open&id=DBCM945A1858
Pinellas County Schools,2025-05-06,board_agenda_packet,https://go.boarddocs.com/fl/pcsfl/Board.nsf/Download-AgendaDetailed?open&id=DBCM2U591413
Pinellas County Schools,2025-05-13,board_agenda_packet,https://go.boarddocs.com/fl/pcsfl/Board.nsf/Download-AgendaDetailed?open&id=DBCMAK5A1A94
Pinellas County Schools,2025-05-27,board_agenda_packet,https://go.boarddocs.com/fl/pcsfl/Board.nsf/Download-AgendaDetailed?open&id=DGTGFG439844
Pinellas County Schools,2025-06-10,board_agenda_packet,https://go.boarddocs.com/fl/pcsfl/Board.nsf/Download-AgendaDetailed?open&id=DBCMC25A1CC2
Pinellas County Schools,2025-06-24,board_agenda_packet,https://go.boarddocs.com/fl/pcsfl/Board.nsf/Download-AgendaDetailed?open&id=DBCM355916EB
Pinellas County Schools,2025-06-24,board_agenda_packet,https://go.boarddocs.com/fl/pcsfl/Board.nsf/Download-AgendaDetailed?open&id=DBCMDH5A1E93
Pinellas County Schools,2025-07-15,board_agenda_packet,https://go.boarddocs.com/fl/pcsfl/Board.nsf/Download-AgendaDetailed?open&id=DBCMF25A207A
Pinellas County Schools,2025-07-22,board_agenda_packet,https://go.boarddocs.com/fl/pcsfl/Board.nsf/Download-AgendaDetailed?open&id=DBCM7359CD5F
Pinellas County Schools,2025-07-29,board_agenda_packet,https://go.boarddocs.com/fl/pcsfl/Board.nsf/Download-AgendaDetailed?open&id=DBCMGH5A2234
Pinellas County Schools,2025-07-29,board_agenda_packet,https://go.boarddocs.com/fl/pcsfl/Board.nsf/Download-AgendaDetailed?open&id=DBCMWJ5D3D62
Pinellas County Schools,2025-08-19,board_agenda_packet,https://go.boarddocs.com/fl/pcsfl/Board.nsf/Download-AgendaDetailed?open&id=DBCM3E591A1B
Pinellas County Schools,2025-08-19,board_agenda_packet,https://go.boarddocs.com/fl/pcsfl/Board.nsf/Download-AgendaDetailed?open&id=DBCMHY5A2449
Pinellas County Schools,2025-09-09,board_agenda_packet,https://go.boarddocs.com/fl/pcsfl/Board.nsf/Download-AgendaDetailed?open&id=DBCMKF5A2797
Pinellas County Schools,2025-09-09,board_agenda_packet,https://go.boarddocs.com/fl/pcsfl/Board.nsf/Download-AgendaDetailed?open&id=DBCMYD5D821B
Pinellas County Schools,2025-09-16,board_agenda_packet,https://go.boarddocs.com/fl/pcsfl/Board.nsf/Download-AgendaDetailed?open&id=DBCLZZ590D3B
Pinellas County Schools,2025-09-23,board_agenda_packet,https://go.boarddocs.com/fl/pcsfl/Board.nsf/Download-AgendaDetailed?open&id=DBCMLY5A2C87
Pinellas County Schools,2025-10-14,board_agenda_packet,https://go.boarddocs.com/fl/pcsfl/Board.nsf/Download-AgendaDetailed?open&id=DBCMNH5A2E53
Pinellas County Schools,2025-10-21,board_agenda_packet,https://go.boarddocs.com/fl/pcsfl/Board.nsf/Download-AgendaDetailed?open&id=DBCM7C59CF3D
Pinellas County Schools,2025-10-28,board_agenda_packet,https://go.boarddocs.com/fl/pcsfl/Board.nsf/Download-AgendaDetailed?open&id=DBCMQ35A3020
Pinellas County Schools,2025-11-11,board_agenda_packet,https://go.boarddocs.com/fl/pcsfl/Board.nsf/Download-AgendaDetailed?open&id=DBCMRJ5A31DC
Pinellas County Schools,2025-11-11,board_agenda_packet,https://go.boarddocs.com/fl/pcsfl/Board.nsf/Download-AgendaDetailed?open&id=DBCMZD5DA87E
Pinellas County Schools,2025-11-11,board_agenda_packet,https://go.boarddocs.com/fl/pcsfl/Board.nsf/Download-AgendaDetailed?open&id=DBCMZP5DB1A0
Pinellas County Schools,2025-12-09,board_agenda_packet,https://go.boarddocs.com/fl/pcsfl/Board.nsf/Download-AgendaDetailed?open&id=DNRJRB4E69FC
Pinellas County Schools,2025-12-16,board_agenda_packet,https://go.boarddocs.com/fl/pcsfl/Board.nsf/Download-AgendaDetailed?open&id=DMQQRV6A9EA3
Pinellas County Schools,2026-01-20,board_agenda_packet,https://go.boarddocs.com/fl/pcsfl/Board.nsf/Download-AgendaDetailed?open&id=DNRJSQ4E8471
Pinellas County Schools,2026-01-27,board_agenda_packet,https://go.boarddocs.com/fl/pcsfl/Board.nsf/Download-AgendaDetailed?open&id=DMQQTH6AC098
Pinellas County Schools,2026-02-10,board_agenda_packet,https://go.boarddocs.com/fl/pcsfl/Board.nsf/Download-AgendaDetailed?open&id=DMQR7K6B0388
Pinellas County Schools,2026-02-17,board_agenda_packet,https://go.boarddocs.com/fl/pcsfl/Board.nsf/Download-AgendaDetailed?open&id=DNRJT84E8D1C
Pinellas County Schools,2026-02-24,board_agenda_packet,https://go.boarddocs.com/fl/pcsfl/Board.nsf/Download-AgendaDetailed?open&id=DMQRD76C8FF3
Pinellas County Schools,2026-03-11,board_agenda_packet,https://go.boarddocs.com/fl/pcsfl/Board.nsf/Download-AgendaDetailed?open&id=DMQQV96AF398
Pinellas County Schools,2026-03-24,board_agenda_packet,https://go.boarddocs.com/fl/pcsfl/Board.nsf/Download-AgendaDetailed?open&id=DNRJTN4E8F06
Pinellas County Schools,2026-03-31,board_agenda_packet,https://go.boarddocs.com/fl/pcsfl/Board.nsf/Download-AgendaDetailed?open&id=DMQRG86C9C59
Pinellas County Schools,2026-04-14,board_agenda_packet,https://go.boarddocs.com/fl/pcsfl/Board.nsf/Download-AgendaDetailed?open&id=DMQRHT6CA79D
Pinellas County Schools,2026-04-21,board_agenda_packet,https://go.boarddocs.com/fl/pcsfl/Board.nsf/Download-AgendaDetailed?open&id=DNRJU44E909F
Pinellas County Schools,2026-04-28,board_agenda_packet,https://go.boarddocs.com/fl/pcsfl/Board.nsf/Download-AgendaDetailed?open&id=DMQQWR6AF64D
Pinellas County Schools,2026-05-12,board_agenda_packet,https://go.boarddocs.com/fl/pcsfl/Board.nsf/Download-AgendaDetailed?open&id=DNRJUJ4E966A
Pinellas County Schools,2026-05-19,board_agenda_packet,https://go.boarddocs.com/fl/pcsfl/Board.nsf/Download-AgendaDetailed?open&id=DMQQY86AF8E8
Pinellas County Schools,2026-06-09,board_agenda_packet,https://go.boarddocs.com/fl/pcsfl/Board.nsf/Download-AgendaDetailed?open&id=DMQRKC6CAAC8
Pinellas County Schools,2026-06-23,board_agenda_packet,https://go.boarddocs.com/fl/pcsfl/Board.nsf/Download-AgendaDetailed?open&id=DMQQZP6AFB6A
Pinellas County Schools,2026-06-23,board_agenda_packet,https://go.boarddocs.com/fl/pcsfl/Board.nsf/Download-AgendaDetailed?open&id=DNRJVE4E9A10
Pinellas County Schools,2026-07-14,board_agenda_packet,https://go.boarddocs.com/fl/pcsfl/Board.nsf/Download-AgendaDetailed?open&id=DMQR4M6AFFA7
Pinellas County Schools,2026-07-21,board_agenda_packet,https://go.boarddocs.com/fl/pcsfl/Board.nsf/Download-AgendaDetailed?open&id=DNRJVU4E9D73
Pinellas County Schools,2026-07-28,board_agenda_packet,https://go.boarddocs.com/fl/pcsfl/Board.nsf/Download-AgendaDetailed?open&id=DMQRLU6CAE92
Pinellas County Schools,2026-07-28,board_agenda_packet,https://go.boarddocs.com/fl/pcsfl/Board.nsf/Download-AgendaDetailed?open&id=DMQRQ86D4747
Pinellas County Schools,2026-08-13,board_agenda_packet,https://go.boarddocs.com/fl/pcsfl/Board.nsf/Download-AgendaDetailed?open&id=DMQR646B0163
Pinellas County Schools,2026-08-13,board_agenda_packet,https://go.boarddocs.com/fl/pcsfl/Board.nsf/Download-AgendaDetailed?open&id=DNRJRU4E7DB7
Polk County Public Schools,2025-03-11,board_agenda_packet,https://go.boarddocs.com/fl/polk/Board.nsf/Download-AgendaDetailed?open&id=DE3KDZ5171AB
Polk County Public Schools,2025-03-25,board_agenda_packet,https://go.boarddocs.com/fl/polk/Board.nsf/Download-AgendaDetailed?open&id=DBLS8371164D
Polk County Public Schools,2025-03-25,board_agenda_packet,https://go.boarddocs.com/fl/polk/Board.nsf/Download-AgendaDetailed?open&id=DBLS8R71387C
Polk County Public Schools,2025-04-08,board_agenda_packet,https://go.boarddocs.com/fl/polk/Board.nsf/Download-AgendaDetailed?open&id=DCQJU34EC0D1
Polk County Public Schools,2025-04-10,board_agenda_packet,https://go.boarddocs.com/fl/polk/Board.nsf/Download-AgendaDetailed?open&id=DF6PPT65A144
Polk County Public Schools,2025-04-15,board_agenda_packet,https://go.boarddocs.com/fl/polk/Board.nsf/Download-AgendaDetailed?open&id=DFKQ6V67D6CD
Polk County Public Schools,2025-04-16,board_agenda_packet,https://go.boarddocs.com/fl/polk/Board.nsf/Download-AgendaDetailed?open&id=DFKQXZ6B83DC
Polk County Public Schools,2025-04-22,board_agenda_packet,https://go.boarddocs.com/fl/polk/Board.nsf/Download-AgendaDetailed?open&id=DCQJTM4EBE4A
Polk County Public Schools,2025-04-22,board_agenda_packet,https://go.boarddocs.com/fl/polk/Board.nsf/Download-AgendaDetailed?open&id=DCQJUH4EC67F
Polk County Public Schools,2025-04-30,board_agenda_packet,https://go.boarddocs.com/fl/polk/Board.nsf/Download-AgendaDetailed?open&id=DFJRSL6F6575
Polk County Public Schools,2025-05-06,board_agenda_packet,https://go.boarddocs.com/fl/polk/Board.nsf/Download-AgendaDetailed?open&id=DD5TBQ769BE9
Polk County Public Schools,2025-05-06,board_agenda_packet,https://go.boarddocs.com/fl/polk/Board.nsf/Download-AgendaDetailed?open&id=DD5TC6769F9A
Polk County Public Schools,2025-06-10,board_agenda_packet,https://go.boarddocs.com/fl/polk/Board.nsf/Download-AgendaDetailed?open&id=DD6LT7580D6A
Polk County Public Schools,2025-06-10,board_agenda_packet,https://go.boarddocs.com/fl/polk/Board.nsf/Download-AgendaDetailed?open&id=DD6LTN58103B
Polk County Public Schools,2025-06-10,board_agenda_packet,https://go.boarddocs.com/fl/polk/Board.nsf/Download-AgendaDetailed?open&id=DGQQ2D672D09
Polk County Public Schools,2025-07-29,board_agenda_packet,https://go.boarddocs.com/fl/polk/Board.nsf/Download-AgendaDetailed?open&id=DFCRBW6D429A
Polk County Public Schools,2025-07-29,board_agenda_packet,https://go.boarddocs.com/fl/polk/Board.nsf/Download-AgendaDetailed?open&id=DFCRCX6D6861
Polk County Public Schools,2025-08-12,board_agenda_packet,https://go.boarddocs.com/fl/polk/Board.nsf/Download-AgendaDetailed?open&id=DFHNUE619DA9
Polk County Public Schools,2025-08-12,board_agenda_packet,https://go.boarddocs.com/fl/polk/Board.nsf/Download-AgendaDetailed?open&id=DFHNUU619F84
Polk County Public Schools,2025-09-02,board_agenda_packet,https://go.boarddocs.com/fl/polk/Board.nsf/Download-AgendaDetailed?open&id=DFXJRF4E6DFD
Polk County Public Schools,2025-09-09,board_agenda_packet,https://go.boarddocs.com/fl/polk/Board.nsf/Download-AgendaDetailed?open&id=DGVHKC48DA60
Polk County Public Schools,2025-09-09,board_agenda_packet,https://go.boarddocs.com/fl/polk/Board.nsf/Download-AgendaDetailed?open&id=DGVHNH48F7D2
Polk County Public Schools,2025-09-23,board_agenda_packet,https://go.boarddocs.com/fl/polk/Board.nsf/Download-AgendaDetailed?open&id=DH4SNZ731957
Polk County Public Schools,2025-09-30,board_agenda_packet,https://go.boarddocs.com/fl/polk/Board.nsf/Download-AgendaDetailed?open&id=DLLP6Y6329F9
Polk County Public Schools,2025-10-14,board_agenda_packet,https://go.boarddocs.com/fl/polk/Board.nsf/Download-AgendaDetailed?open&id=DHSGP544B812
Polk County Public Schools,2025-10-28,board_agenda_packet,https://go.boarddocs.com/fl/polk/Board.nsf/Download-AgendaDetailed?open&id=DHSGRE450D3F
Polk County Public Schools,2025-10-28,board_agenda_packet,https://go.boarddocs.com/fl/polk/Board.nsf/Download-AgendaDetailed?open&id=DHSGTQ4519CE
Polk County Public Schools,2025-11-18,board_agenda_packet,https://go.boarddocs.com/fl/polk/Board.nsf/Download-AgendaDetailed?open&id=DJVLTH581AC7
Polk County Public Schools,2025-11-18,board_agenda_packet,https://go.boarddocs.com/fl/polk/Board.nsf/Download-AgendaDetailed?open&id=DLZPWV66AAB1
Polk County Public Schools,2025-12-09,board_agenda_packet,https://go.boarddocs.com/fl/polk/Board.nsf/Download-AgendaDetailed?open&id=DK2J794BC47A
Polk County Public Schools,2025-12-09,board_agenda_packet,https://go.boarddocs.com/fl/polk/Board.nsf/Download-AgendaDetailed?open&id=DK2J7P4BC646
Polk County Public Schools,2026-01-09,board_agenda_packet,https://go.boarddocs.com/fl/polk/Board.nsf/Download-AgendaDetailed?open&id=DKAPLM612819
Polk County Public Schools,2026-01-09,board_agenda_packet,https://go.boarddocs.com/fl/polk/Board.nsf/Download-AgendaDetailed?open&id=DQ4MFJ5B0ACD
Polk County Public Schools,2026-01-13,board_agenda_packet,https://go.boarddocs.com/fl/polk/Board.nsf/Download-AgendaDetailed?open&id=DKAPPC619833
Polk County Public Schools,2026-01-27,board_agenda_packet,https://go.boarddocs.com/fl/polk/Board.nsf/Download-AgendaDetailed?open&id=DKAPQ361B0CC
Polk County Public Schools,2026-01-27,board_agenda_packet,https://go.boarddocs.com/fl/polk/Board.nsf/Download-AgendaDetailed?open&id=DKAPQJ61B2B3
Polk County Public Schools,2026-02-10,board_agenda_packet,https://go.boarddocs.com/fl/polk/Board.nsf/Download-AgendaDetailed?open&id=DMPJF64CED46
Polk County Public Schools,2026-02-10,board_agenda_packet,https://go.boarddocs.com/fl/polk/Board.nsf/Download-AgendaDetailed?open&id=DPGRFT6DD524
Polk County Public Schools,2026-02-24,board_agenda_packet,https://go.boarddocs.com/fl/polk/Board.nsf/Download-AgendaDetailed?open&id=DMPJHD4D4010
Polk County Public Schools,2026-02-24,board_agenda_packet,https://go.boarddocs.com/fl/polk/Board.nsf/Download-AgendaDetailed?open&id=DMPJHX4D48D2
Polk County Public Schools,2026-03-10,board_agenda_packet,https://go.boarddocs.com/fl/polk/Board.nsf/Download-AgendaDetailed?open&id=DPGMGY58B12A
Polk County Public Schools,2026-03-24,board_agenda_packet,https://go.boarddocs.com/fl/polk/Board.nsf/Download-AgendaDetailed?open&id=DPGMHD58C369
Polk County Public Schools,2026-03-24,board_agenda_packet,https://go.boarddocs.com/fl/polk/Board.nsf/Download-AgendaDetailed?open&id=DPGMHT58C777
Polk County Public Schools,2026-04-10,board_agenda_packet,https://go.boarddocs.com/fl/polk/Board.nsf/Download-AgendaDetailed?open&id=DPGMN658E856
Polk County Public Schools,2026-04-14,board_agenda_packet,https://go.boarddocs.com/fl/polk/Board.nsf/Download-AgendaDetailed?open&id=DPGMRR59FE57
Polk County Public Schools,2026-04-28,board_agenda_packet,https://go.boarddocs.com/fl/polk/Board.nsf/Download-AgendaDetailed?open&id=DQYRKK6E621F
Polk County Public Schools,2026-04-28,board_agenda_packet,https://go.boarddocs.com/fl/polk/Board.nsf/Download-AgendaDetailed?open&id=DQYRL26E68C1
Polk County Public Schools,2026-05-05,board_agenda_packet,https://go.boarddocs.com/fl/polk/Board.nsf/Download-AgendaDetailed?open&id=DQYRME6EA76E
Polk County Public Schools,2026-05-05,board_agenda_packet,https://go.boarddocs.com/fl/polk/Board.nsf/Download-AgendaDetailed?open&id=DQYRMU6EA97F
Polk County Public Schools,2026-06-09,board_agenda_packet,https://go.boarddocs.com/fl/polk/Board.nsf/Download-AgendaDetailed?open&id=DQYRQV6EE407
Polk County Public Schools,2026-06-09,board_agenda_packet,https://go.boarddocs.com/fl/polk/Board.nsf/Download-AgendaDetailed?open&id=DQYRRB6EE61D
Polk County Public Schools,2026-07-13,board_agenda_packet,https://go.boarddocs.com/fl/polk/Board.nsf/Download-AgendaDetailed?open&id=DTFJ2V4B20AB
Polk County Public Schools,2026-07-13,board_agenda_packet,https://go.boarddocs.com/fl/polk/Board.nsf/Download-AgendaDetailed?open&id=DTTKZX545C9C
Polk County Public Schools,2026-07-28,board_agenda_packet,https://go.boarddocs.com/fl/polk/Board.nsf/Download-AgendaDetailed?open&id=DTFJ5B4B7A63
Polk County Public Schools,2026-07-28,board_agenda_packet,https://go.boarddocs.com/fl/polk/Board.nsf/Download-AgendaDetailed?open&id=DTFJ5V4B90FE
Polk County Public Schools,2026-07-28,board_agenda_packet,https://go.boarddocs.com/fl/polk/Board.nsf/Download-AgendaDetailed?open&id=DVJRUG6FAF6A
Polk County Public Schools,2026-08-25,board_agenda_packet,https://go.boarddocs.com/fl/polk/Board.nsf/Download-AgendaDetailed?open&id=DVHHY34AB68D
Polk County Public Schools,2026-08-25,board_agenda_packet,https://go.boarddocs.com/fl/polk/Board.nsf/Download-AgendaDetailed?open&id=DVHHYM4AC482
Putnam County School District,2025-03-25,board_agenda_packet,https://go.boarddocs.com/fl/putnam/Board.nsf/Download-AgendaDetailed?open&id=DAYLRE57C88F
Putnam County School District,2025-03-27,board_agenda_packet,https://go.boarddocs.com/fl/putnam/Board.nsf/Download-AgendaDetailed?open&id=DD7JWH4F1740
Putnam County School District,2025-04-15,board_agenda_packet,https://go.boarddocs.com/fl/putnam/Board.nsf/Download-AgendaDetailed?open&id=DAYLRJ57D1ED
Putnam County School District,2025-04-15,board_agenda_packet,https://go.boarddocs.com/fl/putnam/Board.nsf/Download-AgendaDetailed?open&id=DEGQ4P670019
Putnam County School District,2025-04-15,board_agenda_packet,https://go.boarddocs.com/fl/putnam/Board.nsf/Download-AgendaDetailed?open&id=DEMJ9J4C1A47
Putnam County School District,2025-04-24,board_agenda_packet,https://go.boarddocs.com/fl/putnam/Board.nsf/Download-AgendaDetailed?open&id=DD7JWR4F2C37
Putnam County School District,2025-04-29,board_agenda_packet,https://go.boarddocs.com/fl/putnam/Board.nsf/Download-AgendaDetailed?open&id=DAYLRW57DC8D
Putnam County School District,2025-05-13,board_agenda_packet,https://go.boarddocs.com/fl/putnam/Board.nsf/Download-AgendaDetailed?open&id=DAYLS557E798
Putnam County School District,2025-05-22,board_agenda_packet,https://go.boarddocs.com/fl/putnam/Board.nsf/Download-AgendaDetailed?open&id=DD7JZ54F8E5A
Putnam County School District,2025-06-03,board_agenda_packet,https://go.boarddocs.com/fl/putnam/Board.nsf/Download-AgendaDetailed?open&id=DAYLSD57F110
Putnam County School District,2025-06-17,board_agenda_packet,https://go.boarddocs.com/fl/putnam/Board.nsf/Download-AgendaDetailed?open&id=DAYLSM57FAAF
Putnam County School District,2025-06-18,board_agenda_packet,https://go.boarddocs.com/fl/putnam/Board.nsf/Download-AgendaDetailed?open&id=DH9NH75FF764
Putnam County School District,2025-06-26,board_agenda_packet,https://go.boarddocs.com/fl/putnam/Board.nsf/Download-AgendaDetailed?open&id=DD7JZQ4FA466
Putnam County School District,2025-06-26,board_agenda_packet,https://go.boarddocs.com/fl/putnam/Board.nsf/Download-AgendaDetailed?open&id=DHUNAA5EF5EF
Putnam County School District,2025-06-26,board_agenda_packet,https://go.boarddocs.com/fl/putnam/Board.nsf/Download-AgendaDetailed?open&id=DHUNDK5F7146
Putnam County School District,2025-07-08,board_agenda_packet,https://go.boarddocs.com/fl/putnam/Board.nsf/Download-AgendaDetailed?open&id=DAYLSY580759
Putnam County School District,2025-07-08,board_agenda_packet,https://go.boarddocs.com/fl/putnam/Board.nsf/Download-AgendaDetailed?open&id=DHYHGR48780E
Putnam County School District,2025-07-24,board_agenda_packet,https://go.boarddocs.com/fl/putnam/Board.nsf/Download-AgendaDetailed?open&id=DD7K474FBB2D
Putnam County School District,2025-07-24,board_agenda_packet,https://go.boarddocs.com/fl/putnam/Board.nsf/Download-AgendaDetailed?open&id=DJKH9C45A3E8
Putnam County School District,2025-07-30,board_agenda_packet,https://go.boarddocs.com/fl/putnam/Board.nsf/Download-AgendaDetailed?open&id=DJKH9F45BD43
Putnam County School District,2025-08-05,board_agenda_packet,https://go.boarddocs.com/fl/putnam/Board.nsf/Download-AgendaDetailed?open&id=DAYLT85810FB
Putnam County School District,2025-08-05,board_agenda_packet,https://go.boarddocs.com/fl/putnam/Board.nsf/Download-AgendaDetailed?open&id=DJKP5762E520
Putnam County School District,2025-08-19,board_agenda_packet,https://go.boarddocs.com/fl/putnam/Board.nsf/Download-AgendaDetailed?open&id=DAYLTG581ADB
Putnam County School District,2025-08-28,board_agenda_packet,https://go.boarddocs.com/fl/putnam/Board.nsf/Download-AgendaDetailed?open&id=DD7K5W4FD2A3
Putnam County School District,2025-09-09,board_agenda_packet,https://go.boarddocs.com/fl/putnam/Board.nsf/Download-AgendaDetailed?open&id=DAYLTS5825C4
Putnam County School District,2025-09-09,board_agenda_packet,https://go.boarddocs.com/fl/putnam/Board.nsf/Download-AgendaDetailed?open&id=DKCLZ258EAAF
Putnam County School District,2025-09-11,board_agenda_packet,https://go.boarddocs.com/fl/putnam/Board.nsf/Download-AgendaDetailed?open&id=DJKH9K45CE6A
Putnam County School District,2025-09-17,board_agenda_packet,https://go.boarddocs.com/fl/putnam/Board.nsf/Download-AgendaDetailed?open&id=DLDHKR48E81D
Putnam County School District,2025-09-23,board_agenda_packet,https://go.boarddocs.com/fl/putnam/Board.nsf/Download-AgendaDetailed?open&id=DAYLU2582FBC
Putnam County School District,2025-09-25,board_agenda_packet,https://go.boarddocs.com/fl/putnam/Board.nsf/Download-AgendaDetailed?open&id=DD7K6B4FE6FC
Putnam County School District,2025-10-07,board_agenda_packet,https://go.boarddocs.com/fl/putnam/Board.nsf/Download-AgendaDetailed?open&id=DAYLUB583A2A
Putnam County School District,2025-10-07,board_agenda_packet,https://go.boarddocs.com/fl/putnam/Board.nsf/Download-AgendaDetailed?open&id=DKXLC455D2F7
Putnam County School District,2025-10-08,board_agenda_packet,https://go.boarddocs.com/fl/putnam/Board.nsf/Download-AgendaDetailed?open&id=DM4H8R474C38
Putnam County School District,2025-10-21,board_agenda_packet,https://go.boarddocs.com/fl/putnam/Board.nsf/Download-AgendaDetailed?open&id=DAYLUK584270
Putnam County School District,2025-10-23,board_agenda_packet,https://go.boarddocs.com/fl/putnam/Board.nsf/Download-AgendaDetailed?open&id=DD7K7F507AF4
Putnam County School District,2025-11-04,board_agenda_packet,https://go.boarddocs.com/fl/putnam/Board.nsf/Download-AgendaDetailed?open&id=DAYLUT584C4F
Putnam County School District,2025-11-18,board_agenda_packet,https://go.boarddocs.com/fl/putnam/Board.nsf/Download-AgendaDetailed?open&id=DMAKLN526A9C
Putnam County School District,2025-11-19,board_agenda_packet,https://go.boarddocs.com/fl/putnam/Board.nsf/Download-AgendaDetailed?open&id=DNCM9B5A2145
Putnam County School District,2025-11-20,board_agenda_packet,https://go.boarddocs.com/fl/putnam/Board.nsf/Download-AgendaDetailed?open&id=DD7K8C509DCD
Putnam County School District,2025-12-16,board_agenda_packet,https://go.boarddocs.com/fl/putnam/Board.nsf/Download-AgendaDetailed?open&id=DNKK4M500D3B
Putnam County School District,2025-12-18,board_agenda_packet,https://go.boarddocs.com/fl/putnam/Board.nsf/Download-AgendaDetailed?open&id=DD7KA550BB56
Putnam County School District,2026-01-06,board_agenda_packet,https://go.boarddocs.com/fl/putnam/Board.nsf/Download-AgendaDetailed?open&id=DNMK224FB0D5
Putnam County School District,2026-01-20,board_agenda_packet,https://go.boarddocs.com/fl/putnam/Board.nsf/Download-AgendaDetailed?open&id=DNMK2B4FB9D8
Putnam County School District,2026-01-20,board_agenda_packet,https://go.boarddocs.com/fl/putnam/Board.nsf/Download-AgendaDetailed?open&id=DQ3PWA669440
Putnam County School District,2026-01-22,board_agenda_packet,https://go.boarddocs.com/fl/putnam/Board.nsf/Download-AgendaDetailed?open&id=DQ4LKE56EC1D
Putnam County School District,2026-02-03,board_agenda_packet,https://go.boarddocs.com/fl/putnam/Board.nsf/Download-AgendaDetailed?open&id=DNMK2H4FC2A4
Putnam County School District,2026-02-06,board_agenda_packet,https://go.boarddocs.com/fl/putnam/Board.nsf/Download-AgendaDetailed?open&id=DQXJ4W4B5F5B
Putnam County School District,2026-02-11,board_agenda_packet,https://go.boarddocs.com/fl/putnam/Board.nsf/Download-AgendaDetailed?open&id=DQXKPK527BC2
Putnam County School District,2026-02-19,board_agenda_packet,https://go.boarddocs.com/fl/putnam/Board.nsf/Download-AgendaDetailed?open&id=DQ4LKP56F64E
Putnam County School District,2026-02-24,board_agenda_packet,https://go.boarddocs.com/fl/putnam/Board.nsf/Download-AgendaDetailed?open&id=DNMK2V4FCFBA
Putnam County School District,2026-03-10,board_agenda_packet,https://go.boarddocs.com/fl/putnam/Board.nsf/Download-AgendaDetailed?open&id=DNMK354FD895
Putnam County School District,2026-03-13,board_agenda_packet,https://go.boarddocs.com/fl/putnam/Board.nsf/Download-AgendaDetailed?open&id=DS3FUT40DCC7
Putnam County School District,2026-03-24,board_agenda_packet,https://go.boarddocs.com/fl/putnam/Board.nsf/Download-AgendaDetailed?open&id=DNMK3E4FE119
Putnam County School District,2026-03-26,board_agenda_packet,https://go.boarddocs.com/fl/putnam/Board.nsf/Download-AgendaDetailed?open&id=DQ4LKW56FE94
Putnam County School District,2026-04-14,board_agenda_packet,https://go.boarddocs.com/fl/putnam/Board.nsf/Download-AgendaDetailed?open&id=DNMK3L4FE9DA
Putnam County School District,2026-04-14,board_agenda_packet,https://go.boarddocs.com/fl/putnam/Board.nsf/Download-AgendaDetailed?open&id=DSAPTE6614EF
Putnam County School District,2026-04-15,board_agenda_packet,https://go.boarddocs.com/fl/putnam/Board.nsf/Download-AgendaDetailed?open&id=DSAPU86638D9
Putnam County School District,2026-04-15,board_agenda_packet,https://go.boarddocs.com/fl/putnam/Board.nsf/Download-AgendaDetailed?open&id=DSAPUD664C27
Putnam County School District,2026-04-22,board_agenda_packet,https://go.boarddocs.com/fl/putnam/Board.nsf/Download-AgendaDetailed?open&id=DSZMWF5D395B
Putnam County School District,2026-04-23,board_agenda_packet,https://go.boarddocs.com/fl/putnam/Board.nsf/Download-AgendaDetailed?open&id=DRLH6546E9BB
Putnam County School District,2026-04-28,board_agenda_packet,https://go.boarddocs.com/fl/putnam/Board.nsf/Download-AgendaDetailed?open&id=DNMK3U4FF44D
Putnam County School District,2026-04-28,board_agenda_packet,https://go.boarddocs.com/fl/putnam/Board.nsf/Download-AgendaDetailed?open&id=DSXLGP56854C
Putnam County School District,2026-05-12,board_agenda_packet,https://go.boarddocs.com/fl/putnam/Board.nsf/Download-AgendaDetailed?open&id=DNMK454FFEAC
Putnam County School District,2026-05-21,board_agenda_packet,https://go.boarddocs.com/fl/putnam/Board.nsf/Download-AgendaDetailed?open&id=DRLH6X4708FD
Putnam County School District,2026-05-27,board_agenda_packet,https://go.boarddocs.com/fl/putnam/Board.nsf/Download-AgendaDetailed?open&id=DT5HK748CFCE
Putnam County School District,2026-05-27,board_agenda_packet,https://go.boarddocs.com/fl/putnam/Board.nsf/Download-AgendaDetailed?open&id=DU2K6L4E08D2
Putnam County School District,2026-06-09,board_agenda_packet,https://go.boarddocs.com/fl/putnam/Board.nsf/Download-AgendaDetailed?open&id=DNMK4D500903
Putnam County School District,2026-06-09,board_agenda_packet,https://go.boarddocs.com/fl/putnam/Board.nsf/Download-AgendaDetailed?open&id=DSNK7P508468
Putnam County School District,2026-06-23,board_agenda_packet,https://go.boarddocs.com/fl/putnam/Board.nsf/Download-AgendaDetailed?open&id=DNMKQ452EBFB
Putnam County School District,2026-06-25,board_agenda_packet,https://go.boarddocs.com/fl/putnam/Board.nsf/Download-AgendaDetailed?open&id=DRLH784712AD
Putnam County School District,2026-07-14,board_agenda_packet,https://go.boarddocs.com/fl/putnam/Board.nsf/Download-AgendaDetailed?open&id=DNMKTH53391F
Putnam County School District,2026-07-14,board_agenda_packet,https://go.boarddocs.com/fl/putnam/Board.nsf/Download-AgendaDetailed?open&id=DVDGSW4544F5
Putnam County School District,2026-07-23,board_agenda_packet,https://go.boarddocs.com/fl/putnam/Board.nsf/Download-AgendaDetailed?open&id=DRLH7K471F6D
Putnam County School District,2026-07-23,board_agenda_packet,https://go.boarddocs.com/fl/putnam/Board.nsf/Download-AgendaDetailed?open&id=DVYNAH5EFE61
Putnam County School District,2026-07-27,board_agenda_packet,https://go.boarddocs.com/fl/putnam/Board.nsf/Download-AgendaDetailed?open&id=DVYNDV5F514E
Putnam County School District,2026-07-27,board_agenda_packet,https://go.boarddocs.com/fl/putnam/Board.nsf/Download-AgendaDetailed?open&id=DW6QUD6AFCFE
Putnam County School District,2026-07-27,board_agenda_packet,https://go.boarddocs.com/fl/putnam/Board.nsf/Download-AgendaDetailed?open&id=DW9M7259CBDE
Putnam County School District,2026-08-05,board_agenda_packet,https://go.boarddocs.com/fl/putnam/Board.nsf/Download-AgendaDetailed?open&id=DWEJU24ECD11
Putnam County School District,2026-08-11,board_agenda_packet,https://go.boarddocs.com/fl/putnam/Board.nsf/Download-AgendaDetailed?open&id=DNMKTM534635
Putnam County School District,2026-08-25,board_agenda_packet,https://go.boarddocs.com/fl/putnam/Board.nsf/Download-AgendaDetailed?open&id=DNMKWB5350BD
Putnam County School District,2026-08-25,board_agenda_packet,https://go.boarddocs.com/fl/putnam/Board.nsf/Download-AgendaDetailed?open&id=DWNR8Y6CD4CC
Putnam County School District,2026-08-27,board_agenda_packet,https://go.boarddocs.com/fl/putnam/Board.nsf/Download-AgendaDetailed?open&id=DWWRRQ6F455E
St. Johns County School District,2025-03-11,board_agenda_packet,https://go.boarddocs.com/fl/stjohns/Board.nsf/Download-AgendaDetailed?open&id=DDTH5H46D287
St. Johns County School District,2025-03-25,board_agenda_packet,https://go.boarddocs.com/fl/stjohns/Board.nsf/Download-AgendaDetailed?open&id=DF2EW63C5EF8
St. Johns County School District,2025-04-01,board_agenda_packet,https://go.boarddocs.com/fl/stjohns/Board.nsf/Download-AgendaDetailed?open&id=DF5GW345BB96
St. Johns County School District,2025-04-08,board_agenda_packet,https://go.boarddocs.com/fl/stjohns/Board.nsf/Download-AgendaDetailed?open&id=DE4QRL6A9461
St. Johns County School District,2025-04-10,board_agenda_packet,https://go.boarddocs.com/fl/stjohns/Board.nsf/Download-AgendaDetailed?open&id=DFGSVH7486E8
St. Johns County School District,2025-04-22,board_agenda_packet,https://go.boarddocs.com/fl/stjohns/Board.nsf/Download-AgendaDetailed?open&id=DFTLZA58F024
St. Johns County School District,2025-04-25,board_agenda_packet,https://go.boarddocs.com/fl/stjohns/Board.nsf/Download-AgendaDetailed?open&id=DFXGVT45B285
St. Johns County School District,2025-05-06,board_agenda_packet,https://go.boarddocs.com/fl/stjohns/Board.nsf/Download-AgendaDetailed?open&id=DGAS7U715ADD
St. Johns County School District,2025-05-13,board_agenda_packet,https://go.boarddocs.com/fl/stjohns/Board.nsf/Download-AgendaDetailed?open&id=DGHN455D1442
St. Johns County School District,2025-05-20,board_agenda_packet,https://go.boarddocs.com/fl/stjohns/Board.nsf/Download-AgendaDetailed?open&id=DFBLYU58E2B8
St. Johns County School District,2025-05-27,board_agenda_packet,https://go.boarddocs.com/fl/stjohns/Board.nsf/Download-AgendaDetailed?open&id=DGXGR94506F7
St. Johns County School District,2025-06-03,board_agenda_packet,https://go.boarddocs.com/fl/stjohns/Board.nsf/Download-AgendaDetailed?open&id=DH3NUS61AB86
St. Johns County School District,2025-06-10,board_agenda_packet,https://go.boarddocs.com/fl/stjohns/Board.nsf/Download-AgendaDetailed?open&id=DGPQPS6A4FB3
St. Johns County School District,2025-06-17,board_agenda_packet,https://go.boarddocs.com/fl/stjohns/Board.nsf/Download-AgendaDetailed?open&id=DHAKV453631E
St. Johns County School District,2025-06-24,board_agenda_packet,https://go.boarddocs.com/fl/stjohns/Board.nsf/Download-AgendaDetailed?open&id=DHHN7N5E69B0
St. Johns County School District,2025-07-01,board_agenda_packet,https://go.boarddocs.com/fl/stjohns/Board.nsf/Download-AgendaDetailed?open&id=DHWGSJ4537D4
St. Johns County School District,2025-07-08,board_agenda_packet,https://go.boarddocs.com/fl/stjohns/Board.nsf/Download-AgendaDetailed?open&id=DHQLSC57F0A1
St. Johns County School District,2025-07-24,board_agenda_packet,https://go.boarddocs.com/fl/stjohns/Board.nsf/Download-AgendaDetailed?open&id=DJCKYN542D5E
St. Johns County School District,2025-07-24,board_agenda_packet,https://go.boarddocs.com/fl/stjohns/Board.nsf/Download-AgendaDetailed?open&id=DJLKJC5213DD
St. Johns County School District,2025-07-30,board_agenda_packet,https://go.boarddocs.com/fl/stjohns/Board.nsf/Download-AgendaDetailed?open&id=DJCL3G548EE8
St. Johns County School District,2025-08-05,board_agenda_packet,https://go.boarddocs.com/fl/stjohns/Board.nsf/Download-AgendaDetailed?open&id=DJZKMY529C0B
St. Johns County School District,2025-08-12,board_agenda_packet,https://go.boarddocs.com/fl/stjohns/Board.nsf/Download-AgendaDetailed?open&id=DJDPVZ668939
St. Johns County School District,2025-08-26,board_agenda_packet,https://go.boarddocs.com/fl/stjohns/Board.nsf/Download-AgendaDetailed?open&id=DK9PM36539E4
St. Johns County School District,2025-09-02,board_agenda_packet,https://go.boarddocs.com/fl/stjohns/Board.nsf/Download-AgendaDetailed?open&id=DKXH8247313A
St. Johns County School District,2025-09-11,board_agenda_packet,https://go.boarddocs.com/fl/stjohns/Board.nsf/Download-AgendaDetailed?open&id=DJNGMD447584
St. Johns County School District,2025-09-11,board_agenda_packet,https://go.boarddocs.com/fl/stjohns/Board.nsf/Download-AgendaDetailed?open&id=DKBH78471350
St. Johns County School District,2025-09-16,board_agenda_packet,https://go.boarddocs.com/fl/stjohns/Board.nsf/Download-AgendaDetailed?open&id=DLFGSR453FD4
St. Johns County School District,2025-09-23,board_agenda_packet,https://go.boarddocs.com/fl/stjohns/Board.nsf/Download-AgendaDetailed?open&id=DLLF5N3D7917
St. Johns County School District,2025-10-07,board_agenda_packet,https://go.boarddocs.com/fl/stjohns/Board.nsf/Download-AgendaDetailed?open&id=DLRH8G4740A2
St. Johns County School District,2025-10-07,board_agenda_packet,https://go.boarddocs.com/fl/stjohns/Board.nsf/Download-AgendaDetailed?open&id=DM4M3M594ABE
St. Johns County School District,2025-10-14,board_agenda_packet,https://go.boarddocs.com/fl/stjohns/Board.nsf/Download-AgendaDetailed?open&id=DLFJBL4C334E
St. Johns County School District,2025-10-28,board_agenda_packet,https://go.boarddocs.com/fl/stjohns/Board.nsf/Download-AgendaDetailed?open&id=DMQEYF3CB507
St. Johns County School District,2025-11-04,board_agenda_packet,https://go.boarddocs.com/fl/stjohns/Board.nsf/Download-AgendaDetailed?open&id=DMXF423D3B55
St. Johns County School District,2025-11-18,board_agenda_packet,https://go.boarddocs.com/fl/stjohns/Board.nsf/Download-AgendaDetailed?open&id=DMBJWN4F327B
St. Johns County School District,2025-11-18,board_agenda_packet,https://go.boarddocs.com/fl/stjohns/Board.nsf/Download-AgendaDetailed?open&id=DMBK4L501094
St. Johns County School District,2025-11-18,board_agenda_packet,https://go.boarddocs.com/fl/stjohns/Board.nsf/Download-AgendaDetailed?open&id=DMBK7C507754
St. Johns County School District,2025-12-08,board_agenda_packet,https://go.boarddocs.com/fl/stjohns/Board.nsf/Download-AgendaDetailed?open&id=DNKQNC689889
St. Johns County School District,2025-12-09,board_agenda_packet,https://go.boarddocs.com/fl/stjohns/Board.nsf/Download-AgendaDetailed?open&id=DNCRN26E9FED
St. Johns County School District,2026-01-06,board_agenda_packet,https://go.boarddocs.com/fl/stjohns/Board.nsf/Download-AgendaDetailed?open&id=DNKQL469C4C5
St. Johns County School District,2026-01-06,board_agenda_packet,https://go.boarddocs.com/fl/stjohns/Board.nsf/Download-AgendaDetailed?open&id=DNRHPG4974A4
St. Johns County School District,2026-01-13,board_agenda_packet,https://go.boarddocs.com/fl/stjohns/Board.nsf/Download-AgendaDetailed?open&id=DP8GU3457048
St. Johns County School District,2026-01-27,board_agenda_packet,https://go.boarddocs.com/fl/stjohns/Board.nsf/Download-AgendaDetailed?open&id=DQ4NY8622CCE
St. Johns County School District,2026-02-03,board_agenda_packet,https://go.boarddocs.com/fl/stjohns/Board.nsf/Download-AgendaDetailed?open&id=DQQMBM5A0F46
St. Johns County School District,2026-02-10,board_agenda_packet,https://go.boarddocs.com/fl/stjohns/Board.nsf/Download-AgendaDetailed?open&id=DQ4MJB5B46C6
St. Johns County School District,2026-02-24,board_agenda_packet,https://go.boarddocs.com/fl/stjohns/Board.nsf/Download-AgendaDetailed?open&id=DQQMGW5B2EED
St. Johns County School District,2026-03-03,board_agenda_packet,https://go.boarddocs.com/fl/stjohns/Board.nsf/Download-AgendaDetailed?open&id=DRKLVJ5867CE
St. Johns County School District,2026-03-10,board_agenda_packet,https://go.boarddocs.com/fl/stjohns/Board.nsf/Download-AgendaDetailed?open&id=DR5LJN567271
St. Johns County School District,2026-03-24,board_agenda_packet,https://go.boarddocs.com/fl/stjohns/Board.nsf/Download-AgendaDetailed?open&id=DRMH3U46950D
St. Johns County School District,2026-04-07,board_agenda_packet,https://go.boarddocs.com/fl/stjohns/Board.nsf/Download-AgendaDetailed?open&id=DRU2W3041C1E
St. Johns County School District,2026-04-14,board_agenda_packet,https://go.boarddocs.com/fl/stjohns/Board.nsf/Download-AgendaDetailed?open&id=DRVPLW6533FE
St. Johns County School District,2026-04-28,board_agenda_packet,https://go.boarddocs.com/fl/stjohns/Board.nsf/Download-AgendaDetailed?open&id=DS3LRF57CE34
St. Johns County School District,2026-05-05,board_agenda_packet,https://go.boarddocs.com/fl/stjohns/Board.nsf/Download-AgendaDetailed?open&id=DSQKMY529CBB
St. Johns County School District,2026-05-12,board_agenda_packet,https://go.boarddocs.com/fl/stjohns/Board.nsf/Download-AgendaDetailed?open&id=DSKPQD65B632
St. Johns County School District,2026-05-26,board_agenda_packet,https://go.boarddocs.com/fl/stjohns/Board.nsf/Download-AgendaDetailed?open&id=DTKQ6K679558
St. Johns County School District,2026-06-02,board_agenda_packet,https://go.boarddocs.com/fl/stjohns/Board.nsf/Download-AgendaDetailed?open&id=DTKQL367F9F3
St. Johns County School District,2026-06-09,board_agenda_packet,https://go.boarddocs.com/fl/stjohns/Board.nsf/Download-AgendaDetailed?open&id=DTVP9D63840A
St. Johns County School District,2026-06-23,board_agenda_packet,https://go.boarddocs.com/fl/stjohns/Board.nsf/Download-AgendaDetailed?open&id=DU8MG25B1D46
St. Johns County School District,2026-07-14,board_agenda_packet,https://go.boarddocs.com/fl/stjohns/Board.nsf/Download-AgendaDetailed?open&id=DUVQBB687D1D
St. Johns County School District,2026-07-23,board_agenda_packet,https://go.boarddocs.com/fl/stjohns/Board.nsf/Download-AgendaDetailed?open&id=DUVG3K41DA65
St. Johns County School District,2026-07-28,board_agenda_packet,https://go.boarddocs.com/fl/stjohns/Board.nsf/Download-AgendaDetailed?open&id=DUPQSE6AB2A1
St. Johns County School District,2026-07-30,board_agenda_packet,https://go.boarddocs.com/fl/stjohns/Board.nsf/Download-AgendaDetailed?open&id=DUVG5V4230E3
St. Johns County School District,2026-08-04,board_agenda_packet,https://go.boarddocs.com/fl/stjohns/Board.nsf/Download-AgendaDetailed?open&id=DVBMD85AB48C
St. Johns County School District,2026-08-11,board_agenda_packet,https://go.boarddocs.com/fl/stjohns/Board.nsf/Download-AgendaDetailed?open&id=DVSPF7645D27
St. Johns County School District,2026-08-25,board_agenda_packet,https://go.boarddocs.com/fl/stjohns/Board.nsf/Download-AgendaDetailed?open&id=DWFJVF4F04E1
St. Johns County School District,2026-08-25,board_agenda_packet,https://go.boarddocs.com/fl/stjohns/Board.nsf/Download-AgendaDetailed?open&id=DX4FKX3F8FBF
St. Johns County School District,2026-09-01,board_agenda_packet,https://go.boarddocs.com/fl/stjohns/Board.nsf/Download-AgendaDetailed?open&id=DWFJW64F1F51
St. Johns County School District,2026-09-01,board_agenda_packet,https://go.boarddocs.com/fl/stjohns/Board.nsf/Download-AgendaDetailed?open&id=DX4FTM40AFCB
St. Lucie Public Schools,2025-03-11,board_agenda_packet,https://go.boarddocs.com/fl/stlucie/Board.nsf/Download-AgendaDetailed?open&id=DDSJJX4D7A09
St. Lucie Public Schools,2025-03-25,board_agenda_packet,https://go.boarddocs.com/fl/stlucie/Board.nsf/Download-AgendaDetailed?open&id=DEVJR74E6517
St. Lucie Public Schools,2025-03-25,board_agenda_packet,https://go.boarddocs.com/fl/stlucie/Board.nsf/Download-AgendaDetailed?open&id=DEVJZA4F93E1
St. Lucie Public Schools,2025-03-31,board_agenda_packet,https://go.boarddocs.com/fl/stlucie/Board.nsf/Download-AgendaDetailed?open&id=DF7JGR4D28B7
St. Lucie Public Schools,2025-04-08,board_agenda_packet,https://go.boarddocs.com/fl/stlucie/Board.nsf/Download-AgendaDetailed?open&id=DEUPF8645FAD
St. Lucie Public Schools,2025-05-13,board_agenda_packet,https://go.boarddocs.com/fl/stlucie/Board.nsf/Download-AgendaDetailed?open&id=DFLLY858CCBA
St. Lucie Public Schools,2025-06-10,board_agenda_packet,https://go.boarddocs.com/fl/stlucie/Board.nsf/Download-AgendaDetailed?open&id=DGQMAJ5A29BB
St. Lucie Public Schools,2025-06-24,board_agenda_packet,https://go.boarddocs.com/fl/stlucie/Board.nsf/Download-AgendaDetailed?open&id=DHPKQH52DC11
St. Lucie Public Schools,2025-06-25,board_agenda_packet,https://go.boarddocs.com/fl/stlucie/Board.nsf/Download-AgendaDetailed?open&id=DHYNPA60DCC3
St. Lucie Public Schools,2025-07-08,board_agenda_packet,https://go.boarddocs.com/fl/stlucie/Board.nsf/Download-AgendaDetailed?open&id=DHGRQ66F0DE1
St. Lucie Public Schools,2025-07-29,board_agenda_packet,https://go.boarddocs.com/fl/stlucie/Board.nsf/Download-AgendaDetailed?open&id=DJSGZJ463DC3
St. Lucie Public Schools,2025-07-29,board_agenda_packet,https://go.boarddocs.com/fl/stlucie/Board.nsf/Download-AgendaDetailed?open&id=DJSLER563DF8
St. Lucie Public Schools,2025-08-12,board_agenda_packet,https://go.boarddocs.com/fl/stlucie/Board.nsf/Download-AgendaDetailed?open&id=DJFPFN646FFB
St. Lucie Public Schools,2025-08-26,board_agenda_packet,https://go.boarddocs.com/fl/stlucie/Board.nsf/Download-AgendaDetailed?open&id=DKJSX96ED1C9
St. Lucie Public Schools,2025-09-08,board_agenda_packet,https://go.boarddocs.com/fl/stlucie/Board.nsf/Download-AgendaDetailed?open&id=DL5RQW6F29F9
St. Lucie Public Schools,2025-09-09,board_agenda_packet,https://go.boarddocs.com/fl/stlucie/Board.nsf/Download-AgendaDetailed?open&id=DKGLQU57B804
St. Lucie Public Schools,2025-09-23,board_agenda_packet,https://go.boarddocs.com/fl/stlucie/Board.nsf/Download-AgendaDetailed?open&id=DLDP4Y62CA81
St. Lucie Public Schools,2025-09-23,board_agenda_packet,https://go.boarddocs.com/fl/stlucie/Board.nsf/Download-AgendaDetailed?open&id=DLKJA24C2C7F
St. Lucie Public Schools,2025-10-14,board_agenda_packet,https://go.boarddocs.com/fl/stlucie/Board.nsf/Download-AgendaDetailed?open&id=DLCHZH4AEC6D
St. Lucie Public Schools,2025-10-28,board_agenda_packet,https://go.boarddocs.com/fl/stlucie/Board.nsf/Download-AgendaDetailed?open&id=DMNKNF52ACA2
St. Lucie Public Schools,2025-11-18,board_agenda_packet,https://go.boarddocs.com/fl/stlucie/Board.nsf/Download-AgendaDetailed?open&id=DM9MQ55C4B13
St. Lucie Public Schools,2025-11-18,board_agenda_packet,https://go.boarddocs.com/fl/stlucie/Board.nsf/Download-AgendaDetailed?open&id=DMUPQY65CD12
St. Lucie Public Schools,2025-12-09,board_agenda_packet,https://go.boarddocs.com/fl/stlucie/Board.nsf/Download-AgendaDetailed?open&id=DNCLT5580D8E
St. Lucie Public Schools,2026-01-13,board_agenda_packet,https://go.boarddocs.com/fl/stlucie/Board.nsf/Download-AgendaDetailed?open&id=DP7LPY579725
St. Lucie Public Schools,2026-01-27,board_agenda_packet,https://go.boarddocs.com/fl/stlucie/Board.nsf/Download-AgendaDetailed?open&id=DQHLG8567460
St. Lucie Public Schools,2026-02-10,board_agenda_packet,https://go.boarddocs.com/fl/stlucie/Board.nsf/Download-AgendaDetailed?open&id=DQBRY46F3262
St. Lucie Public Schools,2026-02-24,board_agenda_packet,https://go.boarddocs.com/fl/stlucie/Board.nsf/Download-AgendaDetailed?open&id=DRDJYV4F854A
St. Lucie Public Schools,2026-03-10,board_agenda_packet,https://go.boarddocs.com/fl/stlucie/Board.nsf/Download-AgendaDetailed?open&id=DR5R5C6C4C5E
St. Lucie Public Schools,2026-04-13,board_agenda_packet,https://go.boarddocs.com/fl/stlucie/Board.nsf/Download-AgendaDetailed?open&id=DSWP7N6341CB
St. Lucie Public Schools,2026-04-14,board_agenda_packet,https://go.boarddocs.com/fl/stlucie/Board.nsf/Download-AgendaDetailed?open&id=DS2HHX48A49A
St. Lucie Public Schools,2026-04-28,board_agenda_packet,https://go.boarddocs.com/fl/stlucie/Board.nsf/Download-AgendaDetailed?open&id=DTBHNA494858
St. Lucie Public Schools,2026-05-12,board_agenda_packet,https://go.boarddocs.com/fl/stlucie/Board.nsf/Download-AgendaDetailed?open&id=DT4R6R6C81F9
St. Lucie Public Schools,2026-06-09,board_agenda_packet,https://go.boarddocs.com/fl/stlucie/Board.nsf/Download-AgendaDetailed?open&id=DTYLJP56CBE5
St. Lucie Public Schools,2026-06-10,board_agenda_packet,https://go.boarddocs.com/fl/stlucie/Board.nsf/Download-AgendaDetailed?open&id=DUML5G54BC44
St. Lucie Public Schools,2026-06-23,board_agenda_packet,https://go.boarddocs.com/fl/stlucie/Board.nsf/Download-AgendaDetailed?open&id=DV3PLZ653735
St. Lucie Public Schools,2026-06-29,board_agenda_packet,https://go.boarddocs.com/fl/stlucie/Board.nsf/Download-AgendaDetailed?open&id=DUXGRK44AF5E
St. Lucie Public Schools,2026-07-14,board_agenda_packet,https://go.boarddocs.com/fl/stlucie/Board.nsf/Download-AgendaDetailed?open&id=DUUJ7G4BCC2E
St. Lucie Public Schools,2026-07-28,board_agenda_packet,https://go.boarddocs.com/fl/stlucie/Board.nsf/Download-AgendaDetailed?open&id=DW7FWK411F0F
St. Lucie Public Schools,2026-07-28,board_agenda_packet,https://go.boarddocs.com/fl/stlucie/Board.nsf/Download-AgendaDetailed?open&id=DW7HGJ486EE5
St. Lucie Public Schools,2026-08-11,board_agenda_packet,https://go.boarddocs.com/fl/stlucie/Board.nsf/Download-AgendaDetailed?open&id=DVSLTS5825F6
St. Lucie Public Schools,2026-08-25,board_agenda_packet,https://go.boarddocs.com/fl/stlucie/Board.nsf/Download-AgendaDetailed?open&id=DWXHH6488776
Sumter County School District,2025-03-11,board_agenda_packet,https://go.boarddocs.com/fla/scsfl/Board.nsf/Download-AgendaDetailed?open&id=DBLKCG5012E0
Sumter County School District,2025-03-11,board_agenda_packet,https://go.boarddocs.com/fla/scsfl/Board.nsf/Download-AgendaDetailed?open&id=DDSQUY6B126D
Sumter County School District,2025-04-01,board_agenda_packet,https://go.boarddocs.com/fla/scsfl/Board.nsf/Download-AgendaDetailed?open&id=DBLKG95067D5
Sumter County School District,2025-04-15,board_agenda_packet,https://go.boarddocs.com/fla/scsfl/Board.nsf/Download-AgendaDetailed?open&id=DBLKK350757E
Sumter County School District,2025-04-15,board_agenda_packet,https://go.boarddocs.com/fla/scsfl/Board.nsf/Download-AgendaDetailed?open&id=DDSPLV6532FE
Sumter County School District,2025-05-06,board_agenda_packet,https://go.boarddocs.com/fla/scsfl/Board.nsf/Download-AgendaDetailed?open&id=DBLKMX507F7C
Sumter County School District,2025-05-20,board_agenda_packet,https://go.boarddocs.com/fla/scsfl/Board.nsf/Download-AgendaDetailed?open&id=DBLKQU50880F
Sumter County School District,2025-06-17,board_agenda_packet,https://go.boarddocs.com/fla/scsfl/Board.nsf/Download-AgendaDetailed?open&id=DBLKTQ509470
Sumter County School District,2025-07-22,board_agenda_packet,https://go.boarddocs.com/fla/scsfl/Board.nsf/Download-AgendaDetailed?open&id=DBLKWJ509DFE
Sumter County School District,2025-07-22,board_agenda_packet,https://go.boarddocs.com/fla/scsfl/Board.nsf/Download-AgendaDetailed?open&id=DGLQ3L675A9B
Sumter County School District,2025-07-29,board_agenda_packet,https://go.boarddocs.com/fla/scsfl/Board.nsf/Download-AgendaDetailed?open&id=DBLKZB50A150
Sumter County School District,2025-08-19,board_agenda_packet,https://go.boarddocs.com/fla/scsfl/Board.nsf/Download-AgendaDetailed?open&id=DBLL5J50C53A
Sumter County School District,2025-09-09,board_agenda_packet,https://go.boarddocs.com/fla/scsfl/Board.nsf/Download-AgendaDetailed?open&id=DBLL8D50CF9A
Sumter County School District,2025-09-23,board_agenda_packet,https://go.boarddocs.com/fla/scsfl/Board.nsf/Download-AgendaDetailed?open&id=DBLLB750DA2C
Sumter County School District,2025-10-07,board_agenda_packet,https://go.boarddocs.com/fla/scsfl/Board.nsf/Download-AgendaDetailed?open&id=DBLLGY50E7B1
Sumter County School District,2025-10-21,board_agenda_packet,https://go.boarddocs.com/fla/scsfl/Board.nsf/Download-AgendaDetailed?open&id=DBLLE650E625
Sumter County School District,2025-11-18,board_agenda_packet,https://go.boarddocs.com/fla/scsfl/Board.nsf/Download-AgendaDetailed?open&id=DBLLKZ510514
Sumter County School District,2025-12-09,board_agenda_packet,https://go.boarddocs.com/fla/scsfl/Board.nsf/Download-AgendaDetailed?open&id=DNJM3A58E86D
Sumter County School District,2025-12-09,board_agenda_packet,https://go.boarddocs.com/fla/scsfl/Board.nsf/Download-AgendaDetailed?open&id=DNMLC755DD7B
Sumter County School District,2026-01-13,board_agenda_packet,https://go.boarddocs.com/fla/scsfl/Board.nsf/Download-AgendaDetailed?open&id=DNJM7D59159C
Sumter County School District,2026-02-10,board_agenda_packet,https://go.boarddocs.com/fla/scsfl/Board.nsf/Download-AgendaDetailed?open&id=DQCJ9W4BDD39
Sumter County School District,2026-02-24,board_agenda_packet,https://go.boarddocs.com/fla/scsfl/Board.nsf/Download-AgendaDetailed?open&id=DQCJSG4D4A85
Sumter County School District,2026-03-17,board_agenda_packet,https://go.boarddocs.com/fla/scsfl/Board.nsf/Download-AgendaDetailed?open&id=DQCJJU4D762D
Sumter County School District,2026-03-17,board_agenda_packet,https://go.boarddocs.com/fla/scsfl/Board.nsf/Download-AgendaDetailed?open&id=DQWKDG515E07
Sumter County School District,2026-04-07,board_agenda_packet,https://go.boarddocs.com/fla/scsfl/Board.nsf/Download-AgendaDetailed?open&id=DQCJMS4D8230
Sumter County School District,2026-04-21,board_agenda_packet,https://go.boarddocs.com/fla/scsfl/Board.nsf/Download-AgendaDetailed?open&id=DQCJQM4D8DD5
Sumter County School District,2026-04-21,board_agenda_packet,https://go.boarddocs.com/fla/scsfl/Board.nsf/Download-AgendaDetailed?open&id=DSFKZH544A71
Sumter County School District,2026-05-12,board_agenda_packet,https://go.boarddocs.com/fla/scsfl/Board.nsf/Download-AgendaDetailed?open&id=DQCJTG4D9D74
Sumter County School District,2026-05-26,board_agenda_packet,https://go.boarddocs.com/fla/scsfl/Board.nsf/Download-AgendaDetailed?open&id=DQCJZ74DB281
Sumter County School District,2026-06-09,board_agenda_packet,https://go.boarddocs.com/fla/scsfl/Board.nsf/Download-AgendaDetailed?open&id=DQCK424DBF6F
Sumter County School District,2026-07-21,board_agenda_packet,https://go.boarddocs.com/fla/scsfl/Board.nsf/Download-AgendaDetailed?open&id=DQCK744DCC81
Sumter County School District,2026-07-21,board_agenda_packet,https://go.boarddocs.com/fla/scsfl/Board.nsf/Download-AgendaDetailed?open&id=DVRSH472B4BD
Sumter County School District,2026-07-28,board_agenda_packet,https://go.boarddocs.com/fla/scsfl/Board.nsf/Download-AgendaDetailed?open&id=DQCK9Y4DD66D
Sumter County School District,2026-08-25,board_agenda_packet,https://go.boarddocs.com/fla/scsfl/Board.nsf/Download-AgendaDetailed?open&id=DQCKCS4DE7F8
Taylor County School District,2025-03-18,board_agenda_packet,https://go.boarddocs.com/fl/taylor/Board.nsf/Download-AgendaDetailed?open&id=DEGL2F546EEE
Taylor County School District,2025-04-01,board_agenda_packet,https://go.boarddocs.com/fl/taylor/Board.nsf/Download-AgendaDetailed?open&id=DF4GHU43F1D5
Taylor County School District,2025-04-15,board_agenda_packet,https://go.boarddocs.com/fl/taylor/Board.nsf/Download-AgendaDetailed?open&id=DFHP67630C27
Taylor County School District,2025-05-05,board_agenda_packet,https://go.boarddocs.com/fl/taylor/Board.nsf/Download-AgendaDetailed?open&id=DG6JGB4D1804
Taylor County School District,2025-05-20,board_agenda_packet,https://go.boarddocs.com/fl/taylor/Board.nsf/Download-AgendaDetailed?open&id=DGMJGJ4D1FC8
Taylor County School District,2025-05-27,board_agenda_packet,https://go.boarddocs.com/fl/taylor/Board.nsf/Download-AgendaDetailed?open&id=DGVNE25F187A
Taylor County School District,2025-06-17,board_agenda_packet,https://go.boarddocs.com/fl/taylor/Board.nsf/Download-AgendaDetailed?open&id=DHCQ8T681E35
Taylor County School District,2025-06-27,board_agenda_packet,https://go.boarddocs.com/fl/taylor/Board.nsf/Download-AgendaDetailed?open&id=A346N260247F
Taylor County School District,2025-07-01,board_agenda_packet,https://go.boarddocs.com/fl/taylor/Board.nsf/Download-AgendaDetailed?open&id=DHXHVC4A502A
Taylor County School District,2025-07-01,board_agenda_packet,https://go.boarddocs.com/fl/taylor/Board.nsf/Download-AgendaDetailed?open&id=DK8JH44D357C
Taylor County School District,2025-07-22,board_agenda_packet,https://go.boarddocs.com/fl/taylor/Board.nsf/Download-AgendaDetailed?open&id=DJKR276BD704
Taylor County School District,2025-07-29,board_agenda_packet,https://go.boarddocs.com/fl/taylor/Board.nsf/Download-AgendaDetailed?open&id=DJSK3A4FDF91
Taylor County School District,2025-08-05,board_agenda_packet,https://go.boarddocs.com/fl/taylor/Board.nsf/Download-AgendaDetailed?open&id=DK2JJ94D6014
Taylor County School District,2025-08-19,board_agenda_packet,https://go.boarddocs.com/fl/taylor/Board.nsf/Download-AgendaDetailed?open&id=DKFPPR658DD2
Taylor County School District,2025-09-02,board_agenda_packet,https://go.boarddocs.com/fl/taylor/Board.nsf/Download-AgendaDetailed?open&id=DKXQR268B85B
Taylor County School District,2025-09-09,board_agenda_packet,https://go.boarddocs.com/fl/taylor/Board.nsf/Download-AgendaDetailed?open&id=DL5K344FD8CC
Taylor County School District,2025-09-23,board_agenda_packet,https://go.boarddocs.com/fl/taylor/Board.nsf/Download-AgendaDetailed?open&id=DLJK6C504F20
Taylor County School District,2025-10-07,board_agenda_packet,https://go.boarddocs.com/fl/taylor/Board.nsf/Download-AgendaDetailed?open&id=DLYLKG56EECD
Taylor County School District,2025-10-20,board_agenda_packet,https://go.boarddocs.com/fl/taylor/Board.nsf/Download-AgendaDetailed?open&id=DMDR7F6C9AF8
Taylor County School District,2025-11-04,board_agenda_packet,https://go.boarddocs.com/fl/taylor/Board.nsf/Download-AgendaDetailed?open&id=DMUL8D554E1D
Taylor County School District,2025-11-18,board_agenda_packet,https://go.boarddocs.com/fl/taylor/Board.nsf/Download-AgendaDetailed?open&id=DNBL4U54C9E9
Taylor County School District,2025-11-18,board_agenda_packet,https://go.boarddocs.com/fl/taylor/Board.nsf/Download-AgendaDetailed?open&id=DNBL9S55836C
Taylor County School District,2025-12-09,board_agenda_packet,https://go.boarddocs.com/fl/taylor/Board.nsf/Download-AgendaDetailed?open&id=DP6QM669EDDD
Taylor County School District,2026-01-27,board_agenda_packet,https://go.boarddocs.com/fl/taylor/Board.nsf/Download-AgendaDetailed?open&id=DQCN4W5E2CBF
Taylor County School District,2026-02-03,board_agenda_packet,https://go.boarddocs.com/fl/taylor/Board.nsf/Download-AgendaDetailed?open&id=DQPQB36872DF
Taylor County School District,2026-02-17,board_agenda_packet,https://go.boarddocs.com/fl/taylor/Board.nsf/Download-AgendaDetailed?open&id=DR5K3K4FE9F9
Taylor County School District,2026-02-24,board_agenda_packet,https://go.boarddocs.com/fl/taylor/Board.nsf/Download-AgendaDetailed?open&id=DREHXL4AA5BE
Taylor County School District,2026-03-10,board_agenda_packet,https://go.boarddocs.com/fl/taylor/Board.nsf/Download-AgendaDetailed?open&id=DRSJTM4EBF36
Taylor County School District,2026-03-24,board_agenda_packet,https://go.boarddocs.com/fl/taylor/Board.nsf/Download-AgendaDetailed?open&id=DS8L9W55816B
Taylor County School District,2026-04-07,board_agenda_packet,https://go.boarddocs.com/fl/taylor/Board.nsf/Download-AgendaDetailed?open&id=DSKLKD56A7DD
Taylor County School District,2026-04-21,board_agenda_packet,https://go.boarddocs.com/fl/taylor/Board.nsf/Download-AgendaDetailed?open&id=DT4J864BE60E
Taylor County School District,2026-05-05,board_agenda_packet,https://go.boarddocs.com/fl/taylor/Board.nsf/Download-AgendaDetailed?open&id=DTKGJC4403D3
Taylor County School District,2026-05-19,board_agenda_packet,https://go.boarddocs.com/fl/taylor/Board.nsf/Download-AgendaDetailed?open&id=DTYJ644B66AF
Taylor County School District,2026-06-08,board_agenda_packet,https://go.boarddocs.com/fl/taylor/Board.nsf/Download-AgendaDetailed?open&id=DU8JZG4F9BE0
Taylor County School District,2026-06-16,board_agenda_packet,https://go.boarddocs.com/fl/taylor/Board.nsf/Download-AgendaDetailed?open&id=DUUJGS4D29C9
Taylor County School District,2026-06-30,board_agenda_packet,https://go.boarddocs.com/fl/taylor/Board.nsf/Download-AgendaDetailed?open&id=DVBJT84EAF8B
Taylor County School District,2026-07-07,board_agenda_packet,https://go.boarddocs.com/fl/taylor/Board.nsf/Download-AgendaDetailed?open&id=DVDLZK58FF11
Taylor County School District,2026-07-21,board_agenda_packet,https://go.boarddocs.com/fl/taylor/Board.nsf/Download-AgendaDetailed?open&id=DVXLBH55C316
Taylor County School District,2026-07-28,board_agenda_packet,https://go.boarddocs.com/fl/taylor/Board.nsf/Download-AgendaDetailed?open&id=DW6HD447EF70
Taylor County School District,2026-08-04,board_agenda_packet,https://go.boarddocs.com/fl/taylor/Board.nsf/Download-AgendaDetailed?open&id=DWDKES517CB4
Taylor County School District,2026-08-18,board_agenda_packet,https://go.boarddocs.com/fl/taylor/Board.nsf/Download-AgendaDetailed?open&id=DWTKZX545B9B
Volusia County Schools,2025-03-11,board_agenda_packet,https://go.boarddocs.com/fla/vcsfl/Board.nsf/Download-AgendaDetailed?open&id=DBUMAH5931CC
Volusia County Schools,2025-03-11,board_agenda_packet,https://go.boarddocs.com/fla/vcsfl/Board.nsf/Download-AgendaDetailed?open&id=DBUMAY5935DF
Volusia County Schools,2025-03-25,board_agenda_packet,https://go.boarddocs.com/fla/vcsfl/Board.nsf/Download-AgendaDetailed?open&id=DBUMEG598409
Volusia County Schools,2025-04-08,board_agenda_packet,https://go.boarddocs.com/fla/vcsfl/Board.nsf/Download-AgendaDetailed?open&id=DDJHLP490C04
Volusia County Schools,2025-04-08,board_agenda_packet,https://go.boarddocs.com/fla/vcsfl/Board.nsf/Download-AgendaDetailed?open&id=DDJHM4491238
Volusia County Schools,2025-04-22,board_agenda_packet,https://go.boarddocs.com/fla/vcsfl/Board.nsf/Download-AgendaDetailed?open&id=DDJHPT492D00
Volusia County Schools,2025-05-05,board_agenda_packet,https://go.boarddocs.com/fla/vcsfl/Board.nsf/Download-AgendaDetailed?open&id=DG7P2R623210
Volusia County Schools,2025-05-13,board_agenda_packet,https://go.boarddocs.com/fla/vcsfl/Board.nsf/Download-AgendaDetailed?open&id=DEAGY6460AC5
Volusia County Schools,2025-05-13,board_agenda_packet,https://go.boarddocs.com/fla/vcsfl/Board.nsf/Download-AgendaDetailed?open&id=DEAGYK460F0B
Volusia County Schools,2025-06-03,board_agenda_packet,https://go.boarddocs.com/fla/vcsfl/Board.nsf/Download-AgendaDetailed?open&id=DFAPL26507B4
Volusia County Schools,2025-06-24,board_agenda_packet,https://go.boarddocs.com/fla/vcsfl/Board.nsf/Download-AgendaDetailed?open&id=DFAPNL650F06
Volusia County Schools,2025-06-24,board_agenda_packet,https://go.boarddocs.com/fla/vcsfl/Board.nsf/Download-AgendaDetailed?open&id=DGNH83470669
Volusia County Schools,2025-06-24,board_agenda_packet,https://go.boarddocs.com/fla/vcsfl/Board.nsf/Download-AgendaDetailed?open&id=DHCGZR4615C2
Volusia County Schools,2025-07-29,board_agenda_packet,https://go.boarddocs.com/fla/vcsfl/Board.nsf/Download-AgendaDetailed?open&id=DFQKTP53727F
Volusia County Schools,2025-07-29,board_agenda_packet,https://go.boarddocs.com/fla/vcsfl/Board.nsf/Download-AgendaDetailed?open&id=DFQKU6537A4D
Volusia County Schools,2025-08-12,board_agenda_packet,https://go.boarddocs.com/fla/vcsfl/Board.nsf/Download-AgendaDetailed?open&id=DG7NXP62182C
Volusia County Schools,2025-08-12,board_agenda_packet,https://go.boarddocs.com/fla/vcsfl/Board.nsf/Download-AgendaDetailed?open&id=DJNNPY60F657
Volusia County Schools,2025-08-26,board_agenda_packet,https://go.boarddocs.com/fla/vcsfl/Board.nsf/Download-AgendaDetailed?open&id=DJUM6N5906EB
Volusia County Schools,2025-09-09,board_agenda_packet,https://go.boarddocs.com/fla/vcsfl/Board.nsf/Download-AgendaDetailed?open&id=DJUMCE59295F
Volusia County Schools,2025-09-23,board_agenda_packet,https://go.boarddocs.com/fla/vcsfl/Board.nsf/Download-AgendaDetailed?open&id=DJUMN65A0452
Volusia County Schools,2025-09-23,board_agenda_packet,https://go.boarddocs.com/fla/vcsfl/Board.nsf/Download-AgendaDetailed?open&id=DJUMNK5A08CF
Volusia County Schools,2025-09-23,board_agenda_packet,https://go.boarddocs.com/fla/vcsfl/Board.nsf/Download-AgendaDetailed?open&id=DK8KWH53DB24
Volusia County Schools,2025-10-14,board_agenda_packet,https://go.boarddocs.com/fla/vcsfl/Board.nsf/Download-AgendaDetailed?open&id=DK8KNQ52B8A6
Volusia County Schools,2025-10-28,board_agenda_packet,https://go.boarddocs.com/fla/vcsfl/Board.nsf/Download-AgendaDetailed?open&id=DK8KPM52DA46
Volusia County Schools,2025-10-28,board_agenda_packet,https://go.boarddocs.com/fla/vcsfl/Board.nsf/Download-AgendaDetailed?open&id=DK8KTB52D08B
Volusia County Schools,2025-11-18,board_agenda_packet,https://go.boarddocs.com/fla/vcsfl/Board.nsf/Download-AgendaDetailed?open&id=DLFQLZ69C217
Volusia County Schools,2025-11-18,board_agenda_packet,https://go.boarddocs.com/fla/vcsfl/Board.nsf/Download-AgendaDetailed?open&id=DLFQNA69CA2E
Volusia County Schools,2025-11-18,board_agenda_packet,https://go.boarddocs.com/fla/vcsfl/Board.nsf/Download-AgendaDetailed?open&id=DLFQPJ69DF79
Volusia County Schools,2025-11-18,board_agenda_packet,https://go.boarddocs.com/fla/vcsfl/Board.nsf/Download-AgendaDetailed?open&id=DLFQQ269E8D6
Volusia County Schools,2025-12-09,board_agenda_packet,https://go.boarddocs.com/fla/vcsfl/Board.nsf/Download-AgendaDetailed?open&id=DLZH38467DB3
Volusia County Schools,2025-12-09,board_agenda_packet,https://go.boarddocs.com/fla/vcsfl/Board.nsf/Download-AgendaDetailed?open&id=DLZH3M46844F
Volusia County Schools,2025-12-09,board_agenda_packet,https://go.boarddocs.com/fla/vcsfl/Board.nsf/Download-AgendaDetailed?open&id=DNMH9W477878
Volusia County Schools,2026-01-13,board_agenda_packet,https://go.boarddocs.com/fla/vcsfl/Board.nsf/Download-AgendaDetailed?open&id=DNJQDC6691CA
Volusia County Schools,2026-01-13,board_agenda_packet,https://go.boarddocs.com/fla/vcsfl/Board.nsf/Download-AgendaDetailed?open&id=DNJQEB66AFDE
Volusia County Schools,2026-01-23,board_agenda_packet,https://go.boarddocs.com/fla/vcsfl/Board.nsf/Download-AgendaDetailed?open&id=DQHRAB6D0743
Volusia County Schools,2026-02-10,board_agenda_packet,https://go.boarddocs.com/fla/vcsfl/Board.nsf/Download-AgendaDetailed?open&id=DNJQDW66A808
Volusia County Schools,2026-02-10,board_agenda_packet,https://go.boarddocs.com/fla/vcsfl/Board.nsf/Download-AgendaDetailed?open&id=DNJQGY66B44C
Volusia County Schools,2026-03-10,board_agenda_packet,https://go.boarddocs.com/fla/vcsfl/Board.nsf/Download-AgendaDetailed?open&id=DNZKLY52764F
Volusia County Schools,2026-03-10,board_agenda_packet,https://go.boarddocs.com/fla/vcsfl/Board.nsf/Download-AgendaDetailed?open&id=DNZKMD527A63
Volusia County Schools,2026-04-14,board_agenda_packet,https://go.boarddocs.com/fla/vcsfl/Board.nsf/Download-AgendaDetailed?open&id=DQ3RC96D4FA5
Volusia County Schools,2026-04-14,board_agenda_packet,https://go.boarddocs.com/fla/vcsfl/Board.nsf/Download-AgendaDetailed?open&id=DQ3RF26D96B5
Volusia County Schools,2026-04-17,board_agenda_packet,https://go.boarddocs.com/fla/vcsfl/Board.nsf/Download-AgendaDetailed?open&id=DT6JRV4E7EA9
Volusia County Schools,2026-05-12,board_agenda_packet,https://go.boarddocs.com/fla/vcsfl/Board.nsf/Download-AgendaDetailed?open&id=DQYJFQ4D01CA
Volusia County Schools,2026-05-12,board_agenda_packet,https://go.boarddocs.com/fla/vcsfl/Board.nsf/Download-AgendaDetailed?open&id=DTSR3Y6BFCE3
Volusia County Schools,2026-06-02,board_agenda_packet,https://go.boarddocs.com/fla/vcsfl/Board.nsf/Download-AgendaDetailed?open&id=DU3FS2407490
Volusia County Schools,2026-06-08,board_agenda_packet,https://go.boarddocs.com/fla/vcsfl/Board.nsf/Download-AgendaDetailed?open&id=DUGNQT6111F4
Volusia County Schools,2026-06-09,board_agenda_packet,https://go.boarddocs.com/fla/vcsfl/Board.nsf/Download-AgendaDetailed?open&id=DRUKB750FC8B
Volusia County Schools,2026-06-09,board_agenda_packet,https://go.boarddocs.com/fla/vcsfl/Board.nsf/Download-AgendaDetailed?open&id=DTNLX458A167
Volusia County Schools,2026-06-23,board_agenda_packet,https://go.boarddocs.com/fla/vcsfl/Board.nsf/Download-AgendaDetailed?open&id=DRUKAS50F8C0
Volusia County Schools,2026-06-23,board_agenda_packet,https://go.boarddocs.com/fla/vcsfl/Board.nsf/Download-AgendaDetailed?open&id=DSPM8T5A0F4D
Volusia County Schools,2026-07-28,board_agenda_packet,https://go.boarddocs.com/fla/vcsfl/Board.nsf/Download-AgendaDetailed?open&id=DT8P5262E0AA
Volusia County Schools,2026-07-28,board_agenda_packet,https://go.boarddocs.com/fla/vcsfl/Board.nsf/Download-AgendaDetailed?open&id=DT8P5F62E5F1
Volusia County Schools,2026-08-11,board_agenda_packet,https://go.boarddocs.com/fla/vcsfl/Board.nsf/Download-AgendaDetailed?open&id=DUWGTV4569D3
Volusia County Schools,2026-08-11,board_agenda_packet,https://go.boarddocs.com/fla/vcsfl/Board.nsf/Download-AgendaDetailed?open&id=DUWGUA456E54
Volusia County Schools,2026-08-25,board_agenda_packet,https://go.boarddocs.com/fla/vcsfl/Board.nsf/Download-AgendaDetailed?open&id=DX3PA963A4D8
Wakulla County School District,2025-03-10,board_agenda_packet,https://go.boarddocs.com/fl/wcsb/Board.nsf/Download-AgendaDetailed?open&id=DBKSYU74ED7A
Wakulla County School District,2025-04-21,board_agenda_packet,https://go.boarddocs.com/fl/wcsb/Board.nsf/Download-AgendaDetailed?open&id=DBKSZR74FAFC
Wakulla County School District,2025-05-19,board_agenda_packet,https://go.boarddocs.com/fl/wcsb/Board.nsf/Download-AgendaDetailed?open&id=DBKT2N75091E
Wakulla County School District,2025-06-16,board_agenda_packet,https://go.boarddocs.com/fl/wcsb/Board.nsf/Download-AgendaDetailed?open&id=DBKT3M75142B
Wakulla County School District,2025-07-21,board_agenda_packet,https://go.boarddocs.com/fl/wcsb/Board.nsf/Download-AgendaDetailed?open&id=DBKT4K7531E4
Wakulla County School District,2025-07-21,board_agenda_packet,https://go.boarddocs.com/fl/wcsb/Board.nsf/Download-AgendaDetailed?open&id=DJ5T7475EE7C
Wakulla County School District,2025-07-28,board_agenda_packet,https://go.boarddocs.com/fl/wcsb/Board.nsf/Download-AgendaDetailed?open&id=DBKT5J754697
Wakulla County School District,2025-07-28,board_agenda_packet,https://go.boarddocs.com/fl/wcsb/Board.nsf/Download-AgendaDetailed?open&id=DJKPYX66EC8C
Wakulla County School District,2025-08-18,board_agenda_packet,https://go.boarddocs.com/fl/wcsb/Board.nsf/Download-AgendaDetailed?open&id=DBKT6G7573CA
Wakulla County School District,2025-09-08,board_agenda_packet,https://go.boarddocs.com/fl/wcsb/Board.nsf/Download-AgendaDetailed?open&id=DBKT4D758900
Wakulla County School District,2025-09-08,board_agenda_packet,https://go.boarddocs.com/fl/wcsb/Board.nsf/Download-AgendaDetailed?open&id=DKXPNA656828
Wakulla County School District,2025-09-15,board_agenda_packet,https://go.boarddocs.com/fl/wcsb/Board.nsf/Download-AgendaDetailed?open&id=DBKT5B75A000
Wakulla County School District,2025-10-20,board_agenda_packet,https://go.boarddocs.com/fl/wcsb/Board.nsf/Download-AgendaDetailed?open&id=DBKT6B75B93B
Walton County School District,2025-04-01,board_agenda_packet,https://go.boarddocs.com/fl/waltonsd/Board.nsf/Download-AgendaDetailed?open&id=DDRQVG6B241B
Walton County School District,2025-04-15,board_agenda_packet,https://go.boarddocs.com/fl/waltonsd/Board.nsf/Download-AgendaDetailed?open&id=DDRQPB6A1D0B
Walton County School District,2025-04-15,board_agenda_packet,https://go.boarddocs.com/fl/waltonsd/Board.nsf/Download-AgendaDetailed?open&id=DFCHEW483396
Walton County School District,2025-05-06,board_agenda_packet,https://go.boarddocs.com/fl/waltonsd/Board.nsf/Download-AgendaDetailed?open&id=DERMQY5BFE77
Walton County School District,2025-05-20,board_agenda_packet,https://go.boarddocs.com/fl/waltonsd/Board.nsf/Download-AgendaDetailed?open&id=DFRK2N4F73F0
Walton County School District,2025-05-20,board_agenda_packet,https://go.boarddocs.com/fl/waltonsd/Board.nsf/Download-AgendaDetailed?open&id=DFZHHE4890F8
Walton County School District,2025-06-03,board_agenda_packet,https://go.boarddocs.com/fl/waltonsd/Board.nsf/Download-AgendaDetailed?open&id=DGNN6D5E61B2
Walton County School District,2025-06-17,board_agenda_packet,https://go.boarddocs.com/fl/waltonsd/Board.nsf/Download-AgendaDetailed?open&id=DGNNK8604032
Walton County School District,2025-06-26,board_agenda_packet,https://go.boarddocs.com/fl/waltonsd/Board.nsf/Download-AgendaDetailed?open&id=DGNNUY610562
Walton County School District,2025-06-26,board_agenda_packet,https://go.boarddocs.com/fl/waltonsd/Board.nsf/Download-AgendaDetailed?open&id=DHPL8L55562E
Walton County School District,2025-07-15,board_agenda_packet,https://go.boarddocs.com/fl/waltonsd/Board.nsf/Download-AgendaDetailed?open&id=DH9RAN6D11DB
Walton County School District,2025-07-15,board_agenda_packet,https://go.boarddocs.com/fl/waltonsd/Board.nsf/Download-AgendaDetailed?open&id=DJDTPH785616
Walton County School District,2025-07-21,board_agenda_packet,https://go.boarddocs.com/fl/waltonsd/Board.nsf/Download-AgendaDetailed?open&id=DHPS937187CB
Walton County School District,2025-07-28,board_agenda_packet,https://go.boarddocs.com/fl/waltonsd/Board.nsf/Download-AgendaDetailed?open&id=DHPRMN6EB080
Walton County School District,2025-08-05,board_agenda_packet,https://go.boarddocs.com/fl/waltonsd/Board.nsf/Download-AgendaDetailed?open&id=DHPMGZ59DF45
Walton County School District,2025-08-19,board_agenda_packet,https://go.boarddocs.com/fl/waltonsd/Board.nsf/Download-AgendaDetailed?open&id=DJMKS752F1B9
Walton County School District,2025-08-28,board_agenda_packet,https://go.boarddocs.com/fl/waltonsd/Board.nsf/Download-AgendaDetailed?open&id=DKGLKN56F585
Walton County School District,2025-09-02,board_agenda_packet,https://go.boarddocs.com/fl/waltonsd/Board.nsf/Download-AgendaDetailed?open&id=DKFN4S5DABF1
Walton County School District,2025-09-02,board_agenda_packet,https://go.boarddocs.com/fl/waltonsd/Board.nsf/Download-AgendaDetailed?open&id=DKFNNV60CE3B
Walton County School District,2025-09-02,board_agenda_packet,https://go.boarddocs.com/fl/waltonsd/Board.nsf/Download-AgendaDetailed?open&id=DKWJ8Q4BFAD6
Walton County School District,2025-09-16,board_agenda_packet,https://go.boarddocs.com/fl/waltonsd/Board.nsf/Download-AgendaDetailed?open&id=DKZPRE65DD14
Walton County School District,2025-09-16,board_agenda_packet,https://go.boarddocs.com/fl/waltonsd/Board.nsf/Download-AgendaDetailed?open&id=DLFNC65F3897
Walton County School District,2025-09-16,board_agenda_packet,https://go.boarddocs.com/fl/waltonsd/Board.nsf/Download-AgendaDetailed?open&id=DLKH9C4732A5
Walton County School District,2025-09-18,board_agenda_packet,https://go.boarddocs.com/fl/waltonsd/Board.nsf/Download-AgendaDetailed?open&id=DHPSHA72BC05
Walton County School District,2025-10-07,board_agenda_packet,https://go.boarddocs.com/fl/waltonsd/Board.nsf/Download-AgendaDetailed?open&id=DLCJ9G4C16F5
Walton County School District,2025-10-07,board_agenda_packet,https://go.boarddocs.com/fl/waltonsd/Board.nsf/Download-AgendaDetailed?open&id=DLCJH34D345C
Walton County School District,2025-10-21,board_agenda_packet,https://go.boarddocs.com/fl/waltonsd/Board.nsf/Download-AgendaDetailed?open&id=DLNKX753F624
Walton County School District,2025-11-04,board_agenda_packet,https://go.boarddocs.com/fl/waltonsd/Board.nsf/Download-AgendaDetailed?open&id=DLNLAQ55353C
Walton County School District,2025-11-04,board_agenda_packet,https://go.boarddocs.com/fl/waltonsd/Board.nsf/Download-AgendaDetailed?open&id=DMWH354679E4
Walton County School District,2025-11-18,board_agenda_packet,https://go.boarddocs.com/fl/waltonsd/Board.nsf/Download-AgendaDetailed?open&id=DLNLEE563128
Walton County School District,2025-11-18,board_agenda_packet,https://go.boarddocs.com/fl/waltonsd/Board.nsf/Download-AgendaDetailed?open&id=DLNLP8572BDF
Walton County School District,2025-12-02,board_agenda_packet,https://go.boarddocs.com/fl/waltonsd/Board.nsf/Download-AgendaDetailed?open&id=DNHL9H557871
Walton County School District,2025-12-16,board_agenda_packet,https://go.boarddocs.com/fl/waltonsd/Board.nsf/Download-AgendaDetailed?open&id=DNLMPA5C2D57
Walton County School District,2026-01-06,board_agenda_packet,https://go.boarddocs.com/fl/waltonsd/Board.nsf/Download-AgendaDetailed?open&id=DPAKG651C2CF
Walton County School District,2026-01-20,board_agenda_packet,https://go.boarddocs.com/fl/waltonsd/Board.nsf/Download-AgendaDetailed?open&id=DPAKPJ52C152
Walton County School District,2026-02-03,board_agenda_packet,https://go.boarddocs.com/fl/waltonsd/Board.nsf/Download-AgendaDetailed?open&id=DQARVA638B3F
Walton County School District,2026-02-17,board_agenda_packet,https://go.boarddocs.com/fl/waltonsd/Board.nsf/Download-AgendaDetailed?open&id=DQQU8W7AE21D
Walton County School District,2026-03-03,board_agenda_packet,https://go.boarddocs.com/fl/waltonsd/Board.nsf/Download-AgendaDetailed?open&id=DQYLYA58CF65
Walton County School District,2026-03-17,board_agenda_packet,https://go.boarddocs.com/fl/waltonsd/Board.nsf/Download-AgendaDetailed?open&id=DRMJC24C781F
Walton County School District,2026-04-07,board_agenda_packet,https://go.boarddocs.com/fl/waltonsd/Board.nsf/Download-AgendaDetailed?open&id=DRMJNU4E0D04
Walton County School District,2026-04-21,board_agenda_packet,https://go.boarddocs.com/fl/waltonsd/Board.nsf/Download-AgendaDetailed?open&id=DRMLXG58B104
Walton County School District,2026-04-21,board_agenda_packet,https://go.boarddocs.com/fl/waltonsd/Board.nsf/Download-AgendaDetailed?open&id=DSYRZK706F59
Walton County School District,2026-05-05,board_agenda_packet,https://go.boarddocs.com/fl/waltonsd/Board.nsf/Download-AgendaDetailed?open&id=DSYJQF4E48D5
Walton County School District,2026-05-19,board_agenda_packet,https://go.boarddocs.com/fl/waltonsd/Board.nsf/Download-AgendaDetailed?open&id=DTBJSS4E76FB
Walton County School District,2026-05-19,board_agenda_packet,https://go.boarddocs.com/fl/waltonsd/Board.nsf/Download-AgendaDetailed?open&id=DTKRTC6F83EA
Walton County School District,2026-06-02,board_agenda_packet,https://go.boarddocs.com/fl/waltonsd/Board.nsf/Download-AgendaDetailed?open&id=DTVSG7729322
Walton County School District,2026-06-16,board_agenda_packet,https://go.boarddocs.com/fl/waltonsd/Board.nsf/Download-AgendaDetailed?open&id=DU9MMM5BEF1E
Walton County School District,2026-07-07,board_agenda_packet,https://go.boarddocs.com/fl/waltonsd/Board.nsf/Download-AgendaDetailed?open&id=DUHPXP66C8B2
Walton County School District,2026-07-21,board_agenda_packet,https://go.boarddocs.com/fl/waltonsd/Board.nsf/Download-AgendaDetailed?open&id=DUHQ536791BC
Walton County School District,2026-07-21,board_agenda_packet,https://go.boarddocs.com/fl/waltonsd/Board.nsf/Download-AgendaDetailed?open&id=DVYTM377F9F7
Walton County School District,2026-07-23,board_agenda_packet,https://go.boarddocs.com/fl/waltonsd/Board.nsf/Download-AgendaDetailed?open&id=DVDT99763EF3
Walton County School District,2026-08-03,board_agenda_packet,https://go.boarddocs.com/fl/waltonsd/Board.nsf/Download-AgendaDetailed?open&id=DVDSHK72C71A
Walton County School District,2026-08-04,board_agenda_packet,https://go.boarddocs.com/fl/waltonsd/Board.nsf/Download-AgendaDetailed?open&id=DVCHBF47B137
Walton County School District,2026-08-18,board_agenda_packet,https://go.boarddocs.com/fl/waltonsd/Board.nsf/Download-AgendaDetailed?open&id=DWMVWQ82C405
Walton County School District,2026-08-24,board_agenda_packet,https://go.boarddocs.com/fl/waltonsd/Board.nsf/Download-AgendaDetailed?open&id=DVYNPG60E3A3
Walton County School District,2026-08-24,board_agenda_packet,https://go.boarddocs.com/fl/waltonsd/Board.nsf/Download-AgendaDetailed?open&id=DWPK9L50CC6E
Walton County School District,2026-09-01,board_agenda_packet,https://go.boarddocs.com/fl/waltonsd/Board.nsf/Download-AgendaDetailed?open&id=DVYNTQ6183F3
Walton County School District,2026-09-01,board_agenda_packet,https://go.boarddocs.com/fl/waltonsd/Board.nsf/Download-AgendaDetailed?open&id=DWMM6459A90A
Washington County School District,2025-03-10,board_agenda_packet,https://go.boarddocs.com/fl/wcsdschools/Board.nsf/Download-AgendaDetailed?open&id=DDTQS66AA970
Washington County School District,2025-04-07,board_agenda_packet,https://go.boarddocs.com/fl/wcsdschools/Board.nsf/Download-AgendaDetailed?open&id=DENHBZ47C685
Washington County School District,2025-04-14,board_agenda_packet,https://go.boarddocs.com/fl/wcsdschools/Board.nsf/Download-AgendaDetailed?open&id=DDRJ6N4BAD6A
Washington County School District,2025-04-14,board_agenda_packet,https://go.boarddocs.com/fl/wcsdschools/Board.nsf/Download-AgendaDetailed?open&id=DE7JBP4C6AB3
Washington County School District,2025-05-12,board_agenda_packet,https://go.boarddocs.com/fl/wcsdschools/Board.nsf/Download-AgendaDetailed?open&id=DE9QCU68A014
Washington County School District,2025-05-12,board_agenda_packet,https://go.boarddocs.com/fl/wcsdschools/Board.nsf/Download-AgendaDetailed?open&id=DFXPKB64F445
Washington County School District,2025-06-09,board_agenda_packet,https://go.boarddocs.com/fl/wcsdschools/Board.nsf/Download-AgendaDetailed?open&id=DGQH29465939
Washington County School District,2025-06-26,board_agenda_packet,https://go.boarddocs.com/fl/wcsdschools/Board.nsf/Download-AgendaDetailed?open&id=DGQGSW454558
Washington County School District,2025-06-26,board_agenda_packet,https://go.boarddocs.com/fl/wcsdschools/Board.nsf/Download-AgendaDetailed?open&id=DGQGV545982F
Washington County School District,2025-07-14,board_agenda_packet,https://go.boarddocs.com/fl/wcsdschools/Board.nsf/Download-AgendaDetailed?open&id=DGQH5846C657
Washington County School District,2025-07-28,board_agenda_packet,https://go.boarddocs.com/fl/wcsdschools/Board.nsf/Download-AgendaDetailed?open&id=DGQKHR51FE2B
Washington County School District,2025-07-28,board_agenda_packet,https://go.boarddocs.com/fl/wcsdschools/Board.nsf/Download-AgendaDetailed?open&id=DJLKPX51B01D
Washington County School District,2025-08-11,board_agenda_packet,https://go.boarddocs.com/fl/wcsdschools/Board.nsf/Download-AgendaDetailed?open&id=DHXPH4643072
Washington County School District,2025-09-08,board_agenda_packet,https://go.boarddocs.com/fl/wcsdschools/Board.nsf/Download-AgendaDetailed?open&id=DGQKLX52760A
Washington County School District,2025-09-08,board_agenda_packet,https://go.boarddocs.com/fl/wcsdschools/Board.nsf/Download-AgendaDetailed?open&id=DKKJQ84E3FBB
Washington County School District,2025-09-16,board_agenda_packet,https://go.boarddocs.com/fl/wcsdschools/Board.nsf/Download-AgendaDetailed?open&id=DLCNRM612096
Washington County School District,2025-10-14,board_agenda_packet,https://go.boarddocs.com/fl/wcsdschools/Board.nsf/Download-AgendaDetailed?open&id=DLCNJQ6031DE
Washington County School District,2025-10-14,board_agenda_packet,https://go.boarddocs.com/fl/wcsdschools/Board.nsf/Download-AgendaDetailed?open&id=DLLMYZ5D9489
Washington County School District,2025-10-28,board_agenda_packet,https://go.boarddocs.com/fl/wcsdschools/Board.nsf/Download-AgendaDetailed?open&id=DMNKSG534509
Washington County School District,2025-11-10,board_agenda_packet,https://go.boarddocs.com/fl/wcsdschools/Board.nsf/Download-AgendaDetailed?open&id=DMMH4T46B930
Washington County School District,2025-11-10,board_agenda_packet,https://go.boarddocs.com/fl/wcsdschools/Board.nsf/Download-AgendaDetailed?open&id=DMMMS75C4D64
Washington County School District,2025-12-08,board_agenda_packet,https://go.boarddocs.com/fl/wcsdschools/Board.nsf/Download-AgendaDetailed?open&id=DMXJL54DA558
Washington County School District,2025-12-08,board_agenda_packet,https://go.boarddocs.com/fl/wcsdschools/Board.nsf/Download-AgendaDetailed?open&id=DMXJNW4E0F2E
Washington County School District,2025-12-08,board_agenda_packet,https://go.boarddocs.com/fl/wcsdschools/Board.nsf/Download-AgendaDetailed?open&id=DNXKG351BECB
Washington County School District,2026-01-12,board_agenda_packet,https://go.boarddocs.com/fl/wcsdschools/Board.nsf/Download-AgendaDetailed?open&id=DP9KYK5429B2
Washington County School District,2026-01-12,board_agenda_packet,https://go.boarddocs.com/fl/wcsdschools/Board.nsf/Download-AgendaDetailed?open&id=DP9L4K54BEB1
Washington County School District,2026-02-02,board_agenda_packet,https://go.boarddocs.com/fl/wcsdschools/Board.nsf/Download-AgendaDetailed?open&id=DQPKET518FD2
Washington County School District,2026-02-09,board_agenda_packet,https://go.boarddocs.com/fl/wcsdschools/Board.nsf/Download-AgendaDetailed?open&id=DQ6LWY589E33
