application_number,billed_entity_number,billed_entity_name,district,funding_year,certified_date,function,service_type,form_pdf,rfp_url
190003047,35124,PACE CENTER FOR GIRLS,,2019,2018-10-30,Firewall Service and Components,Basic Maintenance of Internal Connections,https://publicdata.usac.org/SL/Prd/Form470/400285/190003047/Original/USAC_FCC_FORM_470_APPLICATION_190003047_CERTIFIED.pdf,https://publicdata.usac.org/SL/Prd/Form470/400285/190003047/2019%20PACE%20BM%20Equipment.xlsx
190008723,17019223,Beacon College Prep Inc,,2019,2018-12-12,Firewall Service and Components,Basic Maintenance of Internal Connections,https://publicdata.usac.org/SL/Prd/Form470/17019223/190008723/Original/USAC_FCC_FORM_470_APPLICATION_190008723_CERTIFIED.pdf,
190008723,17019223,Beacon College Prep Inc,,2019,2018-12-12,Firewall Service and Components,Internal Connections,https://publicdata.usac.org/SL/Prd/Form470/17019223/190008723/Original/USAC_FCC_FORM_470_APPLICATION_190008723_CERTIFIED.pdf,
190009613,211833,ROWLETT ACADEMY,,2019,2018-12-12,Firewall Service and Components,Basic Maintenance of Internal Connections,https://publicdata.usac.org/SL/Prd/Form470/362203/190009613/Original/USAC_FCC_FORM_470_APPLICATION_190009613_CERTIFIED.pdf,
190009613,211833,ROWLETT ACADEMY,,2019,2018-12-12,Firewall Service and Components,Internal Connections,https://publicdata.usac.org/SL/Prd/Form470/362203/190009613/Original/USAC_FCC_FORM_470_APPLICATION_190009613_CERTIFIED.pdf,
190009617,17002462,DIOCESE OF ORLANDO OFFICE OF CATHOLIC SCHOOLS,,2019,2018-12-12,Firewall Service and Components,Basic Maintenance of Internal Connections,https://publicdata.usac.org/SL/Prd/Form470/17002462/190009617/Original/USAC_FCC_FORM_470_APPLICATION_190009617_CERTIFIED.pdf,
190009617,17002462,DIOCESE OF ORLANDO OFFICE OF CATHOLIC SCHOOLS,,2019,2018-12-12,Firewall Service and Components,Internal Connections,https://publicdata.usac.org/SL/Prd/Form470/17002462/190009617/Original/USAC_FCC_FORM_470_APPLICATION_190009617_CERTIFIED.pdf,
190010056,17002036,The Charter Schools of Excellence,,2019,2018-12-18,Firewall Service and Components,Internal Connections,https://publicdata.usac.org/SL/Prd/Form470/17002036/190010056/Original/USAC_FCC_FORM_470_APPLICATION_190010056_CERTIFIED.pdf,
190010056,17002036,The Charter Schools of Excellence,,2019,2018-12-18,Firewall Service and Components,Basic Maintenance of Internal Connections,https://publicdata.usac.org/SL/Prd/Form470/17002036/190010056/Original/USAC_FCC_FORM_470_APPLICATION_190010056_CERTIFIED.pdf,
190010574,127663,GILCHRIST COUNTY SCHOOL DIST,Gilchrist County School District,2019,2018-12-20,Firewall Service and Components,Basic Maintenance of Internal Connections,https://publicdata.usac.org/SL/Prd/Form470/334827/190010574/Original/USAC_FCC_FORM_470_APPLICATION_190010574_CERTIFIED.pdf,https://publicdata.usac.org/SL/Prd/Form470/334827/190010574/Gilchrist%20Next%20Gen%20Firewall%202018.doc
190010574,127663,GILCHRIST COUNTY SCHOOL DIST,Gilchrist County School District,2019,2018-12-20,Firewall Service and Components,Internal Connections,https://publicdata.usac.org/SL/Prd/Form470/334827/190010574/Original/USAC_FCC_FORM_470_APPLICATION_190010574_CERTIFIED.pdf,https://publicdata.usac.org/SL/Prd/Form470/334827/190010574/Gilchrist%20Next%20Gen%20Firewall%202018.doc
190011697,127561,BAKER COUNTY SCHOOL DISTRICT,Baker County School District,2019,2018-12-20,Firewall Service and Components,Basic Maintenance of Internal Connections,https://publicdata.usac.org/SL/Prd/Form470/334727/190011697/Original/USAC_FCC_FORM_470_APPLICATION_190011697_CERTIFIED.pdf,https://publicdata.usac.org/SL/Prd/Form470/334727/190011697/RFP%20Baker%20Count%20School%20District%20E%20Rate%20Category%202%20Firewall%2019%2020.docx
190011697,127561,BAKER COUNTY SCHOOL DISTRICT,Baker County School District,2019,2018-12-20,Firewall Service and Components,Internal Connections,https://publicdata.usac.org/SL/Prd/Form470/334727/190011697/Original/USAC_FCC_FORM_470_APPLICATION_190011697_CERTIFIED.pdf,https://publicdata.usac.org/SL/Prd/Form470/334727/190011697/RFP%20Baker%20Count%20School%20District%20E%20Rate%20Category%202%20Firewall%2019%2020.docx
190010662,16051836,"CENTRO MATER CHILD CARE SERVICES, INC.",,2019,2018-12-20,Firewall Service and Components,Basic Maintenance of Internal Connections,https://publicdata.usac.org/SL/Prd/Form470/401494/190010662/Original/USAC_FCC_FORM_470_APPLICATION_190010662_CERTIFIED.pdf,
190014269,226941,PALM BEACH MARITIME ACADEMY,,2019,2019-01-09,Firewall Service and Components,Internal Connections,https://publicdata.usac.org/SL/Prd/Form470/367427/190014269/Original/USAC_FCC_FORM_470_APPLICATION_190014269_CERTIFIED.pdf,
190014351,16050397,CHILDRENS EDUCATIONAL SERVICES,,2019,2019-01-09,Firewall Service and Components,Internal Connections,https://publicdata.usac.org/SL/Prd/Form470/384899/190014351/Original/USAC_FCC_FORM_470_APPLICATION_190014351_CERTIFIED.pdf,
190014545,16057893,"FLORENCE FULLER CHILD DEVELOPMENT CENTERS, INC",,2019,2019-01-09,Firewall Service and Components,Basic Maintenance of Internal Connections,https://publicdata.usac.org/SL/Prd/Form470/401622/190014545/Original/USAC_FCC_FORM_470_APPLICATION_190014545_CERTIFIED.pdf,
190015291,16040448,FAMILY CHRISTIAN ASSOCIATION OF AMERICA,,2019,2019-01-11,Firewall Service and Components,Basic Maintenance of Internal Connections,https://publicdata.usac.org/SL/Prd/Form470/401138/190015291/Original/USAC_FCC_FORM_470_APPLICATION_190015291_CERTIFIED.pdf,
190015226,127605,WAKULLA COUNTY SCHOOL DISTRICT,Wakulla County School District,2019,2019-01-14,Firewall Service and Components,Internal Connections,https://publicdata.usac.org/SL/Prd/Form470/334770/190015226/Original/USAC_FCC_FORM_470_APPLICATION_190015226_CERTIFIED.pdf,
190015226,127605,WAKULLA COUNTY SCHOOL DISTRICT,Wakulla County School District,2019,2019-01-14,Firewall Service and Components,Internal Connections,https://publicdata.usac.org/SL/Prd/Form470/334770/190015226/Original/USAC_FCC_FORM_470_APPLICATION_190015226_CERTIFIED.pdf,
190010096,17016242,Village of Excellence Academy,,2019,2019-01-16,Firewall Service and Components,Basic Maintenance of Internal Connections,https://publicdata.usac.org/SL/Prd/Form470/17016242/190010096/Original/USAC_FCC_FORM_470_APPLICATION_190010096_CERTIFIED.pdf,
190010096,17016242,Village of Excellence Academy,,2019,2019-01-16,Firewall Service and Components,Internal Connections,https://publicdata.usac.org/SL/Prd/Form470/17016242/190010096/Original/USAC_FCC_FORM_470_APPLICATION_190010096_CERTIFIED.pdf,
190016822,16045205,LE JARDIN COMMUNITY CENTER,,2019,2019-01-17,Firewall Service and Components,Internal Connections,https://publicdata.usac.org/SL/Prd/Form470/382036/190016822/Original/USAC_FCC_FORM_470_APPLICATION_190016822_CERTIFIED.pdf,
190016948,16045205,LE JARDIN COMMUNITY CENTER,,2019,2019-01-17,Firewall Service and Components,Internal Connections,https://publicdata.usac.org/SL/Prd/Form470/382036/190016948/Original/USAC_FCC_FORM_470_APPLICATION_190016948_CERTIFIED.pdf,
190016948,16045205,LE JARDIN COMMUNITY CENTER,,2019,2019-01-17,Firewall Service and Components,Basic Maintenance of Internal Connections,https://publicdata.usac.org/SL/Prd/Form470/382036/190016948/Original/USAC_FCC_FORM_470_APPLICATION_190016948_CERTIFIED.pdf,
190017757,16056854,CHARTER SCHOOLS USA,,2019,2019-01-22,Firewall Service and Components,Internal Connections,https://publicdata.usac.org/SL/Prd/Form470/401600/190017757/Current/USAC_FCC_FORM_470_APPLICATION_190017757_CERTIFIED.pdf,https://publicdata.usac.org/SL/Prd/Form470/401600/190017757/Corrected%202019%20Charter%20USA%20SCHOOLs%20IC%20RFP.xlsx
190017757,16056854,CHARTER SCHOOLS USA,,2019,2019-01-22,Firewall Service and Components,Internal Connections,https://publicdata.usac.org/SL/Prd/Form470/401600/190017757/Current/USAC_FCC_FORM_470_APPLICATION_190017757_CERTIFIED.pdf,https://publicdata.usac.org/SL/Prd/Form470/401600/190017757/2019%20Charter%20USA%20SCHOOLs%20IC%20RFP.xlsx
190017757,16056854,CHARTER SCHOOLS USA,,2019,2019-01-22,Firewall Service and Components,Internal Connections,https://publicdata.usac.org/SL/Prd/Form470/401600/190017757/Current/USAC_FCC_FORM_470_APPLICATION_190017757_CERTIFIED.pdf,https://publicdata.usac.org/SL/Prd/Form470/401600/190017757/Special%20Note%20%20Existing%20Schools.docx
190017818,16056854,CHARTER SCHOOLS USA,,2019,2019-01-22,Firewall Service and Components,Internal Connections,https://publicdata.usac.org/SL/Prd/Form470/401600/190017818/Original/USAC_FCC_FORM_470_APPLICATION_190017818_CERTIFIED.pdf,https://publicdata.usac.org/SL/Prd/Form470/401600/190017818/2019%20Charter%20USA%20SCHOOLs%20New%20Schools%20IC%20RFP.xlsx
190013994,17003033,Alachua Learning Center DBA Alachua Learning Academy,,2019,2019-01-22,Firewall Service and Components,Internal Connections,https://publicdata.usac.org/SL/Prd/Form470/17003033/190013994/Original/USAC_FCC_FORM_470_APPLICATION_190013994_CERTIFIED.pdf,
190013994,17003033,Alachua Learning Center DBA Alachua Learning Academy,,2019,2019-01-22,Firewall Service and Components,Basic Maintenance of Internal Connections,https://publicdata.usac.org/SL/Prd/Form470/17003033/190013994/Original/USAC_FCC_FORM_470_APPLICATION_190013994_CERTIFIED.pdf,
190018548,16062480,LAKE WALES CHARTER SCHOOLS,,2019,2019-01-24,Firewall Service and Components,Internal Connections,https://publicdata.usac.org/SL/Prd/Form470/391757/190018548/Original/USAC_FCC_FORM_470_APPLICATION_190018548_CERTIFIED.pdf,https://publicdata.usac.org/SL/Prd/Form470/391757/190018548/LWCS_Cat2_2019.xlsx
190020375,16071501,"SUNSHINE CHARTER ACADEMY OF BROWARD, INC. DBA SUNED HIGH SCHOOL",,2019,2019-01-30,Firewall Service and Components,Internal Connections,https://publicdata.usac.org/SL/Prd/Form470/396405/190020375/Original/USAC_FCC_FORM_470_APPLICATION_190020375_CERTIFIED.pdf,
190016793,16073516,SAN JOSE ACADEMY,,2019,2019-02-01,Firewall Service and Components,Basic Maintenance of Internal Connections,https://publicdata.usac.org/SL/Prd/Form470/397463/190016793/Original/USAC_FCC_FORM_470_APPLICATION_190016793_CERTIFIED.pdf,
190023668,16046573,PARADISE CHRISTIAN SCHOOL,,2019,2019-02-11,Firewall Service and Components,Basic Maintenance of Internal Connections,https://publicdata.usac.org/SL/Prd/Form470/382837/190023668/Original/USAC_FCC_FORM_470_APPLICATION_190023668_CERTIFIED.pdf,
190023668,16046573,PARADISE CHRISTIAN SCHOOL,,2019,2019-02-11,Firewall Service and Components,Internal Connections,https://publicdata.usac.org/SL/Prd/Form470/382837/190023668/Original/USAC_FCC_FORM_470_APPLICATION_190023668_CERTIFIED.pdf,
190023735,16056854,CHARTER SCHOOLS USA,,2019,2019-02-12,Firewall Service and Components,Internal Connections,https://publicdata.usac.org/SL/Prd/Form470/401600/190023735/Current/USAC_FCC_FORM_470_APPLICATION_190023735_CERTIFIED.pdf,https://publicdata.usac.org/SL/Prd/Form470/401600/190023735/2019%20CAT%202%20eRate%20IC%20RFP%20%20Upgrades.xlsx
190023735,16056854,CHARTER SCHOOLS USA,,2019,2019-02-12,Firewall Service and Components,Internal Connections,https://publicdata.usac.org/SL/Prd/Form470/401600/190023735/Current/USAC_FCC_FORM_470_APPLICATION_190023735_CERTIFIED.pdf,https://publicdata.usac.org/SL/Prd/Form470/401600/190023735/ERate%20470%20BOM%20Info.docx
190023992,16055616,LINCOLN-MARTI SCHOOL DISTRICT,,2019,2019-02-12,Firewall Service and Components,Internal Connections,https://publicdata.usac.org/SL/Prd/Form470/400694/190023992/Current/USAC_FCC_FORM_470_APPLICATION_190023992_CERTIFIED.pdf,https://publicdata.usac.org/SL/Prd/Form470/400694/190023992/This%20is%20for%20license%20renewal%20only%20for%2047%20firewalls%20%20Meraki%20MX84%20Advanced%20Firewall%20Security%20License%20LIC.docx
190023992,16055616,LINCOLN-MARTI SCHOOL DISTRICT,,2019,2019-02-12,Firewall Service and Components,Internal Connections,https://publicdata.usac.org/SL/Prd/Form470/400694/190023992/Current/USAC_FCC_FORM_470_APPLICATION_190023992_CERTIFIED.pdf,https://publicdata.usac.org/SL/Prd/Form470/400694/190023992/FY19%20C2%20correct%20RFP.pdf
190023992,16055616,LINCOLN-MARTI SCHOOL DISTRICT,,2019,2019-02-12,Firewall Service and Components,Basic Maintenance of Internal Connections,https://publicdata.usac.org/SL/Prd/Form470/400694/190023992/Current/USAC_FCC_FORM_470_APPLICATION_190023992_CERTIFIED.pdf,https://publicdata.usac.org/SL/Prd/Form470/400694/190023992/FY19%20C2%20correct%20RFP.pdf
190024289,16056854,CHARTER SCHOOLS USA,,2019,2019-02-14,Firewall Service and Components,Internal Connections,https://publicdata.usac.org/SL/Prd/Form470/401600/190024289/Current/USAC_FCC_FORM_470_APPLICATION_190024289_CERTIFIED.pdf,https://publicdata.usac.org/SL/Prd/Form470/401600/190024289/ERate%20470%20BOM%20Info.docx
190024289,16056854,CHARTER SCHOOLS USA,,2019,2019-02-14,Firewall Service and Components,Internal Connections,https://publicdata.usac.org/SL/Prd/Form470/401600/190024289/Current/USAC_FCC_FORM_470_APPLICATION_190024289_CERTIFIED.pdf,https://publicdata.usac.org/SL/Prd/Form470/401600/190024289/New%20Schools%202019%20CAT%202%20eRate%20IC%20RFP%20Form%20.xlsx
190026075,16038401,POTTER'S HOUSE CHRISTIAN ACADEMY,,2019,2019-02-20,Firewall Service and Components,Internal Connections,https://publicdata.usac.org/SL/Prd/Form470/401112/190026075/Original/USAC_FCC_FORM_470_APPLICATION_190026075_CERTIFIED.pdf,https://publicdata.usac.org/SL/Prd/Form470/401112/190026075/Potters%20House%20Christian%20Academy%20C2%202019%20RFP.docx
190026075,16038401,POTTER'S HOUSE CHRISTIAN ACADEMY,,2019,2019-02-20,Firewall Service and Components,Basic Maintenance of Internal Connections,https://publicdata.usac.org/SL/Prd/Form470/401112/190026075/Original/USAC_FCC_FORM_470_APPLICATION_190026075_CERTIFIED.pdf,https://publicdata.usac.org/SL/Prd/Form470/401112/190026075/Potters%20House%20Christian%20Academy%20C2%202019%20RFP.docx
190017263,228615,RCMA,,2019,2019-02-21,Firewall Service and Components,Internal Connections,https://publicdata.usac.org/SL/Prd/Form470/400492/190017263/Original/USAC_FCC_FORM_470_APPLICATION_190017263_CERTIFIED.pdf,
190026711,16056854,CHARTER SCHOOLS USA,,2019,2019-02-21,Firewall Service and Components,Basic Maintenance of Internal Connections,https://publicdata.usac.org/SL/Prd/Form470/401600/190026711/Original/USAC_FCC_FORM_470_APPLICATION_190026711_CERTIFIED.pdf,https://publicdata.usac.org/SL/Prd/Form470/401600/190026711/CSUSA%20MIBS%20and%20BMIC%20%20%20RFP%20Worksheet.xlsx
190028675,16038929,CITY OF PALMS CHARTER HIGH SCHOOL,,2019,2019-02-26,Firewall Service and Components,Basic Maintenance of Internal Connections,https://publicdata.usac.org/SL/Prd/Form470/379120/190028675/Original/USAC_FCC_FORM_470_APPLICATION_190028675_CERTIFIED.pdf,
190028675,16038929,CITY OF PALMS CHARTER HIGH SCHOOL,,2019,2019-02-26,Firewall Service and Components,Internal Connections,https://publicdata.usac.org/SL/Prd/Form470/379120/190028675/Original/USAC_FCC_FORM_470_APPLICATION_190028675_CERTIFIED.pdf,
190029114,16051551,"ESCAMBIA CTY  HEAD START/COMM ACT. PROG. COMMITTEE , INC.",,2019,2019-02-27,Firewall Service and Components,Basic Maintenance of Internal Connections,https://publicdata.usac.org/SL/Prd/Form470/401479/190029114/Original/USAC_FCC_FORM_470_APPLICATION_190029114_CERTIFIED.pdf,
190029114,16051551,"ESCAMBIA CTY  HEAD START/COMM ACT. PROG. COMMITTEE , INC.",,2019,2019-02-27,Firewall Service and Components,Internal Connections,https://publicdata.usac.org/SL/Prd/Form470/401479/190029114/Original/USAC_FCC_FORM_470_APPLICATION_190029114_CERTIFIED.pdf,
190029540,16039146,"EPISCOPAL CHILDREN'S SERVICES, INC.",,2019,2019-02-28,Firewall Service and Components,Internal Connections,https://publicdata.usac.org/SL/Prd/Form470/401119/190029540/Original/USAC_FCC_FORM_470_APPLICATION_190029540_CERTIFIED.pdf,https://publicdata.usac.org/SL/Prd/Form470/401119/190029540/RFP%20%20%20%20Additional%20Information.%20%20Cat%202.docx
190029540,16039146,"EPISCOPAL CHILDREN'S SERVICES, INC.",,2019,2019-02-28,Firewall Service and Components,Internal Connections,https://publicdata.usac.org/SL/Prd/Form470/401119/190029540/Original/USAC_FCC_FORM_470_APPLICATION_190029540_CERTIFIED.pdf,https://publicdata.usac.org/SL/Prd/Form470/401119/190029540/RFP%20BID%20WORKSHEET%20%20%20ECS%20%20Cat%202.xlsx
190030058,127804,PINELLAS COUNTY SCHOOLS,Pinellas County Schools,2019,2019-03-27,Firewall Service and Components,Internal Connections,https://publicdata.usac.org/SL/Prd/Form470/334958/190030058/Original/USAC_FCC_FORM_470_APPLICATION_190030058_CERTIFIED.pdf,https://publicdata.usac.org/SL/Prd/Form470/334958/190030058/Firewall_%20Next%20Generation%20Internet_bidforms.docx
190030058,127804,PINELLAS COUNTY SCHOOLS,Pinellas County Schools,2019,2019-03-27,Firewall Service and Components,Internal Connections,https://publicdata.usac.org/SL/Prd/Form470/334958/190030058/Original/USAC_FCC_FORM_470_APPLICATION_190030058_CERTIFIED.pdf,https://publicdata.usac.org/SL/Prd/Form470/334958/190030058/Firewall_%20Next%20Generation%20Internet.pdf
200000770,127722,127722 - MIAMI-DADE COUNTY PUBLIC SCHOOLS,Miami-Dade County Public Schools,2020,2019-09-18,Firewall Service and Components,Internal Connections,https://publicdata.usac.org/SL/Prd/Form470/334883/200000770/Current/USAC_FCC_FORM_470_APPLICATION_200000770_CERTIFIED.pdf,https://publicdata.usac.org/SL/Prd/Form470/334883/200000770/ITB%2019%20001%20DP%20%20QUESTIONS%20AND%20ANSWERS%20Addendum%201.pdf
200000770,127722,127722 - MIAMI-DADE COUNTY PUBLIC SCHOOLS,Miami-Dade County Public Schools,2020,2019-09-18,Firewall Service and Components,Internal Connections,https://publicdata.usac.org/SL/Prd/Form470/334883/200000770/Current/USAC_FCC_FORM_470_APPLICATION_200000770_CERTIFIED.pdf,https://publicdata.usac.org/SL/Prd/Form470/334883/200000770/ITB%2019%20001%20DP%20NETWORK%20CONNECTIVITY.pdf
200000770,127722,127722 - MIAMI-DADE COUNTY PUBLIC SCHOOLS,Miami-Dade County Public Schools,2020,2019-09-18,Firewall Service and Components,Basic Maintenance of Internal Connections,https://publicdata.usac.org/SL/Prd/Form470/334883/200000770/Current/USAC_FCC_FORM_470_APPLICATION_200000770_CERTIFIED.pdf,https://publicdata.usac.org/SL/Prd/Form470/334883/200000770/ITB%2019%20001%20DP%20%20QUESTIONS%20AND%20ANSWERS%20Addendum%201.pdf
200000770,127722,127722 - MIAMI-DADE COUNTY PUBLIC SCHOOLS,Miami-Dade County Public Schools,2020,2019-09-18,Firewall Service and Components,Basic Maintenance of Internal Connections,https://publicdata.usac.org/SL/Prd/Form470/334883/200000770/Current/USAC_FCC_FORM_470_APPLICATION_200000770_CERTIFIED.pdf,https://publicdata.usac.org/SL/Prd/Form470/334883/200000770/ITB%2019%20001%20DP%20NETWORK%20CONNECTIVITY.pdf
200006859,16056854,CHARTER SCHOOLS USA,,2020,2019-12-05,Firewall Service and Components,Internal Connections,https://publicdata.usac.org/SL/Prd/Form470/401600/200006859/Current/USAC_FCC_FORM_470_APPLICATION_200006859_CERTIFIED.pdf,https://publicdata.usac.org/SL/Prd/Form470/401600/200006859/INNOVATION%20equipment%20Part%20Number%20Spreadsheet.v2.xlsx
200006859,16056854,CHARTER SCHOOLS USA,,2020,2019-12-05,Firewall Service and Components,Internal Connections,https://publicdata.usac.org/SL/Prd/Form470/401600/200006859/Current/USAC_FCC_FORM_470_APPLICATION_200006859_CERTIFIED.pdf,https://publicdata.usac.org/SL/Prd/Form470/401600/200006859/Innovation%20Preparatory%20Academy.docx
200006859,16056854,CHARTER SCHOOLS USA,,2020,2019-12-05,Firewall Service and Components,Internal Connections,https://publicdata.usac.org/SL/Prd/Form470/401600/200006859/Current/USAC_FCC_FORM_470_APPLICATION_200006859_CERTIFIED.pdf,https://publicdata.usac.org/SL/Prd/Form470/401600/200006859/INNOVATION%20equipment%20Part%20Number%20Spreadsheet.v2.xlsx
200006859,16056854,CHARTER SCHOOLS USA,,2020,2019-12-05,Firewall Service and Components,Internal Connections,https://publicdata.usac.org/SL/Prd/Form470/401600/200006859/Current/USAC_FCC_FORM_470_APPLICATION_200006859_CERTIFIED.pdf,https://publicdata.usac.org/SL/Prd/Form470/401600/200006859/470%20Changes.docx
200006859,16056854,CHARTER SCHOOLS USA,,2020,2019-12-05,Firewall Service and Components,Internal Connections,https://publicdata.usac.org/SL/Prd/Form470/401600/200006859/Current/USAC_FCC_FORM_470_APPLICATION_200006859_CERTIFIED.pdf,https://publicdata.usac.org/SL/Prd/Form470/401600/200006859/Innovation%20Preparatory%20Academy.docx
200006859,16056854,CHARTER SCHOOLS USA,,2020,2019-12-05,Firewall Service and Components,Internal Connections,https://publicdata.usac.org/SL/Prd/Form470/401600/200006859/Current/USAC_FCC_FORM_470_APPLICATION_200006859_CERTIFIED.pdf,https://publicdata.usac.org/SL/Prd/Form470/401600/200006859/470%20Changes.docx
200006864,16056854,CHARTER SCHOOLS USA,,2020,2019-12-05,Firewall Service and Components,Internal Connections,https://publicdata.usac.org/SL/Prd/Form470/401600/200006864/Current/USAC_FCC_FORM_470_APPLICATION_200006864_CERTIFIED.pdf,https://publicdata.usac.org/SL/Prd/Form470/401600/200006864/Winthrop%20Charter%20High%20School.docx
200006864,16056854,CHARTER SCHOOLS USA,,2020,2019-12-05,Firewall Service and Components,Internal Connections,https://publicdata.usac.org/SL/Prd/Form470/401600/200006864/Current/USAC_FCC_FORM_470_APPLICATION_200006864_CERTIFIED.pdf,https://publicdata.usac.org/SL/Prd/Form470/401600/200006864/470%20Changes.docx
200006864,16056854,CHARTER SCHOOLS USA,,2020,2019-12-05,Firewall Service and Components,Internal Connections,https://publicdata.usac.org/SL/Prd/Form470/401600/200006864/Current/USAC_FCC_FORM_470_APPLICATION_200006864_CERTIFIED.pdf,https://publicdata.usac.org/SL/Prd/Form470/401600/200006864/WINTHROP%20equipment%20Part%20Number%20Spreadsheet.v2.xlsx
200006864,16056854,CHARTER SCHOOLS USA,,2020,2019-12-05,Firewall Service and Components,Internal Connections,https://publicdata.usac.org/SL/Prd/Form470/401600/200006864/Current/USAC_FCC_FORM_470_APPLICATION_200006864_CERTIFIED.pdf,https://publicdata.usac.org/SL/Prd/Form470/401600/200006864/Winthrop%20Charter%20High%20School.docx
200006864,16056854,CHARTER SCHOOLS USA,,2020,2019-12-05,Firewall Service and Components,Internal Connections,https://publicdata.usac.org/SL/Prd/Form470/401600/200006864/Current/USAC_FCC_FORM_470_APPLICATION_200006864_CERTIFIED.pdf,https://publicdata.usac.org/SL/Prd/Form470/401600/200006864/470%20Changes.docx
200006864,16056854,CHARTER SCHOOLS USA,,2020,2019-12-05,Firewall Service and Components,Internal Connections,https://publicdata.usac.org/SL/Prd/Form470/401600/200006864/Current/USAC_FCC_FORM_470_APPLICATION_200006864_CERTIFIED.pdf,https://publicdata.usac.org/SL/Prd/Form470/401600/200006864/WINTHROP%20equipment%20Part%20Number%20Spreadsheet.v2.xlsx
200006671,16056854,CHARTER SCHOOLS USA,,2020,2019-12-05,Firewall Service and Components,Internal Connections,https://publicdata.usac.org/SL/Prd/Form470/401600/200006671/Current/USAC_FCC_FORM_470_APPLICATION_200006671_CERTIFIED.pdf,https://publicdata.usac.org/SL/Prd/Form470/401600/200006671/Cardinal%20Charter%20Academy.docx
200006671,16056854,CHARTER SCHOOLS USA,,2020,2019-12-05,Firewall Service and Components,Internal Connections,https://publicdata.usac.org/SL/Prd/Form470/401600/200006671/Current/USAC_FCC_FORM_470_APPLICATION_200006671_CERTIFIED.pdf,https://publicdata.usac.org/SL/Prd/Form470/401600/200006671/470%20Changes.docx
200006671,16056854,CHARTER SCHOOLS USA,,2020,2019-12-05,Firewall Service and Components,Internal Connections,https://publicdata.usac.org/SL/Prd/Form470/401600/200006671/Current/USAC_FCC_FORM_470_APPLICATION_200006671_CERTIFIED.pdf,https://publicdata.usac.org/SL/Prd/Form470/401600/200006671/CARDINAL%20equipment%20Part%20Number%20Spreadsheet.v2.xlsx
200006671,16056854,CHARTER SCHOOLS USA,,2020,2019-12-05,Firewall Service and Components,Internal Connections,https://publicdata.usac.org/SL/Prd/Form470/401600/200006671/Current/USAC_FCC_FORM_470_APPLICATION_200006671_CERTIFIED.pdf,https://publicdata.usac.org/SL/Prd/Form470/401600/200006671/470%20Changes.docx
200006671,16056854,CHARTER SCHOOLS USA,,2020,2019-12-05,Firewall Service and Components,Internal Connections,https://publicdata.usac.org/SL/Prd/Form470/401600/200006671/Current/USAC_FCC_FORM_470_APPLICATION_200006671_CERTIFIED.pdf,https://publicdata.usac.org/SL/Prd/Form470/401600/200006671/CARDINAL%20equipment%20Part%20Number%20Spreadsheet.v2.xlsx
200006671,16056854,CHARTER SCHOOLS USA,,2020,2019-12-05,Firewall Service and Components,Internal Connections,https://publicdata.usac.org/SL/Prd/Form470/401600/200006671/Current/USAC_FCC_FORM_470_APPLICATION_200006671_CERTIFIED.pdf,https://publicdata.usac.org/SL/Prd/Form470/401600/200006671/Cardinal%20Charter%20Academy.docx
200006139,16056854,CHARTER SCHOOLS USA,,2020,2019-12-05,Firewall Service and Components,Internal Connections,https://publicdata.usac.org/SL/Prd/Form470/401600/200006139/Current/USAC_FCC_FORM_470_APPLICATION_200006139_CERTIFIED.pdf,https://publicdata.usac.org/SL/Prd/Form470/401600/200006139/470%20Changes.docx
200006139,16056854,CHARTER SCHOOLS USA,,2020,2019-12-05,Firewall Service and Components,Internal Connections,https://publicdata.usac.org/SL/Prd/Form470/401600/200006139/Current/USAC_FCC_FORM_470_APPLICATION_200006139_CERTIFIED.pdf,https://publicdata.usac.org/SL/Prd/Form470/401600/200006139/Acadiana%20Renaissance%20Charter%20Academy.docx
200006139,16056854,CHARTER SCHOOLS USA,,2020,2019-12-05,Firewall Service and Components,Internal Connections,https://publicdata.usac.org/SL/Prd/Form470/401600/200006139/Current/USAC_FCC_FORM_470_APPLICATION_200006139_CERTIFIED.pdf,https://publicdata.usac.org/SL/Prd/Form470/401600/200006139/ACADIANA%20equipment%20Part%20Number%20Spreadsheet.v2.xlsx
200006139,16056854,CHARTER SCHOOLS USA,,2020,2019-12-05,Firewall Service and Components,Internal Connections,https://publicdata.usac.org/SL/Prd/Form470/401600/200006139/Current/USAC_FCC_FORM_470_APPLICATION_200006139_CERTIFIED.pdf,https://publicdata.usac.org/SL/Prd/Form470/401600/200006139/470%20Changes.docx
200006139,16056854,CHARTER SCHOOLS USA,,2020,2019-12-05,Firewall Service and Components,Internal Connections,https://publicdata.usac.org/SL/Prd/Form470/401600/200006139/Current/USAC_FCC_FORM_470_APPLICATION_200006139_CERTIFIED.pdf,https://publicdata.usac.org/SL/Prd/Form470/401600/200006139/Acadiana%20Renaissance%20Charter%20Academy.docx
200006139,16056854,CHARTER SCHOOLS USA,,2020,2019-12-05,Firewall Service and Components,Internal Connections,https://publicdata.usac.org/SL/Prd/Form470/401600/200006139/Current/USAC_FCC_FORM_470_APPLICATION_200006139_CERTIFIED.pdf,https://publicdata.usac.org/SL/Prd/Form470/401600/200006139/ACADIANA%20equipment%20Part%20Number%20Spreadsheet.v2.xlsx
200009652,127626,CALHOUN COUNTY SCHOOL DISTRICT,Calhoun County School District,2020,2019-12-20,Firewall Service and Components,Internal Connections,https://publicdata.usac.org/SL/Prd/Form470/334791/200009652/Original/USAC_FCC_FORM_470_APPLICATION_200009652_CERTIFIED.pdf,
200012181,17002462,DIOCESE OF ORLANDO OFFICE OF CATHOLIC SCHOOLS,,2020,2020-01-09,Firewall Service and Components,Basic Maintenance of Internal Connections,https://publicdata.usac.org/SL/Prd/Form470/17002462/200012181/Original/USAC_FCC_FORM_470_APPLICATION_200012181_CERTIFIED.pdf,
200012181,17002462,DIOCESE OF ORLANDO OFFICE OF CATHOLIC SCHOOLS,,2020,2020-01-09,Firewall Service and Components,Internal Connections,https://publicdata.usac.org/SL/Prd/Form470/17002462/200012181/Original/USAC_FCC_FORM_470_APPLICATION_200012181_CERTIFIED.pdf,
200013396,211833,ROWLETT ACADEMY,,2020,2020-01-14,Firewall Service and Components,Internal Connections,https://publicdata.usac.org/SL/Prd/Form470/362203/200013396/Original/USAC_FCC_FORM_470_APPLICATION_200013396_CERTIFIED.pdf,
200013396,211833,ROWLETT ACADEMY,,2020,2020-01-14,Firewall Service and Components,Basic Maintenance of Internal Connections,https://publicdata.usac.org/SL/Prd/Form470/362203/200013396/Original/USAC_FCC_FORM_470_APPLICATION_200013396_CERTIFIED.pdf,
200013599,16076498,AVANT GARDE ACADEMY INC - DBA Victory Charter School,,2020,2020-01-14,Firewall Service and Components,Internal Connections,https://publicdata.usac.org/SL/Prd/Form470/398810/200013599/Original/USAC_FCC_FORM_470_APPLICATION_200013599_CERTIFIED.pdf,
200013599,16076498,AVANT GARDE ACADEMY INC - DBA Victory Charter School,,2020,2020-01-14,Firewall Service and Components,Basic Maintenance of Internal Connections,https://publicdata.usac.org/SL/Prd/Form470/398810/200013599/Original/USAC_FCC_FORM_470_APPLICATION_200013599_CERTIFIED.pdf,
200013973,16051836,"CENTRO MATER CHILD CARE SERVICES, INC.",,2020,2020-01-15,Firewall Service and Components,Basic Maintenance of Internal Connections,https://publicdata.usac.org/SL/Prd/Form470/401494/200013973/Original/USAC_FCC_FORM_470_APPLICATION_200013973_CERTIFIED.pdf,
200011792,35124,"Pace Center for Girls, Inc.",,2020,2020-01-22,Firewall Service and Components,Basic Maintenance of Internal Connections,https://publicdata.usac.org/SL/Prd/Form470/400285/200011792/Current/USAC_FCC_FORM_470_APPLICATION_200011792_CERTIFIED.pdf,https://publicdata.usac.org/SL/Prd/Form470/400285/200011792/2020%20PACE%20BM%20Equipment.xlsx
200016879,127626,CALHOUN COUNTY SCHOOL DISTRICT,Calhoun County School District,2020,2020-01-24,Firewall Service and Components,Internal Connections,https://publicdata.usac.org/SL/Prd/Form470/334791/200016879/Original/USAC_FCC_FORM_470_APPLICATION_200016879_CERTIFIED.pdf,
200017477,16040448,FAMILY CHRISTIAN ASSOCIATION OF AMERICA,,2020,2020-01-27,Firewall Service and Components,Basic Maintenance of Internal Connections,https://publicdata.usac.org/SL/Prd/Form470/401138/200017477/Original/USAC_FCC_FORM_470_APPLICATION_200017477_CERTIFIED.pdf,
200019762,17024170,True North Classical Academy,,2020,2020-02-05,Firewall Service and Components,Internal Connections,https://publicdata.usac.org/SL/Prd/Form470/17024170/200019762/Original/USAC_FCC_FORM_470_APPLICATION_200019762_CERTIFIED.pdf,
200020109,17023754,Academy for Positive Learning II,,2020,2020-02-05,Firewall Service and Components,Internal Connections,https://publicdata.usac.org/SL/Prd/Form470/17023754/200020109/Original/USAC_FCC_FORM_470_APPLICATION_200020109_CERTIFIED.pdf,https://publicdata.usac.org/SL/Prd/Form470/17023754/200020109/A4PL%20RFP%201.9.2020.docx
200020109,17023754,Academy for Positive Learning II,,2020,2020-02-05,Firewall Service and Components,Basic Maintenance of Internal Connections,https://publicdata.usac.org/SL/Prd/Form470/17023754/200020109/Original/USAC_FCC_FORM_470_APPLICATION_200020109_CERTIFIED.pdf,https://publicdata.usac.org/SL/Prd/Form470/17023754/200020109/A4PL%20RFP%201.9.2020.docx
200021168,35124,"Pace Center for Girls, Inc.",,2020,2020-02-06,Firewall Service and Components,Basic Maintenance of Internal Connections,https://publicdata.usac.org/SL/Prd/Form470/400285/200021168/Original/USAC_FCC_FORM_470_APPLICATION_200021168_CERTIFIED.pdf,https://publicdata.usac.org/SL/Prd/Form470/400285/200021168/2020%20PACE%20BM%20Equipment%20Update.xlsx
200020942,17019223,Beacon College Prep Inc,,2020,2020-02-07,Firewall Service and Components,Basic Maintenance of Internal Connections,https://publicdata.usac.org/SL/Prd/Form470/17019223/200020942/Original/USAC_FCC_FORM_470_APPLICATION_200020942_CERTIFIED.pdf,
200021985,17001949,Miami Community Charter Middle/High Schools,,2020,2020-02-13,Firewall Service and Components,Basic Maintenance of Internal Connections,https://publicdata.usac.org/SL/Prd/Form470/17001949/200021985/Original/USAC_FCC_FORM_470_APPLICATION_200021985_CERTIFIED.pdf,
200021985,17001949,Miami Community Charter Middle/High Schools,,2020,2020-02-13,Firewall Service and Components,Internal Connections,https://publicdata.usac.org/SL/Prd/Form470/17001949/200021985/Original/USAC_FCC_FORM_470_APPLICATION_200021985_CERTIFIED.pdf,
200023824,16073516,SAN JOSE ACADEMY,,2020,2020-02-14,Firewall Service and Components,Basic Maintenance of Internal Connections,https://publicdata.usac.org/SL/Prd/Form470/397463/200023824/Original/USAC_FCC_FORM_470_APPLICATION_200023824_CERTIFIED.pdf,
200023824,16073516,SAN JOSE ACADEMY,,2020,2020-02-14,Firewall Service and Components,Internal Connections,https://publicdata.usac.org/SL/Prd/Form470/397463/200023824/Original/USAC_FCC_FORM_470_APPLICATION_200023824_CERTIFIED.pdf,
200023824,16073516,SAN JOSE ACADEMY,,2020,2020-02-14,Firewall Service and Components,Basic Maintenance of Internal Connections,https://publicdata.usac.org/SL/Prd/Form470/397463/200023824/Original/USAC_FCC_FORM_470_APPLICATION_200023824_CERTIFIED.pdf,
200024204,17002036,The Charter Schools of Excellence,,2020,2020-02-15,Firewall Service and Components,Basic Maintenance of Internal Connections,https://publicdata.usac.org/SL/Prd/Form470/17002036/200024204/Original/USAC_FCC_FORM_470_APPLICATION_200024204_CERTIFIED.pdf,
200024204,17002036,The Charter Schools of Excellence,,2020,2020-02-15,Firewall Service and Components,Internal Connections,https://publicdata.usac.org/SL/Prd/Form470/17002036/200024204/Original/USAC_FCC_FORM_470_APPLICATION_200024204_CERTIFIED.pdf,
200024204,17002036,The Charter Schools of Excellence,,2020,2020-02-15,Firewall Service and Components,Basic Maintenance of Internal Connections,https://publicdata.usac.org/SL/Prd/Form470/17002036/200024204/Original/USAC_FCC_FORM_470_APPLICATION_200024204_CERTIFIED.pdf,
200024608,127639,GULF COUNTY SCHOOL DISTRICT,Gulf County School District,2020,2020-02-18,Firewall Service and Components,Internal Connections,https://publicdata.usac.org/SL/Prd/Form470/334803/200024608/Original/USAC_FCC_FORM_470_APPLICATION_200024608_CERTIFIED.pdf,https://publicdata.usac.org/SL/Prd/Form470/334803/200024608/RFP%20Gulf%20County%20Internal%20Connections.xlsx
200024608,127639,GULF COUNTY SCHOOL DISTRICT,Gulf County School District,2020,2020-02-18,Firewall Service and Components,Basic Maintenance of Internal Connections,https://publicdata.usac.org/SL/Prd/Form470/334803/200024608/Original/USAC_FCC_FORM_470_APPLICATION_200024608_CERTIFIED.pdf,https://publicdata.usac.org/SL/Prd/Form470/334803/200024608/RFP%20Gulf%20County%20Internal%20Connections.xlsx
200025164,127835,CHARLOTTE COUNTY SCHOOL DIST,Charlotte County Public Schools,2020,2020-02-19,Firewall Service and Components,Internal Connections,https://publicdata.usac.org/SL/Prd/Form470/334989/200025164/Current/USAC_FCC_FORM_470_APPLICATION_200025164_CERTIFIED.pdf,https://publicdata.usac.org/SL/Prd/Form470/334989/200025164/Addendum%202%20Replaced%20by%20Form%20470%20200029565.docx
200025164,127835,CHARLOTTE COUNTY SCHOOL DIST,Charlotte County Public Schools,2020,2020-02-19,Firewall Service and Components,Internal Connections,https://publicdata.usac.org/SL/Prd/Form470/334989/200025164/Current/USAC_FCC_FORM_470_APPLICATION_200025164_CERTIFIED.pdf,https://publicdata.usac.org/SL/Prd/Form470/334989/200025164/Cat%202%20Spreadsheet%20Final%202.xlsx
200025083,16056854,CHARTER SCHOOLS USA,,2020,2020-02-20,Firewall Service and Components,Basic Maintenance of Internal Connections,https://publicdata.usac.org/SL/Prd/Form470/401600/200025083/Current/USAC_FCC_FORM_470_APPLICATION_200025083_CERTIFIED.pdf,https://publicdata.usac.org/SL/Prd/Form470/401600/200025083/FL%20%20CSUSA%20MIBS%20and%20BMIC%20%20%20RFP%20Worksheet.xlsx
200025511,17024410,Babcock Neighborhood School (District),,2020,2020-02-20,Firewall Service and Components,Internal Connections,https://publicdata.usac.org/SL/Prd/Form470/17024410/200025511/Original/USAC_FCC_FORM_470_APPLICATION_200025511_CERTIFIED.pdf,
200025511,17024410,Babcock Neighborhood School (District),,2020,2020-02-20,Firewall Service and Components,Basic Maintenance of Internal Connections,https://publicdata.usac.org/SL/Prd/Form470/17024410/200025511/Original/USAC_FCC_FORM_470_APPLICATION_200025511_CERTIFIED.pdf,
200026277,16068381,O'FARRILL LEARNING CENTER,,2020,2020-02-21,Firewall Service and Components,Internal Connections,https://publicdata.usac.org/SL/Prd/Form470/401793/200026277/Original/USAC_FCC_FORM_470_APPLICATION_200026277_CERTIFIED.pdf,
200026722,16038929,CITY OF PALMS CHARTER HIGH SCHOOL,,2020,2020-02-22,Firewall Service and Components,Basic Maintenance of Internal Connections,https://publicdata.usac.org/SL/Prd/Form470/379120/200026722/Original/USAC_FCC_FORM_470_APPLICATION_200026722_CERTIFIED.pdf,https://publicdata.usac.org/SL/Prd/Form470/379120/200026722/Placeholder.pdf
200026722,16038929,CITY OF PALMS CHARTER HIGH SCHOOL,,2020,2020-02-22,Firewall Service and Components,Internal Connections,https://publicdata.usac.org/SL/Prd/Form470/379120/200026722/Original/USAC_FCC_FORM_470_APPLICATION_200026722_CERTIFIED.pdf,https://publicdata.usac.org/SL/Prd/Form470/379120/200026722/Placeholder.pdf
200019112,127608,MADISON COUNTY SCHOOL DISTRICT,Madison County School District,2020,2020-02-25,Firewall Service and Components,Internal Connections,https://publicdata.usac.org/SL/Prd/Form470/334773/200019112/Original/USAC_FCC_FORM_470_APPLICATION_200019112_CERTIFIED.pdf,https://publicdata.usac.org/SL/Prd/Form470/334773/200019112/Madison_FY23_470_RFP%20CAT2%20Details.docx
200019112,127608,MADISON COUNTY SCHOOL DISTRICT,Madison County School District,2020,2020-02-25,Firewall Service and Components,Basic Maintenance of Internal Connections,https://publicdata.usac.org/SL/Prd/Form470/334773/200019112/Original/USAC_FCC_FORM_470_APPLICATION_200019112_CERTIFIED.pdf,https://publicdata.usac.org/SL/Prd/Form470/334773/200019112/Madison_FY23_470_RFP%20CAT2%20Details.docx
200028896,127611,JEFFERSON COUNTY SCHOOL DIST,Jefferson County School District,2020,2020-02-26,Firewall Service and Components,Internal Connections,https://publicdata.usac.org/SL/Prd/Form470/334776/200028896/Original/USAC_FCC_FORM_470_APPLICATION_200028896_CERTIFIED.pdf,
200029036,17024794,Easterseals Southwest Florida,,2020,2020-02-26,Firewall Service and Components,Internal Connections,https://publicdata.usac.org/SL/Prd/Form470/17024794/200029036/Original/USAC_FCC_FORM_470_APPLICATION_200029036_CERTIFIED.pdf,
200029036,17024794,Easterseals Southwest Florida,,2020,2020-02-26,Firewall Service and Components,Basic Maintenance of Internal Connections,https://publicdata.usac.org/SL/Prd/Form470/17024794/200029036/Original/USAC_FCC_FORM_470_APPLICATION_200029036_CERTIFIED.pdf,
200029092,16039146,"EPISCOPAL CHILDREN'S SERVICES, INC.",,2020,2020-02-26,Firewall Service and Components,Basic Maintenance of Internal Connections,https://publicdata.usac.org/SL/Prd/Form470/401119/200029092/Original/USAC_FCC_FORM_470_APPLICATION_200029092_CERTIFIED.pdf,https://publicdata.usac.org/SL/Prd/Form470/401119/200029092/RFP%202020%20ECS%20%20Category%202.xlsx
200029092,16039146,"EPISCOPAL CHILDREN'S SERVICES, INC.",,2020,2020-02-26,Firewall Service and Components,Internal Connections,https://publicdata.usac.org/SL/Prd/Form470/401119/200029092/Original/USAC_FCC_FORM_470_APPLICATION_200029092_CERTIFIED.pdf,https://publicdata.usac.org/SL/Prd/Form470/401119/200029092/RFP%202020%20ECS%20%20Category%202.xlsx
200029293,16050397,CHILDRENS EDUCATIONAL SERVICES,,2020,2020-03-04,Firewall Service and Components,Internal Connections,https://publicdata.usac.org/SL/Prd/Form470/384899/200029293/Original/USAC_FCC_FORM_470_APPLICATION_200029293_CERTIFIED.pdf,
200029347,16055686,"HISPANIC HUMAN RESOURCES COUNCIL, INC",,2020,2020-03-06,Firewall Service and Components,Internal Connections,https://publicdata.usac.org/SL/Prd/Form470/401508/200029347/Original/USAC_FCC_FORM_470_APPLICATION_200029347_CERTIFIED.pdf,
200029347,16055686,"HISPANIC HUMAN RESOURCES COUNCIL, INC",,2020,2020-03-06,Firewall Service and Components,Basic Maintenance of Internal Connections,https://publicdata.usac.org/SL/Prd/Form470/401508/200029347/Original/USAC_FCC_FORM_470_APPLICATION_200029347_CERTIFIED.pdf,
200029386,16045205,LE JARDIN COMMUNITY CENTER,,2020,2020-03-09,Firewall Service and Components,Basic Maintenance of Internal Connections,https://publicdata.usac.org/SL/Prd/Form470/382036/200029386/Original/USAC_FCC_FORM_470_APPLICATION_200029386_CERTIFIED.pdf,
200029386,16045205,LE JARDIN COMMUNITY CENTER,,2020,2020-03-09,Firewall Service and Components,Internal Connections,https://publicdata.usac.org/SL/Prd/Form470/382036/200029386/Original/USAC_FCC_FORM_470_APPLICATION_200029386_CERTIFIED.pdf,
200029492,16055616,"LINCOLN-MARTI COMMUNITY AGENCY, INC",,2020,2020-03-13,Firewall Service and Components,Internal Connections,https://publicdata.usac.org/SL/Prd/Form470/400694/200029492/Original/USAC_FCC_FORM_470_APPLICATION_200029492_CERTIFIED.pdf,https://publicdata.usac.org/SL/Prd/Form470/400694/200029492/Category%202%20RFP%20%20Bidding%20Instructions%20%20Requirements.pdf
200029492,16055616,"LINCOLN-MARTI COMMUNITY AGENCY, INC",,2020,2020-03-13,Firewall Service and Components,Basic Maintenance of Internal Connections,https://publicdata.usac.org/SL/Prd/Form470/400694/200029492/Original/USAC_FCC_FORM_470_APPLICATION_200029492_CERTIFIED.pdf,https://publicdata.usac.org/SL/Prd/Form470/400694/200029492/Category%202%20RFP%20%20Bidding%20Instructions%20%20Requirements.pdf
200029565,127835,CHARLOTTE COUNTY SCHOOL DIST,Charlotte County Public Schools,2020,2020-03-17,Firewall Service and Components,Internal Connections,https://publicdata.usac.org/SL/Prd/Form470/334989/200029565/Current/USAC_FCC_FORM_470_APPLICATION_200029565_CERTIFIED.pdf,https://publicdata.usac.org/SL/Prd/Form470/334989/200029565/Addendum%20%20This%20%20Form%20470%20%20is%20Replaced%20by%20200030034.docx
200029565,127835,CHARLOTTE COUNTY SCHOOL DIST,Charlotte County Public Schools,2020,2020-03-17,Firewall Service and Components,Internal Connections,https://publicdata.usac.org/SL/Prd/Form470/334989/200029565/Current/USAC_FCC_FORM_470_APPLICATION_200029565_CERTIFIED.pdf,https://publicdata.usac.org/SL/Prd/Form470/334989/200029565/Cat%202%20Spreadsheet%20PoE%20required%20Final.xlsx
200030034,127835,CHARLOTTE COUNTY SCHOOL DIST,Charlotte County Public Schools,2020,2020-03-31,Firewall Service and Components,Internal Connections,https://publicdata.usac.org/SL/Prd/Form470/334989/200030034/Current/USAC_FCC_FORM_470_APPLICATION_200030034_CERTIFIED.pdf,https://publicdata.usac.org/SL/Prd/Form470/334989/200030034/Addendum%20for%20Form%20470%20200030034%20Number%202%20Questions%20and%20Answers.docx
200030034,127835,CHARLOTTE COUNTY SCHOOL DIST,Charlotte County Public Schools,2020,2020-03-31,Firewall Service and Components,Internal Connections,https://publicdata.usac.org/SL/Prd/Form470/334989/200030034/Current/USAC_FCC_FORM_470_APPLICATION_200030034_CERTIFIED.pdf,https://publicdata.usac.org/SL/Prd/Form470/334989/200030034/Addendum%20for%20Form%20470%20200030034%20Number%203%20Questions%20and%20Answers.docx
200030034,127835,CHARLOTTE COUNTY SCHOOL DIST,Charlotte County Public Schools,2020,2020-03-31,Firewall Service and Components,Internal Connections,https://publicdata.usac.org/SL/Prd/Form470/334989/200030034/Current/USAC_FCC_FORM_470_APPLICATION_200030034_CERTIFIED.pdf,https://publicdata.usac.org/SL/Prd/Form470/334989/200030034/Cat%202%20Spreadsheet%20Final%202%20%20Additional%20Switches.xlsx
200030034,127835,CHARLOTTE COUNTY SCHOOL DIST,Charlotte County Public Schools,2020,2020-03-31,Firewall Service and Components,Internal Connections,https://publicdata.usac.org/SL/Prd/Form470/334989/200030034/Current/USAC_FCC_FORM_470_APPLICATION_200030034_CERTIFIED.pdf,https://publicdata.usac.org/SL/Prd/Form470/334989/200030034/Addendum%20for%20Form%20470%20200030034%20Number%201%20Questions%20and%20Answers.docx
210002275,127892,ST LUCIE COUNTY SCHOOL DIST,St. Lucie Public Schools,2021,2020-11-11,Firewall Service and Components,Basic Maintenance of Internal Connections,https://publicdata.usac.org/SL/Prd/Form470/335044/210002275/Current/USAC_FCC_FORM_470_APPLICATION_210002275_CERTIFIED.pdf,https://publicdata.usac.org/SL/Prd/Form470/335044/210002275/RFP%2021_12E%20Network%20Hardware%20Equipment.pdf
210002275,127892,ST LUCIE COUNTY SCHOOL DIST,St. Lucie Public Schools,2021,2020-11-11,Firewall Service and Components,Internal Connections,https://publicdata.usac.org/SL/Prd/Form470/335044/210002275/Current/USAC_FCC_FORM_470_APPLICATION_210002275_CERTIFIED.pdf,https://publicdata.usac.org/SL/Prd/Form470/335044/210002275/RFP%2021_12E%20Addendum%201.pdf
210002275,127892,ST LUCIE COUNTY SCHOOL DIST,St. Lucie Public Schools,2021,2020-11-11,Firewall Service and Components,Internal Connections,https://publicdata.usac.org/SL/Prd/Form470/335044/210002275/Current/USAC_FCC_FORM_470_APPLICATION_210002275_CERTIFIED.pdf,https://publicdata.usac.org/SL/Prd/Form470/335044/210002275/21_12E%20Intent%20to%20Award.pdf
210002275,127892,ST LUCIE COUNTY SCHOOL DIST,St. Lucie Public Schools,2021,2020-11-11,Firewall Service and Components,Internal Connections,https://publicdata.usac.org/SL/Prd/Form470/335044/210002275/Current/USAC_FCC_FORM_470_APPLICATION_210002275_CERTIFIED.pdf,https://publicdata.usac.org/SL/Prd/Form470/335044/210002275/RFP%2021_12E%20Network%20Hardware%20Equipment.pdf
210002275,127892,ST LUCIE COUNTY SCHOOL DIST,St. Lucie Public Schools,2021,2020-11-11,Firewall Service and Components,Internal Connections,https://publicdata.usac.org/SL/Prd/Form470/335044/210002275/Current/USAC_FCC_FORM_470_APPLICATION_210002275_CERTIFIED.pdf,https://publicdata.usac.org/SL/Prd/Form470/335044/210002275/RFP%2021_12E%20Inventory%20Exhibit%201.xlsx
210002275,127892,ST LUCIE COUNTY SCHOOL DIST,St. Lucie Public Schools,2021,2020-11-11,Firewall Service and Components,Basic Maintenance of Internal Connections,https://publicdata.usac.org/SL/Prd/Form470/335044/210002275/Current/USAC_FCC_FORM_470_APPLICATION_210002275_CERTIFIED.pdf,https://publicdata.usac.org/SL/Prd/Form470/335044/210002275/21_12E%20Intent%20to%20Award.pdf
210002275,127892,ST LUCIE COUNTY SCHOOL DIST,St. Lucie Public Schools,2021,2020-11-11,Firewall Service and Components,Basic Maintenance of Internal Connections,https://publicdata.usac.org/SL/Prd/Form470/335044/210002275/Current/USAC_FCC_FORM_470_APPLICATION_210002275_CERTIFIED.pdf,https://publicdata.usac.org/SL/Prd/Form470/335044/210002275/RFP%2021_12E%20Addendum%201.pdf
210002275,127892,ST LUCIE COUNTY SCHOOL DIST,St. Lucie Public Schools,2021,2020-11-11,Firewall Service and Components,Basic Maintenance of Internal Connections,https://publicdata.usac.org/SL/Prd/Form470/335044/210002275/Current/USAC_FCC_FORM_470_APPLICATION_210002275_CERTIFIED.pdf,https://publicdata.usac.org/SL/Prd/Form470/335044/210002275/RFP%2021_12E%20Inventory%20Exhibit%201.xlsx
210004893,17002462,DIOCESE OF ORLANDO OFFICE OF CATHOLIC SCHOOLS,,2021,2020-11-18,Firewall Service and Components,Basic Maintenance of Internal Connections,https://publicdata.usac.org/SL/Prd/Form470/17002462/210004893/Original/USAC_FCC_FORM_470_APPLICATION_210004893_CERTIFIED.pdf,
210004893,17002462,DIOCESE OF ORLANDO OFFICE OF CATHOLIC SCHOOLS,,2021,2020-11-18,Firewall Service and Components,Internal Connections,https://publicdata.usac.org/SL/Prd/Form470/17002462/210004893/Original/USAC_FCC_FORM_470_APPLICATION_210004893_CERTIFIED.pdf,
210005697,35124,"Pace Center for Girls, Inc.",,2021,2020-12-09,Firewall Service and Components,Basic Maintenance of Internal Connections,https://publicdata.usac.org/SL/Prd/Form470/400285/210005697/Original/USAC_FCC_FORM_470_APPLICATION_210005697_CERTIFIED.pdf,https://publicdata.usac.org/SL/Prd/Form470/400285/210005697/2021%20PACE%20Cat%202%20RFP.xlsx
210009138,127671,SEMINOLE COUNTY SCHOOL DIST,Seminole County Public Schools,2021,2020-12-16,Firewall Service and Components,Internal Connections,https://publicdata.usac.org/SL/Prd/Form470/334835/210009138/Original/USAC_FCC_FORM_470_APPLICATION_210009138_CERTIFIED.pdf,https://publicdata.usac.org/SL/Prd/Form470/334835/210009138/Exhibit%204%20OHS%20Data%20Network.pdf
210009138,127671,SEMINOLE COUNTY SCHOOL DIST,Seminole County Public Schools,2021,2020-12-16,Firewall Service and Components,Internal Connections,https://publicdata.usac.org/SL/Prd/Form470/334835/210009138/Original/USAC_FCC_FORM_470_APPLICATION_210009138_CERTIFIED.pdf,https://publicdata.usac.org/SL/Prd/Form470/334835/210009138/20210072N%20BN%20Attachment%20P%20Price%20Schedule.xlsx
210009138,127671,SEMINOLE COUNTY SCHOOL DIST,Seminole County Public Schools,2021,2020-12-16,Firewall Service and Components,Internal Connections,https://publicdata.usac.org/SL/Prd/Form470/334835/210009138/Original/USAC_FCC_FORM_470_APPLICATION_210009138_CERTIFIED.pdf,https://publicdata.usac.org/SL/Prd/Form470/334835/210009138/20210072N%20BN%20District%20Firewall%20Solution.pdf
210009138,127671,SEMINOLE COUNTY SCHOOL DIST,Seminole County Public Schools,2021,2020-12-16,Firewall Service and Components,Internal Connections,https://publicdata.usac.org/SL/Prd/Form470/334835/210009138/Original/USAC_FCC_FORM_470_APPLICATION_210009138_CERTIFIED.pdf,https://publicdata.usac.org/SL/Prd/Form470/334835/210009138/Exhibit%203%20ESC%20Data%20Network.pdf
210009138,127671,SEMINOLE COUNTY SCHOOL DIST,Seminole County Public Schools,2021,2020-12-16,Firewall Service and Components,Internal Connections,https://publicdata.usac.org/SL/Prd/Form470/334835/210009138/Original/USAC_FCC_FORM_470_APPLICATION_210009138_CERTIFIED.pdf,https://publicdata.usac.org/SL/Prd/Form470/334835/210009138/Exhibit%204%20OHS%20Data%20Network.pdf
210009138,127671,SEMINOLE COUNTY SCHOOL DIST,Seminole County Public Schools,2021,2020-12-16,Firewall Service and Components,Internal Connections,https://publicdata.usac.org/SL/Prd/Form470/334835/210009138/Original/USAC_FCC_FORM_470_APPLICATION_210009138_CERTIFIED.pdf,https://publicdata.usac.org/SL/Prd/Form470/334835/210009138/Sample%20Master%20Agreement%20Template%20w%20Federal%20Terms%20and%20Conditions.pdf
210009138,127671,SEMINOLE COUNTY SCHOOL DIST,Seminole County Public Schools,2021,2020-12-16,Firewall Service and Components,Basic Maintenance of Internal Connections,https://publicdata.usac.org/SL/Prd/Form470/334835/210009138/Original/USAC_FCC_FORM_470_APPLICATION_210009138_CERTIFIED.pdf,https://publicdata.usac.org/SL/Prd/Form470/334835/210009138/20210072N%20BN%20Attachment%20P%20Price%20Schedule.xlsx
210009138,127671,SEMINOLE COUNTY SCHOOL DIST,Seminole County Public Schools,2021,2020-12-16,Firewall Service and Components,Basic Maintenance of Internal Connections,https://publicdata.usac.org/SL/Prd/Form470/334835/210009138/Original/USAC_FCC_FORM_470_APPLICATION_210009138_CERTIFIED.pdf,https://publicdata.usac.org/SL/Prd/Form470/334835/210009138/20210072N%20BN%20District%20Firewall%20Solution.pdf
210009138,127671,SEMINOLE COUNTY SCHOOL DIST,Seminole County Public Schools,2021,2020-12-16,Firewall Service and Components,Basic Maintenance of Internal Connections,https://publicdata.usac.org/SL/Prd/Form470/334835/210009138/Original/USAC_FCC_FORM_470_APPLICATION_210009138_CERTIFIED.pdf,https://publicdata.usac.org/SL/Prd/Form470/334835/210009138/Exhibit%203%20ESC%20Data%20Network.pdf
210009138,127671,SEMINOLE COUNTY SCHOOL DIST,Seminole County Public Schools,2021,2020-12-16,Firewall Service and Components,Basic Maintenance of Internal Connections,https://publicdata.usac.org/SL/Prd/Form470/334835/210009138/Original/USAC_FCC_FORM_470_APPLICATION_210009138_CERTIFIED.pdf,https://publicdata.usac.org/SL/Prd/Form470/334835/210009138/Exhibit%204%20OHS%20Data%20Network.pdf
210009138,127671,SEMINOLE COUNTY SCHOOL DIST,Seminole County Public Schools,2021,2020-12-16,Firewall Service and Components,Basic Maintenance of Internal Connections,https://publicdata.usac.org/SL/Prd/Form470/334835/210009138/Original/USAC_FCC_FORM_470_APPLICATION_210009138_CERTIFIED.pdf,https://publicdata.usac.org/SL/Prd/Form470/334835/210009138/Sample%20Master%20Agreement%20Template%20w%20Federal%20Terms%20and%20Conditions.pdf
210009138,127671,SEMINOLE COUNTY SCHOOL DIST,Seminole County Public Schools,2021,2020-12-16,Firewall Service and Components,Internal Connections,https://publicdata.usac.org/SL/Prd/Form470/334835/210009138/Original/USAC_FCC_FORM_470_APPLICATION_210009138_CERTIFIED.pdf,https://publicdata.usac.org/SL/Prd/Form470/334835/210009138/20210072N%20BN%20Attachment%20P%20Price%20Schedule.xlsx
210009138,127671,SEMINOLE COUNTY SCHOOL DIST,Seminole County Public Schools,2021,2020-12-16,Firewall Service and Components,Internal Connections,https://publicdata.usac.org/SL/Prd/Form470/334835/210009138/Original/USAC_FCC_FORM_470_APPLICATION_210009138_CERTIFIED.pdf,https://publicdata.usac.org/SL/Prd/Form470/334835/210009138/20210072N%20BN%20District%20Firewall%20Solution.pdf
210009138,127671,SEMINOLE COUNTY SCHOOL DIST,Seminole County Public Schools,2021,2020-12-16,Firewall Service and Components,Internal Connections,https://publicdata.usac.org/SL/Prd/Form470/334835/210009138/Original/USAC_FCC_FORM_470_APPLICATION_210009138_CERTIFIED.pdf,https://publicdata.usac.org/SL/Prd/Form470/334835/210009138/Exhibit%203%20ESC%20Data%20Network.pdf
210009138,127671,SEMINOLE COUNTY SCHOOL DIST,Seminole County Public Schools,2021,2020-12-16,Firewall Service and Components,Basic Maintenance of Internal Connections,https://publicdata.usac.org/SL/Prd/Form470/334835/210009138/Original/USAC_FCC_FORM_470_APPLICATION_210009138_CERTIFIED.pdf,https://publicdata.usac.org/SL/Prd/Form470/334835/210009138/Sample%20Master%20Agreement%20Template%20w%20Federal%20Terms%20and%20Conditions.pdf
210009138,127671,SEMINOLE COUNTY SCHOOL DIST,Seminole County Public Schools,2021,2020-12-16,Firewall Service and Components,Basic Maintenance of Internal Connections,https://publicdata.usac.org/SL/Prd/Form470/334835/210009138/Original/USAC_FCC_FORM_470_APPLICATION_210009138_CERTIFIED.pdf,https://publicdata.usac.org/SL/Prd/Form470/334835/210009138/Exhibit%204%20OHS%20Data%20Network.pdf
210009138,127671,SEMINOLE COUNTY SCHOOL DIST,Seminole County Public Schools,2021,2020-12-16,Firewall Service and Components,Basic Maintenance of Internal Connections,https://publicdata.usac.org/SL/Prd/Form470/334835/210009138/Original/USAC_FCC_FORM_470_APPLICATION_210009138_CERTIFIED.pdf,https://publicdata.usac.org/SL/Prd/Form470/334835/210009138/Exhibit%203%20ESC%20Data%20Network.pdf
210009138,127671,SEMINOLE COUNTY SCHOOL DIST,Seminole County Public Schools,2021,2020-12-16,Firewall Service and Components,Basic Maintenance of Internal Connections,https://publicdata.usac.org/SL/Prd/Form470/334835/210009138/Original/USAC_FCC_FORM_470_APPLICATION_210009138_CERTIFIED.pdf,https://publicdata.usac.org/SL/Prd/Form470/334835/210009138/20210072N%20BN%20District%20Firewall%20Solution.pdf
210009138,127671,SEMINOLE COUNTY SCHOOL DIST,Seminole County Public Schools,2021,2020-12-16,Firewall Service and Components,Internal Connections,https://publicdata.usac.org/SL/Prd/Form470/334835/210009138/Original/USAC_FCC_FORM_470_APPLICATION_210009138_CERTIFIED.pdf,https://publicdata.usac.org/SL/Prd/Form470/334835/210009138/Sample%20Master%20Agreement%20Template%20w%20Federal%20Terms%20and%20Conditions.pdf
210009138,127671,SEMINOLE COUNTY SCHOOL DIST,Seminole County Public Schools,2021,2020-12-16,Firewall Service and Components,Basic Maintenance of Internal Connections,https://publicdata.usac.org/SL/Prd/Form470/334835/210009138/Original/USAC_FCC_FORM_470_APPLICATION_210009138_CERTIFIED.pdf,https://publicdata.usac.org/SL/Prd/Form470/334835/210009138/20210072N%20BN%20Attachment%20P%20Price%20Schedule.xlsx
210009062,16081442,KIPP JACKSONVILLE DISTRICT OFFICE,,2021,2020-12-17,Firewall Service and Components,Internal Connections,https://publicdata.usac.org/SL/Prd/Form470/401080/210009062/Current/USAC_FCC_FORM_470_APPLICATION_210009062_CERTIFIED.pdf,https://publicdata.usac.org/SL/Prd/Form470/401080/210009062/Or%20Equivalent%20Equipment%20Current%20Sites.pdf
210009062,16081442,KIPP JACKSONVILLE DISTRICT OFFICE,,2021,2020-12-17,Firewall Service and Components,Internal Connections,https://publicdata.usac.org/SL/Prd/Form470/401080/210009062/Current/USAC_FCC_FORM_470_APPLICATION_210009062_CERTIFIED.pdf,https://publicdata.usac.org/SL/Prd/Form470/401080/210009062/JK21_RFP_Amendment%20470%20extension.pdf
210009062,16081442,KIPP JACKSONVILLE DISTRICT OFFICE,,2021,2020-12-17,Firewall Service and Components,Internal Connections,https://publicdata.usac.org/SL/Prd/Form470/401080/210009062/Current/USAC_FCC_FORM_470_APPLICATION_210009062_CERTIFIED.pdf,https://publicdata.usac.org/SL/Prd/Form470/401080/210009062/JK21_RFP_Amendment_Second%20470%20Extension.pdf
210009062,16081442,KIPP JACKSONVILLE DISTRICT OFFICE,,2021,2020-12-17,Firewall Service and Components,Internal Connections,https://publicdata.usac.org/SL/Prd/Form470/401080/210009062/Current/USAC_FCC_FORM_470_APPLICATION_210009062_CERTIFIED.pdf,https://publicdata.usac.org/SL/Prd/Form470/401080/210009062/Or%20Equivalent%20Equipment%20Current%20Sites.pdf
210009062,16081442,KIPP JACKSONVILLE DISTRICT OFFICE,,2021,2020-12-17,Firewall Service and Components,Internal Connections,https://publicdata.usac.org/SL/Prd/Form470/401080/210009062/Current/USAC_FCC_FORM_470_APPLICATION_210009062_CERTIFIED.pdf,https://publicdata.usac.org/SL/Prd/Form470/401080/210009062/Or%20Equivalent%20Equipment%20Golfair%20Site.pdf
210009062,16081442,KIPP JACKSONVILLE DISTRICT OFFICE,,2021,2020-12-17,Firewall Service and Components,Internal Connections,https://publicdata.usac.org/SL/Prd/Form470/401080/210009062/Current/USAC_FCC_FORM_470_APPLICATION_210009062_CERTIFIED.pdf,https://publicdata.usac.org/SL/Prd/Form470/401080/210009062/JK21_RFP_Amendment%20470%20extension.pdf
210009062,16081442,KIPP JACKSONVILLE DISTRICT OFFICE,,2021,2020-12-17,Firewall Service and Components,Internal Connections,https://publicdata.usac.org/SL/Prd/Form470/401080/210009062/Current/USAC_FCC_FORM_470_APPLICATION_210009062_CERTIFIED.pdf,https://publicdata.usac.org/SL/Prd/Form470/401080/210009062/JK21_RFP_Amendment_Second%20470%20Extension.pdf
210009062,16081442,KIPP JACKSONVILLE DISTRICT OFFICE,,2021,2020-12-17,Firewall Service and Components,Internal Connections,https://publicdata.usac.org/SL/Prd/Form470/401080/210009062/Current/USAC_FCC_FORM_470_APPLICATION_210009062_CERTIFIED.pdf,https://publicdata.usac.org/SL/Prd/Form470/401080/210009062/Or%20Equivalent%20Equipment%20Golfair%20Site.pdf
210009062,16081442,KIPP JACKSONVILLE DISTRICT OFFICE,,2021,2020-12-17,Firewall Service and Components,Basic Maintenance of Internal Connections,https://publicdata.usac.org/SL/Prd/Form470/401080/210009062/Current/USAC_FCC_FORM_470_APPLICATION_210009062_CERTIFIED.pdf,https://publicdata.usac.org/SL/Prd/Form470/401080/210009062/JK21_RFP_Amendment%20470%20extension.pdf
210009062,16081442,KIPP JACKSONVILLE DISTRICT OFFICE,,2021,2020-12-17,Firewall Service and Components,Basic Maintenance of Internal Connections,https://publicdata.usac.org/SL/Prd/Form470/401080/210009062/Current/USAC_FCC_FORM_470_APPLICATION_210009062_CERTIFIED.pdf,https://publicdata.usac.org/SL/Prd/Form470/401080/210009062/JK21_RFP_Amendment_Second%20470%20Extension.pdf
210009062,16081442,KIPP JACKSONVILLE DISTRICT OFFICE,,2021,2020-12-17,Firewall Service and Components,Basic Maintenance of Internal Connections,https://publicdata.usac.org/SL/Prd/Form470/401080/210009062/Current/USAC_FCC_FORM_470_APPLICATION_210009062_CERTIFIED.pdf,https://publicdata.usac.org/SL/Prd/Form470/401080/210009062/Or%20Equivalent%20Equipment%20Current%20Sites.pdf
210009062,16081442,KIPP JACKSONVILLE DISTRICT OFFICE,,2021,2020-12-17,Firewall Service and Components,Basic Maintenance of Internal Connections,https://publicdata.usac.org/SL/Prd/Form470/401080/210009062/Current/USAC_FCC_FORM_470_APPLICATION_210009062_CERTIFIED.pdf,https://publicdata.usac.org/SL/Prd/Form470/401080/210009062/Or%20Equivalent%20Equipment%20Golfair%20Site.pdf
210009062,16081442,KIPP JACKSONVILLE DISTRICT OFFICE,,2021,2020-12-17,Firewall Service and Components,Basic Maintenance of Internal Connections,https://publicdata.usac.org/SL/Prd/Form470/401080/210009062/Current/USAC_FCC_FORM_470_APPLICATION_210009062_CERTIFIED.pdf,https://publicdata.usac.org/SL/Prd/Form470/401080/210009062/JK21_RFP_Amendment%20470%20extension.pdf
210009062,16081442,KIPP JACKSONVILLE DISTRICT OFFICE,,2021,2020-12-17,Firewall Service and Components,Basic Maintenance of Internal Connections,https://publicdata.usac.org/SL/Prd/Form470/401080/210009062/Current/USAC_FCC_FORM_470_APPLICATION_210009062_CERTIFIED.pdf,https://publicdata.usac.org/SL/Prd/Form470/401080/210009062/JK21_RFP_Amendment_Second%20470%20Extension.pdf
210009062,16081442,KIPP JACKSONVILLE DISTRICT OFFICE,,2021,2020-12-17,Firewall Service and Components,Basic Maintenance of Internal Connections,https://publicdata.usac.org/SL/Prd/Form470/401080/210009062/Current/USAC_FCC_FORM_470_APPLICATION_210009062_CERTIFIED.pdf,https://publicdata.usac.org/SL/Prd/Form470/401080/210009062/Or%20Equivalent%20Equipment%20Current%20Sites.pdf
210009062,16081442,KIPP JACKSONVILLE DISTRICT OFFICE,,2021,2020-12-17,Firewall Service and Components,Basic Maintenance of Internal Connections,https://publicdata.usac.org/SL/Prd/Form470/401080/210009062/Current/USAC_FCC_FORM_470_APPLICATION_210009062_CERTIFIED.pdf,https://publicdata.usac.org/SL/Prd/Form470/401080/210009062/Or%20Equivalent%20Equipment%20Golfair%20Site.pdf
210009478,127700,BREVARD COUNTY SCHOOL DISTRICT,Brevard Public Schools,2021,2020-12-17,Firewall Service and Components,Internal Connections,https://publicdata.usac.org/SL/Prd/Form470/334864/210009478/Current/USAC_FCC_FORM_470_APPLICATION_210009478_CERTIFIED.pdf,https://publicdata.usac.org/SL/Prd/Form470/334864/210009478/21%20328P%20WH%20Addendum_1.pdf
210009478,127700,BREVARD COUNTY SCHOOL DISTRICT,Brevard Public Schools,2021,2020-12-17,Firewall Service and Components,Internal Connections,https://publicdata.usac.org/SL/Prd/Form470/334864/210009478/Current/USAC_FCC_FORM_470_APPLICATION_210009478_CERTIFIED.pdf,https://publicdata.usac.org/SL/Prd/Form470/334864/210009478/Mylink%20Bidding%20System%20Printout.pdf
210009478,127700,BREVARD COUNTY SCHOOL DISTRICT,Brevard Public Schools,2021,2020-12-17,Firewall Service and Components,Basic Maintenance of Internal Connections,https://publicdata.usac.org/SL/Prd/Form470/334864/210009478/Current/USAC_FCC_FORM_470_APPLICATION_210009478_CERTIFIED.pdf,https://publicdata.usac.org/SL/Prd/Form470/334864/210009478/Mylink%20Bidding%20System%20Printout.pdf
210009478,127700,BREVARD COUNTY SCHOOL DISTRICT,Brevard Public Schools,2021,2020-12-17,Firewall Service and Components,Basic Maintenance of Internal Connections,https://publicdata.usac.org/SL/Prd/Form470/334864/210009478/Current/USAC_FCC_FORM_470_APPLICATION_210009478_CERTIFIED.pdf,https://publicdata.usac.org/SL/Prd/Form470/334864/210009478/21%20328P%20WH%20Addendum_1.pdf
210009478,127700,BREVARD COUNTY SCHOOL DISTRICT,Brevard Public Schools,2021,2020-12-17,Firewall Service and Components,Basic Maintenance of Internal Connections,https://publicdata.usac.org/SL/Prd/Form470/334864/210009478/Current/USAC_FCC_FORM_470_APPLICATION_210009478_CERTIFIED.pdf,https://publicdata.usac.org/SL/Prd/Form470/334864/210009478/21%20328%20P%20WH%20Data%20Center%20Firewalls.pdf
210009478,127700,BREVARD COUNTY SCHOOL DISTRICT,Brevard Public Schools,2021,2020-12-17,Firewall Service and Components,Basic Maintenance of Internal Connections,https://publicdata.usac.org/SL/Prd/Form470/334864/210009478/Current/USAC_FCC_FORM_470_APPLICATION_210009478_CERTIFIED.pdf,https://publicdata.usac.org/SL/Prd/Form470/334864/210009478/21%20328%20P%20WH%20Attachment%20C%20Price%20Sheet.xlsx
210009478,127700,BREVARD COUNTY SCHOOL DISTRICT,Brevard Public Schools,2021,2020-12-17,Firewall Service and Components,Basic Maintenance of Internal Connections,https://publicdata.usac.org/SL/Prd/Form470/334864/210009478/Current/USAC_FCC_FORM_470_APPLICATION_210009478_CERTIFIED.pdf,https://publicdata.usac.org/SL/Prd/Form470/334864/210009478/21%20328%20P%20WH%20%20Addendum%202.pdf
210009478,127700,BREVARD COUNTY SCHOOL DISTRICT,Brevard Public Schools,2021,2020-12-17,Firewall Service and Components,Internal Connections,https://publicdata.usac.org/SL/Prd/Form470/334864/210009478/Current/USAC_FCC_FORM_470_APPLICATION_210009478_CERTIFIED.pdf,https://publicdata.usac.org/SL/Prd/Form470/334864/210009478/21%20328%20P%20WH%20%20Addendum%202.pdf
210009478,127700,BREVARD COUNTY SCHOOL DISTRICT,Brevard Public Schools,2021,2020-12-17,Firewall Service and Components,Internal Connections,https://publicdata.usac.org/SL/Prd/Form470/334864/210009478/Current/USAC_FCC_FORM_470_APPLICATION_210009478_CERTIFIED.pdf,https://publicdata.usac.org/SL/Prd/Form470/334864/210009478/21%20328%20P%20WH%20Attachment%20C%20Price%20Sheet.xlsx
210009478,127700,BREVARD COUNTY SCHOOL DISTRICT,Brevard Public Schools,2021,2020-12-17,Firewall Service and Components,Internal Connections,https://publicdata.usac.org/SL/Prd/Form470/334864/210009478/Current/USAC_FCC_FORM_470_APPLICATION_210009478_CERTIFIED.pdf,https://publicdata.usac.org/SL/Prd/Form470/334864/210009478/21%20328%20P%20WH%20Data%20Center%20Firewalls.pdf
210010355,127835,CHARLOTTE COUNTY SCHOOL DIST,Charlotte County Public Schools,2021,2020-12-23,Firewall Service and Components,Internal Connections,https://publicdata.usac.org/SL/Prd/Form470/334989/210010355/Current/USAC_FCC_FORM_470_APPLICATION_210010355_CERTIFIED.pdf,https://publicdata.usac.org/SL/Prd/Form470/334989/210010355/Ex%20E%20%20%20Exceptions%20to%20solicitation.docx
210010355,127835,CHARLOTTE COUNTY SCHOOL DIST,Charlotte County Public Schools,2021,2020-12-23,Firewall Service and Components,Internal Connections,https://publicdata.usac.org/SL/Prd/Form470/334989/210010355/Current/USAC_FCC_FORM_470_APPLICATION_210010355_CERTIFIED.pdf,https://publicdata.usac.org/SL/Prd/Form470/334989/210010355/RFP%20Firewall.docx
210010355,127835,CHARLOTTE COUNTY SCHOOL DIST,Charlotte County Public Schools,2021,2020-12-23,Firewall Service and Components,Internal Connections,https://publicdata.usac.org/SL/Prd/Form470/334989/210010355/Current/USAC_FCC_FORM_470_APPLICATION_210010355_CERTIFIED.pdf,https://publicdata.usac.org/SL/Prd/Form470/334989/210010355/Addendum%201.docx
210010355,127835,CHARLOTTE COUNTY SCHOOL DIST,Charlotte County Public Schools,2021,2020-12-23,Firewall Service and Components,Internal Connections,https://publicdata.usac.org/SL/Prd/Form470/334989/210010355/Current/USAC_FCC_FORM_470_APPLICATION_210010355_CERTIFIED.pdf,https://publicdata.usac.org/SL/Prd/Form470/334989/210010355/Ex%20B%20%20Pricing.xlsx
210010355,127835,CHARLOTTE COUNTY SCHOOL DIST,Charlotte County Public Schools,2021,2020-12-23,Firewall Service and Components,Internal Connections,https://publicdata.usac.org/SL/Prd/Form470/334989/210010355/Current/USAC_FCC_FORM_470_APPLICATION_210010355_CERTIFIED.pdf,https://publicdata.usac.org/SL/Prd/Form470/334989/210010355/Ex%20B%201%20%20Warranty%20Service%20and%20Other.xlsx
210010355,127835,CHARLOTTE COUNTY SCHOOL DIST,Charlotte County Public Schools,2021,2020-12-23,Firewall Service and Components,Internal Connections,https://publicdata.usac.org/SL/Prd/Form470/334989/210010355/Current/USAC_FCC_FORM_470_APPLICATION_210010355_CERTIFIED.pdf,https://publicdata.usac.org/SL/Prd/Form470/334989/210010355/Ex%20C%20%20USAC%20Compliance%20and%20Other.docx
210010355,127835,CHARLOTTE COUNTY SCHOOL DIST,Charlotte County Public Schools,2021,2020-12-23,Firewall Service and Components,Internal Connections,https://publicdata.usac.org/SL/Prd/Form470/334989/210010355/Current/USAC_FCC_FORM_470_APPLICATION_210010355_CERTIFIED.pdf,https://publicdata.usac.org/SL/Prd/Form470/334989/210010355/Ex%20D%20%20References%20and%20Claims.docx
210010355,127835,CHARLOTTE COUNTY SCHOOL DIST,Charlotte County Public Schools,2021,2020-12-23,Firewall Service and Components,Internal Connections,https://publicdata.usac.org/SL/Prd/Form470/334989/210010355/Current/USAC_FCC_FORM_470_APPLICATION_210010355_CERTIFIED.pdf,https://publicdata.usac.org/SL/Prd/Form470/334989/210010355/Ex%20F%20%20Certifications.pdf
210010355,127835,CHARLOTTE COUNTY SCHOOL DIST,Charlotte County Public Schools,2021,2020-12-23,Firewall Service and Components,Internal Connections,https://publicdata.usac.org/SL/Prd/Form470/334989/210010355/Current/USAC_FCC_FORM_470_APPLICATION_210010355_CERTIFIED.pdf,https://publicdata.usac.org/SL/Prd/Form470/334989/210010355/Ex%20A%20%20Bid%20Submission%20Form.docx
210010905,211833,ROWLETT ACADEMY,,2021,2020-12-30,Firewall Service and Components,Internal Connections,https://publicdata.usac.org/SL/Prd/Form470/362203/210010905/Original/USAC_FCC_FORM_470_APPLICATION_210010905_CERTIFIED.pdf,
210010905,211833,ROWLETT ACADEMY,,2021,2020-12-30,Firewall Service and Components,Basic Maintenance of Internal Connections,https://publicdata.usac.org/SL/Prd/Form470/362203/210010905/Original/USAC_FCC_FORM_470_APPLICATION_210010905_CERTIFIED.pdf,
210012523,17023754,Academy for Positive Learning II,,2021,2021-01-08,Firewall Service and Components,Basic Maintenance of Internal Connections,https://publicdata.usac.org/SL/Prd/Form470/17023754/210012523/Original/USAC_FCC_FORM_470_APPLICATION_210012523_CERTIFIED.pdf,
210013728,17024794,Easterseals Southwest Florida,,2021,2021-01-13,Firewall Service and Components,Basic Maintenance of Internal Connections,https://publicdata.usac.org/SL/Prd/Form470/17024794/210013728/Original/USAC_FCC_FORM_470_APPLICATION_210013728_CERTIFIED.pdf,
210013728,17024794,Easterseals Southwest Florida,,2021,2021-01-13,Firewall Service and Components,Internal Connections,https://publicdata.usac.org/SL/Prd/Form470/17024794/210013728/Original/USAC_FCC_FORM_470_APPLICATION_210013728_CERTIFIED.pdf,
210015790,16051551,"COMMUNITY ACTION PROGRAM COMMITTEE, INC.",,2021,2021-01-21,Firewall Service and Components,Internal Connections,https://publicdata.usac.org/SL/Prd/Form470/401479/210015790/Current/USAC_FCC_FORM_470_APPLICATION_210015790_CERTIFIED.pdf,
210016179,16050397,CHILDRENS EDUCATIONAL SERVICES,,2021,2021-01-23,Firewall Service and Components,Internal Connections,https://publicdata.usac.org/SL/Prd/Form470/384899/210016179/Original/USAC_FCC_FORM_470_APPLICATION_210016179_CERTIFIED.pdf,
210017629,16057893,"FLORENCE FULLER CHILD DEVELOPMENT CENTERS, INC",,2021,2021-01-28,Firewall Service and Components,Internal Connections,https://publicdata.usac.org/SL/Prd/Form470/401622/210017629/Original/USAC_FCC_FORM_470_APPLICATION_210017629_CERTIFIED.pdf,
210017629,16057893,"FLORENCE FULLER CHILD DEVELOPMENT CENTERS, INC",,2021,2021-01-28,Firewall Service and Components,Basic Maintenance of Internal Connections,https://publicdata.usac.org/SL/Prd/Form470/401622/210017629/Original/USAC_FCC_FORM_470_APPLICATION_210017629_CERTIFIED.pdf,
210017744,127617,GADSDEN COUNTY SCHOOL DISTRICT,Gadsden County Public Schools,2021,2021-01-29,Firewall Service and Components,Internal Connections,https://publicdata.usac.org/SL/Prd/Form470/334782/210017744/Current/USAC_FCC_FORM_470_APPLICATION_210017744_CERTIFIED.pdf,https://publicdata.usac.org/SL/Prd/Form470/334782/210017744/Gadsden%202021%20RFP%20C2.xlsx
210018090,17019223,Beacon College Prep Inc,,2021,2021-02-02,Firewall Service and Components,Basic Maintenance of Internal Connections,https://publicdata.usac.org/SL/Prd/Form470/17019223/210018090/Original/USAC_FCC_FORM_470_APPLICATION_210018090_CERTIFIED.pdf,
210020512,127614,TAYLOR COUNTY SCHOOL DISTRICT,Taylor County School District,2021,2021-02-08,Firewall Service and Components,Internal Connections,https://publicdata.usac.org/SL/Prd/Form470/334779/210020512/Original/USAC_FCC_FORM_470_APPLICATION_210020512_CERTIFIED.pdf,https://publicdata.usac.org/SL/Prd/Form470/334779/210020512/2021%20Erate%20CAT2_2_8_21.pdf
210019703,17002036,The Charter Schools of Excellence,,2021,2021-02-08,Firewall Service and Components,Internal Connections,https://publicdata.usac.org/SL/Prd/Form470/17002036/210019703/Original/USAC_FCC_FORM_470_APPLICATION_210019703_CERTIFIED.pdf,
210019703,17002036,The Charter Schools of Excellence,,2021,2021-02-08,Firewall Service and Components,Basic Maintenance of Internal Connections,https://publicdata.usac.org/SL/Prd/Form470/17002036/210019703/Original/USAC_FCC_FORM_470_APPLICATION_210019703_CERTIFIED.pdf,
210019703,17002036,The Charter Schools of Excellence,,2021,2021-02-08,Firewall Service and Components,Basic Maintenance of Internal Connections,https://publicdata.usac.org/SL/Prd/Form470/17002036/210019703/Original/USAC_FCC_FORM_470_APPLICATION_210019703_CERTIFIED.pdf,
210020949,16073516,SAN JOSE ACADEMY,,2021,2021-02-09,Firewall Service and Components,Basic Maintenance of Internal Connections,https://publicdata.usac.org/SL/Prd/Form470/397463/210020949/Original/USAC_FCC_FORM_470_APPLICATION_210020949_CERTIFIED.pdf,
210020830,17024170,True North Classical Academy,,2021,2021-02-11,Firewall Service and Components,Internal Connections,https://publicdata.usac.org/SL/Prd/Form470/17024170/210020830/Original/USAC_FCC_FORM_470_APPLICATION_210020830_CERTIFIED.pdf,
210020830,17024170,True North Classical Academy,,2021,2021-02-11,Firewall Service and Components,Basic Maintenance of Internal Connections,https://publicdata.usac.org/SL/Prd/Form470/17024170/210020830/Original/USAC_FCC_FORM_470_APPLICATION_210020830_CERTIFIED.pdf,
210020830,17024170,True North Classical Academy,,2021,2021-02-11,Firewall Service and Components,Internal Connections,https://publicdata.usac.org/SL/Prd/Form470/17024170/210020830/Original/USAC_FCC_FORM_470_APPLICATION_210020830_CERTIFIED.pdf,
210020830,17024170,True North Classical Academy,,2021,2021-02-11,Firewall Service and Components,Basic Maintenance of Internal Connections,https://publicdata.usac.org/SL/Prd/Form470/17024170/210020830/Original/USAC_FCC_FORM_470_APPLICATION_210020830_CERTIFIED.pdf,
210024739,16050397,CHILDRENS EDUCATIONAL SERVICES,,2021,2021-02-23,Firewall Service and Components,Internal Connections,https://publicdata.usac.org/SL/Prd/Form470/384899/210024739/Original/USAC_FCC_FORM_470_APPLICATION_210024739_CERTIFIED.pdf,
210025385,16051277,"Haitian Youth and Community Center of Florida, Inc.",,2021,2021-02-23,Firewall Service and Components,Basic Maintenance of Internal Connections,https://publicdata.usac.org/SL/Prd/Form470/385396/210025385/Original/USAC_FCC_FORM_470_APPLICATION_210025385_CERTIFIED.pdf,
210025385,16051277,"Haitian Youth and Community Center of Florida, Inc.",,2021,2021-02-23,Firewall Service and Components,Internal Connections,https://publicdata.usac.org/SL/Prd/Form470/385396/210025385/Original/USAC_FCC_FORM_470_APPLICATION_210025385_CERTIFIED.pdf,
210025423,16068847,UCP OF CENTRAL FLORIDA,,2021,2021-02-24,Firewall Service and Components,Internal Connections,https://publicdata.usac.org/SL/Prd/Form470/401803/210025423/Original/USAC_FCC_FORM_470_APPLICATION_210025423_CERTIFIED.pdf,
210026843,127639,GULF COUNTY SCHOOL DISTRICT,Gulf County School District,2021,2021-02-25,Firewall Service and Components,Internal Connections,https://publicdata.usac.org/SL/Prd/Form470/334803/210026843/Original/USAC_FCC_FORM_470_APPLICATION_210026843_CERTIFIED.pdf,https://publicdata.usac.org/SL/Prd/Form470/334803/210026843/RFP%20Gulf%20County%20Internal%20Connections.xlsx
210026843,127639,GULF COUNTY SCHOOL DISTRICT,Gulf County School District,2021,2021-02-25,Firewall Service and Components,Basic Maintenance of Internal Connections,https://publicdata.usac.org/SL/Prd/Form470/334803/210026843/Original/USAC_FCC_FORM_470_APPLICATION_210026843_CERTIFIED.pdf,https://publicdata.usac.org/SL/Prd/Form470/334803/210026843/RFP%20Gulf%20County%20Internal%20Connections.xlsx
210026284,17027927,Individual Education Plan Academy Inc.,,2021,2021-02-25,Firewall Service and Components,Basic Maintenance of Internal Connections,https://publicdata.usac.org/SL/Prd/Form470/17027927/210026284/Original/USAC_FCC_FORM_470_APPLICATION_210026284_CERTIFIED.pdf,
210026284,17027927,Individual Education Plan Academy Inc.,,2021,2021-02-25,Firewall Service and Components,Internal Connections,https://publicdata.usac.org/SL/Prd/Form470/17027927/210026284/Original/USAC_FCC_FORM_470_APPLICATION_210026284_CERTIFIED.pdf,
210027254,17028049,CHOSEN GENERATION CHRISTIAN ACADEMY INC.,,2021,2021-03-11,Firewall Service and Components,Basic Maintenance of Internal Connections,https://publicdata.usac.org/SL/Prd/Form470/17028049/210027254/Original/USAC_FCC_FORM_470_APPLICATION_210027254_CERTIFIED.pdf,
210027254,17028049,CHOSEN GENERATION CHRISTIAN ACADEMY INC.,,2021,2021-03-11,Firewall Service and Components,Internal Connections,https://publicdata.usac.org/SL/Prd/Form470/17028049/210027254/Original/USAC_FCC_FORM_470_APPLICATION_210027254_CERTIFIED.pdf,
210027391,16051551,"COMMUNITY ACTION PROGRAM COMMITTEE, INC.",,2021,2021-03-19,Firewall Service and Components,Internal Connections,https://publicdata.usac.org/SL/Prd/Form470/401479/210027391/Original/USAC_FCC_FORM_470_APPLICATION_210027391_CERTIFIED.pdf,
210027391,16051551,"COMMUNITY ACTION PROGRAM COMMITTEE, INC.",,2021,2021-03-19,Firewall Service and Components,Basic Maintenance of Internal Connections,https://publicdata.usac.org/SL/Prd/Form470/401479/210027391/Original/USAC_FCC_FORM_470_APPLICATION_210027391_CERTIFIED.pdf,
210027462,16051551,"COMMUNITY ACTION PROGRAM COMMITTEE, INC.",,2021,2021-03-24,Firewall Service and Components,Basic Maintenance of Internal Connections,https://publicdata.usac.org/SL/Prd/Form470/401479/210027462/Original/USAC_FCC_FORM_470_APPLICATION_210027462_CERTIFIED.pdf,
210027462,16051551,"COMMUNITY ACTION PROGRAM COMMITTEE, INC.",,2021,2021-03-24,Firewall Service and Components,Internal Connections,https://publicdata.usac.org/SL/Prd/Form470/401479/210027462/Original/USAC_FCC_FORM_470_APPLICATION_210027462_CERTIFIED.pdf,
210027567,16046573,PARADISE CHRISTIAN SCHOOL,,2021,2021-04-06,Firewall Service and Components,Internal Connections,https://publicdata.usac.org/SL/Prd/Form470/382837/210027567/Original/USAC_FCC_FORM_470_APPLICATION_210027567_CERTIFIED.pdf,
210027567,16046573,PARADISE CHRISTIAN SCHOOL,,2021,2021-04-06,Firewall Service and Components,Basic Maintenance of Internal Connections,https://publicdata.usac.org/SL/Prd/Form470/382837/210027567/Original/USAC_FCC_FORM_470_APPLICATION_210027567_CERTIFIED.pdf,
210027763,17028956,Tree of Knowledge Learning Academy,,2021,2021-06-23,Firewall Service and Components,Internal Connections,https://publicdata.usac.org/SL/Prd/Form470/17028956/210027763/Original/USAC_FCC_FORM_470_APPLICATION_210027763_CERTIFIED.pdf,
210027763,17028956,Tree of Knowledge Learning Academy,,2021,2021-06-23,Firewall Service and Components,Basic Maintenance of Internal Connections,https://publicdata.usac.org/SL/Prd/Form470/17028956/210027763/Original/USAC_FCC_FORM_470_APPLICATION_210027763_CERTIFIED.pdf,
220004222,127871,HERNANDO COUNTY SCHOOL DIST,Hernando County School District,2022,2021-11-15,"Firewall Service, Components, and Necessary Software and Licenses",Internal Connections,https://publicdata.usac.org/SL/Prd/Form470/335024/220004222/Current/USAC_FCC_FORM_470_APPLICATION_220004222_CERTIFIED.pdf,https://publicdata.usac.org/SL/Prd/Form470/335024/220004222/dnssecurityservice.pdf
220004222,127871,HERNANDO COUNTY SCHOOL DIST,Hernando County School District,2022,2021-11-15,"Firewall Service, Components, and Necessary Software and Licenses",Internal Connections,https://publicdata.usac.org/SL/Prd/Form470/335024/220004222/Current/USAC_FCC_FORM_470_APPLICATION_220004222_CERTIFIED.pdf,https://publicdata.usac.org/SL/Prd/Form470/335024/220004222/RFP%20Firewall.docx
220005356,17002462,DIOCESE OF ORLANDO OFFICE OF CATHOLIC SCHOOLS,,2022,2021-11-24,"Firewall Service, Components, and Necessary Software and Licenses",Internal Connections,https://publicdata.usac.org/SL/Prd/Form470/17002462/220005356/Original/USAC_FCC_FORM_470_APPLICATION_220005356_CERTIFIED.pdf,
220005356,17002462,DIOCESE OF ORLANDO OFFICE OF CATHOLIC SCHOOLS,,2022,2021-11-24,Firewall Service and Components,Basic Maintenance of Internal Connections,https://publicdata.usac.org/SL/Prd/Form470/17002462/220005356/Original/USAC_FCC_FORM_470_APPLICATION_220005356_CERTIFIED.pdf,
220001509,127892,ST LUCIE COUNTY SCHOOL DIST,St. Lucie Public Schools,2022,2021-12-03,"Firewall Service, Components, and Necessary Software and Licenses",Internal Connections,https://publicdata.usac.org/SL/Prd/Form470/335044/220001509/Current/USAC_FCC_FORM_470_APPLICATION_220001509_CERTIFIED.pdf,https://publicdata.usac.org/SL/Prd/Form470/335044/220001509/RFP%2022_09E%20Addendum%201.pdf
220001509,127892,ST LUCIE COUNTY SCHOOL DIST,St. Lucie Public Schools,2022,2021-12-03,"Firewall Service, Components, and Necessary Software and Licenses",Internal Connections,https://publicdata.usac.org/SL/Prd/Form470/335044/220001509/Current/USAC_FCC_FORM_470_APPLICATION_220001509_CERTIFIED.pdf,https://publicdata.usac.org/SL/Prd/Form470/335044/220001509/RFP%2022_09E%20Addendum%202.pdf
220001509,127892,ST LUCIE COUNTY SCHOOL DIST,St. Lucie Public Schools,2022,2021-12-03,"Firewall Service, Components, and Necessary Software and Licenses",Internal Connections,https://publicdata.usac.org/SL/Prd/Form470/335044/220001509/Current/USAC_FCC_FORM_470_APPLICATION_220001509_CERTIFIED.pdf,https://publicdata.usac.org/SL/Prd/Form470/335044/220001509/RFP%2022_09E%20Network%20Hardware%20Equipment.pdf
220001509,127892,ST LUCIE COUNTY SCHOOL DIST,St. Lucie Public Schools,2022,2021-12-03,"Firewall Service, Components, and Necessary Software and Licenses",Internal Connections,https://publicdata.usac.org/SL/Prd/Form470/335044/220001509/Current/USAC_FCC_FORM_470_APPLICATION_220001509_CERTIFIED.pdf,https://publicdata.usac.org/SL/Prd/Form470/335044/220001509/RFP%2022_09E%20Wired%20Inventory%20Exhibit%201.xlsx
220001509,127892,ST LUCIE COUNTY SCHOOL DIST,St. Lucie Public Schools,2022,2021-12-03,Firewall Service and Components,Basic Maintenance of Internal Connections,https://publicdata.usac.org/SL/Prd/Form470/335044/220001509/Current/USAC_FCC_FORM_470_APPLICATION_220001509_CERTIFIED.pdf,https://publicdata.usac.org/SL/Prd/Form470/335044/220001509/RFP%2022_09E%20Network%20Hardware%20Equipment.pdf
220001509,127892,ST LUCIE COUNTY SCHOOL DIST,St. Lucie Public Schools,2022,2021-12-03,Firewall Service and Components,Basic Maintenance of Internal Connections,https://publicdata.usac.org/SL/Prd/Form470/335044/220001509/Current/USAC_FCC_FORM_470_APPLICATION_220001509_CERTIFIED.pdf,https://publicdata.usac.org/SL/Prd/Form470/335044/220001509/RFP%2022_09E%20Wired%20Inventory%20Exhibit%201.xlsx
220008776,16062480,LAKE WALES CHARTER SCHOOLS,,2022,2021-12-17,Firewall Service and Components,Basic Maintenance of Internal Connections,https://publicdata.usac.org/SL/Prd/Form470/391757/220008776/Original/USAC_FCC_FORM_470_APPLICATION_220008776_CERTIFIED.pdf,https://publicdata.usac.org/SL/Prd/Form470/391757/220008776/LWCS_Firewall_RFP.pdf
220008776,16062480,LAKE WALES CHARTER SCHOOLS,,2022,2021-12-17,"Firewall Service, Components, and Necessary Software and Licenses",Internal Connections,https://publicdata.usac.org/SL/Prd/Form470/391757/220008776/Original/USAC_FCC_FORM_470_APPLICATION_220008776_CERTIFIED.pdf,https://publicdata.usac.org/SL/Prd/Form470/391757/220008776/LWCS_Firewall_RFP.pdf
220006841,17019223,Beacon College Prep Inc,,2022,2022-01-11,Firewall Service and Components,Basic Maintenance of Internal Connections,https://publicdata.usac.org/SL/Prd/Form470/17019223/220006841/Original/USAC_FCC_FORM_470_APPLICATION_220006841_CERTIFIED.pdf,
220012358,16056854,CHARTER SCHOOLS USA,,2022,2022-01-11,"Firewall Service, Components, and Necessary Software and Licenses",Internal Connections,https://publicdata.usac.org/SL/Prd/Form470/401600/220012358/Original/USAC_FCC_FORM_470_APPLICATION_220012358_CERTIFIED.pdf,https://publicdata.usac.org/SL/Prd/Form470/401600/220012358/CSUSA%20CAT%202%20Equipment%202022_2026.xlsx
220012322,16081442,KIPP JACKSONVILLE DISTRICT OFFICE,,2022,2022-01-12,"Firewall Service, Components, and Necessary Software and Licenses",Internal Connections,https://publicdata.usac.org/SL/Prd/Form470/401080/220012322/Original/USAC_FCC_FORM_470_APPLICATION_220012322_CERTIFIED.pdf,https://publicdata.usac.org/SL/Prd/Form470/401080/220012322/JK22_47001_Equipment%20List.pdf
220012322,16081442,KIPP JACKSONVILLE DISTRICT OFFICE,,2022,2022-01-12,"Firewall Service, Components, and Necessary Software and Licenses",Internal Connections,https://publicdata.usac.org/SL/Prd/Form470/401080/220012322/Original/USAC_FCC_FORM_470_APPLICATION_220012322_CERTIFIED.pdf,https://publicdata.usac.org/SL/Prd/Form470/401080/220012322/JK22_47001_Equipment%20List.pdf
220012322,16081442,KIPP JACKSONVILLE DISTRICT OFFICE,,2022,2022-01-12,Firewall Service and Components,Basic Maintenance of Internal Connections,https://publicdata.usac.org/SL/Prd/Form470/401080/220012322/Original/USAC_FCC_FORM_470_APPLICATION_220012322_CERTIFIED.pdf,https://publicdata.usac.org/SL/Prd/Form470/401080/220012322/JK22_47001_Equipment%20List.pdf
220012322,16081442,KIPP JACKSONVILLE DISTRICT OFFICE,,2022,2022-01-12,Firewall Service and Components,Basic Maintenance of Internal Connections,https://publicdata.usac.org/SL/Prd/Form470/401080/220012322/Original/USAC_FCC_FORM_470_APPLICATION_220012322_CERTIFIED.pdf,https://publicdata.usac.org/SL/Prd/Form470/401080/220012322/JK22_47001_Equipment%20List.pdf
220012405,211833,ROWLETT ACADEMY,,2022,2022-01-12,Firewall Service and Components,Basic Maintenance of Internal Connections,https://publicdata.usac.org/SL/Prd/Form470/362203/220012405/Original/USAC_FCC_FORM_470_APPLICATION_220012405_CERTIFIED.pdf,
220012405,211833,ROWLETT ACADEMY,,2022,2022-01-12,"Firewall Service, Components, and Necessary Software and Licenses",Internal Connections,https://publicdata.usac.org/SL/Prd/Form470/362203/220012405/Original/USAC_FCC_FORM_470_APPLICATION_220012405_CERTIFIED.pdf,
220012405,211833,ROWLETT ACADEMY,,2022,2022-01-12,Firewall Service and Components,Basic Maintenance of Internal Connections,https://publicdata.usac.org/SL/Prd/Form470/362203/220012405/Original/USAC_FCC_FORM_470_APPLICATION_220012405_CERTIFIED.pdf,
220010018,16076498,AVANT GARDE ACADEMY INC - DBA Victory Charter School,,2022,2022-01-14,Firewall Service and Components,Basic Maintenance of Internal Connections,https://publicdata.usac.org/SL/Prd/Form470/398810/220010018/Original/USAC_FCC_FORM_470_APPLICATION_220010018_CERTIFIED.pdf,
220014432,127835,CHARLOTTE COUNTY SCHOOL DIST,Charlotte County Public Schools,2022,2022-01-20,"Firewall Service, Components, and Necessary Software and Licenses",Internal Connections,https://publicdata.usac.org/SL/Prd/Form470/334989/220014432/Original/USAC_FCC_FORM_470_APPLICATION_220014432_CERTIFIED.pdf,https://publicdata.usac.org/SL/Prd/Form470/334989/220014432/Ex%20E%20Exceptions.pdf
220014432,127835,CHARLOTTE COUNTY SCHOOL DIST,Charlotte County Public Schools,2022,2022-01-20,"Firewall Service, Components, and Necessary Software and Licenses",Internal Connections,https://publicdata.usac.org/SL/Prd/Form470/334989/220014432/Original/USAC_FCC_FORM_470_APPLICATION_220014432_CERTIFIED.pdf,https://publicdata.usac.org/SL/Prd/Form470/334989/220014432/Ex%20B%20Pricing.xlsx
220014432,127835,CHARLOTTE COUNTY SCHOOL DIST,Charlotte County Public Schools,2022,2022-01-20,"Firewall Service, Components, and Necessary Software and Licenses",Internal Connections,https://publicdata.usac.org/SL/Prd/Form470/334989/220014432/Original/USAC_FCC_FORM_470_APPLICATION_220014432_CERTIFIED.pdf,https://publicdata.usac.org/SL/Prd/Form470/334989/220014432/Ex%20C%20Narrative%20Submission.pdf
220014432,127835,CHARLOTTE COUNTY SCHOOL DIST,Charlotte County Public Schools,2022,2022-01-20,"Firewall Service, Components, and Necessary Software and Licenses",Internal Connections,https://publicdata.usac.org/SL/Prd/Form470/334989/220014432/Original/USAC_FCC_FORM_470_APPLICATION_220014432_CERTIFIED.pdf,https://publicdata.usac.org/SL/Prd/Form470/334989/220014432/Ex%20D%20References%20and%20Claims.pdf
220014432,127835,CHARLOTTE COUNTY SCHOOL DIST,Charlotte County Public Schools,2022,2022-01-20,"Firewall Service, Components, and Necessary Software and Licenses",Internal Connections,https://publicdata.usac.org/SL/Prd/Form470/334989/220014432/Original/USAC_FCC_FORM_470_APPLICATION_220014432_CERTIFIED.pdf,https://publicdata.usac.org/SL/Prd/Form470/334989/220014432/RFP.pdf
220014432,127835,CHARLOTTE COUNTY SCHOOL DIST,Charlotte County Public Schools,2022,2022-01-20,Firewall Service and Components,Basic Maintenance of Internal Connections,https://publicdata.usac.org/SL/Prd/Form470/334989/220014432/Original/USAC_FCC_FORM_470_APPLICATION_220014432_CERTIFIED.pdf,https://publicdata.usac.org/SL/Prd/Form470/334989/220014432/Ex%20A%20Submissions%20Form.pdf
220014432,127835,CHARLOTTE COUNTY SCHOOL DIST,Charlotte County Public Schools,2022,2022-01-20,Firewall Service and Components,Basic Maintenance of Internal Connections,https://publicdata.usac.org/SL/Prd/Form470/334989/220014432/Original/USAC_FCC_FORM_470_APPLICATION_220014432_CERTIFIED.pdf,https://publicdata.usac.org/SL/Prd/Form470/334989/220014432/Ex%20B%20Pricing.xlsx
220014432,127835,CHARLOTTE COUNTY SCHOOL DIST,Charlotte County Public Schools,2022,2022-01-20,Firewall Service and Components,Basic Maintenance of Internal Connections,https://publicdata.usac.org/SL/Prd/Form470/334989/220014432/Original/USAC_FCC_FORM_470_APPLICATION_220014432_CERTIFIED.pdf,https://publicdata.usac.org/SL/Prd/Form470/334989/220014432/Ex%20C%20Narrative%20Submission.pdf
220014432,127835,CHARLOTTE COUNTY SCHOOL DIST,Charlotte County Public Schools,2022,2022-01-20,Firewall Service and Components,Basic Maintenance of Internal Connections,https://publicdata.usac.org/SL/Prd/Form470/334989/220014432/Original/USAC_FCC_FORM_470_APPLICATION_220014432_CERTIFIED.pdf,https://publicdata.usac.org/SL/Prd/Form470/334989/220014432/Ex%20D%20References%20and%20Claims.pdf
220014432,127835,CHARLOTTE COUNTY SCHOOL DIST,Charlotte County Public Schools,2022,2022-01-20,Firewall Service and Components,Basic Maintenance of Internal Connections,https://publicdata.usac.org/SL/Prd/Form470/334989/220014432/Original/USAC_FCC_FORM_470_APPLICATION_220014432_CERTIFIED.pdf,https://publicdata.usac.org/SL/Prd/Form470/334989/220014432/Ex%20E%20Exceptions.pdf
220014432,127835,CHARLOTTE COUNTY SCHOOL DIST,Charlotte County Public Schools,2022,2022-01-20,Firewall Service and Components,Basic Maintenance of Internal Connections,https://publicdata.usac.org/SL/Prd/Form470/334989/220014432/Original/USAC_FCC_FORM_470_APPLICATION_220014432_CERTIFIED.pdf,https://publicdata.usac.org/SL/Prd/Form470/334989/220014432/RFP.pdf
220014432,127835,CHARLOTTE COUNTY SCHOOL DIST,Charlotte County Public Schools,2022,2022-01-20,"Firewall Service, Components, and Necessary Software and Licenses",Internal Connections,https://publicdata.usac.org/SL/Prd/Form470/334989/220014432/Original/USAC_FCC_FORM_470_APPLICATION_220014432_CERTIFIED.pdf,https://publicdata.usac.org/SL/Prd/Form470/334989/220014432/Ex%20A%20Submissions%20Form.pdf
220014811,127572,FLAGLER COUNTY SCHOOL DISTRICT,Flagler County School District,2022,2022-01-21,Firewall Service and Components,Basic Maintenance of Internal Connections,https://publicdata.usac.org/SL/Prd/Form470/334737/220014811/Original/USAC_FCC_FORM_470_APPLICATION_220014811_CERTIFIED.pdf,https://publicdata.usac.org/SL/Prd/Form470/334737/220014811/22_13P_Next%20Generation%20Firewall.pdf
220014811,127572,FLAGLER COUNTY SCHOOL DISTRICT,Flagler County School District,2022,2022-01-21,"Firewall Service, Components, and Necessary Software and Licenses",Internal Connections,https://publicdata.usac.org/SL/Prd/Form470/334737/220014811/Original/USAC_FCC_FORM_470_APPLICATION_220014811_CERTIFIED.pdf,https://publicdata.usac.org/SL/Prd/Form470/334737/220014811/22_13P_Next%20Generation%20Firewall.pdf
220014577,127706,SCHOOL BOARD OF INDIAN RIVER,School District of Indian River County,2022,2022-01-24,Firewall Service and Components,Basic Maintenance of Internal Connections,https://publicdata.usac.org/SL/Prd/Form470/334870/220014577/Original/USAC_FCC_FORM_470_APPLICATION_220014577_CERTIFIED.pdf,https://publicdata.usac.org/SL/Prd/Form470/334870/220014577/IndianRiver%20470%20CAT2%20FY2022.xlsx
220014577,127706,SCHOOL BOARD OF INDIAN RIVER,School District of Indian River County,2022,2022-01-24,"Firewall Service, Components, and Necessary Software and Licenses",Internal Connections,https://publicdata.usac.org/SL/Prd/Form470/334870/220014577/Original/USAC_FCC_FORM_470_APPLICATION_220014577_CERTIFIED.pdf,https://publicdata.usac.org/SL/Prd/Form470/334870/220014577/IndianRiver%20470%20CAT2%20FY2022.xlsx
220017483,17024410,Babcock Neighborhood School (District),,2022,2022-02-01,"Firewall Service, Components, and Necessary Software and Licenses",Internal Connections,https://publicdata.usac.org/SL/Prd/Form470/17024410/220017483/Original/USAC_FCC_FORM_470_APPLICATION_220017483_CERTIFIED.pdf,
220017483,17024410,Babcock Neighborhood School (District),,2022,2022-02-01,Firewall Service and Components,Basic Maintenance of Internal Connections,https://publicdata.usac.org/SL/Prd/Form470/17024410/220017483/Original/USAC_FCC_FORM_470_APPLICATION_220017483_CERTIFIED.pdf,
220018765,17003033,Alachua Learning Center DBA Alachua Learning Academy,,2022,2022-02-04,"Firewall Service, Components, and Necessary Software and Licenses",Internal Connections,https://publicdata.usac.org/SL/Prd/Form470/17003033/220018765/Original/USAC_FCC_FORM_470_APPLICATION_220018765_CERTIFIED.pdf,
220018765,17003033,Alachua Learning Center DBA Alachua Learning Academy,,2022,2022-02-04,Firewall Service and Components,Basic Maintenance of Internal Connections,https://publicdata.usac.org/SL/Prd/Form470/17003033/220018765/Original/USAC_FCC_FORM_470_APPLICATION_220018765_CERTIFIED.pdf,
220018040,17002036,The Charter Schools of Excellence,,2022,2022-02-04,Firewall Service and Components,Basic Maintenance of Internal Connections,https://publicdata.usac.org/SL/Prd/Form470/17002036/220018040/Original/USAC_FCC_FORM_470_APPLICATION_220018040_CERTIFIED.pdf,
220018040,17002036,The Charter Schools of Excellence,,2022,2022-02-04,"Firewall Service, Components, and Necessary Software and Licenses",Internal Connections,https://publicdata.usac.org/SL/Prd/Form470/17002036/220018040/Original/USAC_FCC_FORM_470_APPLICATION_220018040_CERTIFIED.pdf,
220018040,17002036,The Charter Schools of Excellence,,2022,2022-02-04,Firewall Service and Components,Basic Maintenance of Internal Connections,https://publicdata.usac.org/SL/Prd/Form470/17002036/220018040/Original/USAC_FCC_FORM_470_APPLICATION_220018040_CERTIFIED.pdf,
220017168,127626,CALHOUN COUNTY SCHOOL DISTRICT,Calhoun County School District,2022,2022-02-08,"Firewall Service, Components, and Necessary Software and Licenses",Internal Connections,https://publicdata.usac.org/SL/Prd/Form470/334791/220017168/Original/USAC_FCC_FORM_470_APPLICATION_220017168_CERTIFIED.pdf,
220019895,127614,TAYLOR COUNTY SCHOOL DISTRICT,Taylor County School District,2022,2022-02-09,"Firewall Service, Components, and Necessary Software and Licenses",Internal Connections,https://publicdata.usac.org/SL/Prd/Form470/334779/220019895/Original/USAC_FCC_FORM_470_APPLICATION_220019895_CERTIFIED.pdf,https://publicdata.usac.org/SL/Prd/Form470/334779/220019895/Request%20for%20Proposal%20Priority%202%20Internal%20Connections.pdf
220019895,127614,TAYLOR COUNTY SCHOOL DISTRICT,Taylor County School District,2022,2022-02-09,Firewall Service and Components,Basic Maintenance of Internal Connections,https://publicdata.usac.org/SL/Prd/Form470/334779/220019895/Original/USAC_FCC_FORM_470_APPLICATION_220019895_CERTIFIED.pdf,https://publicdata.usac.org/SL/Prd/Form470/334779/220019895/Request%20for%20Proposal%20Priority%202%20Internal%20Connections.pdf
220020143,16073516,"River City Education Organization, Inc.",,2022,2022-02-15,"Firewall Service, Components, and Necessary Software and Licenses",Internal Connections,https://publicdata.usac.org/SL/Prd/Form470/397463/220020143/Original/USAC_FCC_FORM_470_APPLICATION_220020143_CERTIFIED.pdf,https://publicdata.usac.org/SL/Prd/Form470/397463/220020143/RIVER%20CITY%20EDUCATION%20ORGANIZATION%20Category%202%20RFP.docx
220020143,16073516,"River City Education Organization, Inc.",,2022,2022-02-15,Firewall Service and Components,Basic Maintenance of Internal Connections,https://publicdata.usac.org/SL/Prd/Form470/397463/220020143/Original/USAC_FCC_FORM_470_APPLICATION_220020143_CERTIFIED.pdf,https://publicdata.usac.org/SL/Prd/Form470/397463/220020143/RIVER%20CITY%20EDUCATION%20ORGANIZATION%20Category%202%20RFP.docx
220020143,16073516,"River City Education Organization, Inc.",,2022,2022-02-15,Firewall Service and Components,Basic Maintenance of Internal Connections,https://publicdata.usac.org/SL/Prd/Form470/397463/220020143/Original/USAC_FCC_FORM_470_APPLICATION_220020143_CERTIFIED.pdf,https://publicdata.usac.org/SL/Prd/Form470/397463/220020143/RIVER%20CITY%20EDUCATION%20ORGANIZATION%20Category%202%20RFP.docx
220021785,127871,HERNANDO COUNTY SCHOOL DIST,Hernando County School District,2022,2022-02-16,"Firewall Service, Components, and Necessary Software and Licenses",Internal Connections,https://publicdata.usac.org/SL/Prd/Form470/335024/220021785/Current/USAC_FCC_FORM_470_APPLICATION_220021785_CERTIFIED.pdf,https://publicdata.usac.org/SL/Prd/Form470/335024/220021785/RFP%20Firewall.docx
220021785,127871,HERNANDO COUNTY SCHOOL DIST,Hernando County School District,2022,2022-02-16,"Firewall Service, Components, and Necessary Software and Licenses",Internal Connections,https://publicdata.usac.org/SL/Prd/Form470/335024/220021785/Current/USAC_FCC_FORM_470_APPLICATION_220021785_CERTIFIED.pdf,https://publicdata.usac.org/SL/Prd/Form470/335024/220021785/RFP%20Firewall%20revised.docx
220022197,16051551,"COMMUNITY ACTION PROGRAM COMMITTEE, INC.",,2022,2022-02-16,"Firewall Service, Components, and Necessary Software and Licenses",Internal Connections,https://publicdata.usac.org/SL/Prd/Form470/401479/220022197/Original/USAC_FCC_FORM_470_APPLICATION_220022197_CERTIFIED.pdf,
220022197,16051551,"COMMUNITY ACTION PROGRAM COMMITTEE, INC.",,2022,2022-02-16,Firewall Service and Components,Basic Maintenance of Internal Connections,https://publicdata.usac.org/SL/Prd/Form470/401479/220022197/Original/USAC_FCC_FORM_470_APPLICATION_220022197_CERTIFIED.pdf,
220023287,16051551,"COMMUNITY ACTION PROGRAM COMMITTEE, INC.",,2022,2022-02-18,Firewall Service and Components,Basic Maintenance of Internal Connections,https://publicdata.usac.org/SL/Prd/Form470/401479/220023287/Original/USAC_FCC_FORM_470_APPLICATION_220023287_CERTIFIED.pdf,
220023287,16051551,"COMMUNITY ACTION PROGRAM COMMITTEE, INC.",,2022,2022-02-18,"Firewall Service, Components, and Necessary Software and Licenses",Internal Connections,https://publicdata.usac.org/SL/Prd/Form470/401479/220023287/Original/USAC_FCC_FORM_470_APPLICATION_220023287_CERTIFIED.pdf,
230002043,127722,127722 - MIAMI-DADE COUNTY PUBLIC SCHOOLS,Miami-Dade County Public Schools,2023,2022-10-07,"Firewall Service, Components, and Necessary Software and Licenses",Internal Connections,https://publicdata.usac.org/SL/Prd/Form470/334883/230002043/Original/USAC_FCC_FORM_470_APPLICATION_230002043_CERTIFIED.pdf,https://publicdata.usac.org/SL/Prd/Form470/334883/230002043/ITB%2022%20010%20CM%20NETWORK%20CONNECTIVITY.pdf
230002043,127722,127722 - MIAMI-DADE COUNTY PUBLIC SCHOOLS,Miami-Dade County Public Schools,2023,2022-10-07,Firewall Service and Components,Basic Maintenance of Internal Connections,https://publicdata.usac.org/SL/Prd/Form470/334883/230002043/Original/USAC_FCC_FORM_470_APPLICATION_230002043_CERTIFIED.pdf,https://publicdata.usac.org/SL/Prd/Form470/334883/230002043/ITB%2022%20010%20CM%20NETWORK%20CONNECTIVITY.pdf
230006995,16055616,"LINCOLN-MARTI COMMUNITY AGENCY, INC",,2023,2022-12-04,"Firewall Service, Components, and Necessary Software and Licenses",Internal Connections,https://publicdata.usac.org/SL/Prd/Form470/400694/230006995/Original/USAC_FCC_FORM_470_APPLICATION_230006995_CERTIFIED.pdf,https://publicdata.usac.org/SL/Prd/Form470/400694/230006995/Form%20470%20Vendor%20Bidding%20Instructions%20Category%202.pdf
230006995,16055616,"LINCOLN-MARTI COMMUNITY AGENCY, INC",,2023,2022-12-04,Firewall Service and Components,Basic Maintenance of Internal Connections,https://publicdata.usac.org/SL/Prd/Form470/400694/230006995/Original/USAC_FCC_FORM_470_APPLICATION_230006995_CERTIFIED.pdf,https://publicdata.usac.org/SL/Prd/Form470/400694/230006995/Form%20470%20Vendor%20Bidding%20Instructions%20Category%202.pdf
230006995,16055616,"LINCOLN-MARTI COMMUNITY AGENCY, INC",,2023,2022-12-04,"Firewall Service, Components, and Necessary Software and Licenses",Internal Connections,https://publicdata.usac.org/SL/Prd/Form470/400694/230006995/Original/USAC_FCC_FORM_470_APPLICATION_230006995_CERTIFIED.pdf,https://publicdata.usac.org/SL/Prd/Form470/400694/230006995/16055616%20%20%20Lincoln%20Marti%20%20%20C2%20RFP%20FY23.xlsx
230006995,16055616,"LINCOLN-MARTI COMMUNITY AGENCY, INC",,2023,2022-12-04,Firewall Service and Components,Basic Maintenance of Internal Connections,https://publicdata.usac.org/SL/Prd/Form470/400694/230006995/Original/USAC_FCC_FORM_470_APPLICATION_230006995_CERTIFIED.pdf,https://publicdata.usac.org/SL/Prd/Form470/400694/230006995/16055616%20%20%20Lincoln%20Marti%20%20%20C2%20RFP%20FY23.xlsx
230008789,17002462,DIOCESE OF ORLANDO OFFICE OF CATHOLIC SCHOOLS,,2023,2022-12-14,Firewall Service and Components,Basic Maintenance of Internal Connections,https://publicdata.usac.org/SL/Prd/Form470/17002462/230008789/Original/USAC_FCC_FORM_470_APPLICATION_230008789_CERTIFIED.pdf,
230008789,17002462,DIOCESE OF ORLANDO OFFICE OF CATHOLIC SCHOOLS,,2023,2022-12-14,"Firewall Service, Components, and Necessary Software and Licenses",Internal Connections,https://publicdata.usac.org/SL/Prd/Form470/17002462/230008789/Original/USAC_FCC_FORM_470_APPLICATION_230008789_CERTIFIED.pdf,
230006831,17019223,Beacon College Prep Inc,,2023,2022-12-14,Firewall Service and Components,Basic Maintenance of Internal Connections,https://publicdata.usac.org/SL/Prd/Form470/17019223/230006831/Original/USAC_FCC_FORM_470_APPLICATION_230006831_CERTIFIED.pdf,
230000543,16068802,CAPE CORAL CHARTER SCHOOLS AUTHORITY,,2023,2022-12-20,Firewall Service and Components,Basic Maintenance of Internal Connections,https://publicdata.usac.org/SL/Prd/Form470/394979/230000543/Original/USAC_FCC_FORM_470_APPLICATION_230000543_CERTIFIED.pdf,https://publicdata.usac.org/SL/Prd/Form470/394979/230000543/2023_Cape%20Coral%20Charter_BMIC%20Equipment%20List.xlsx
230000543,16068802,CAPE CORAL CHARTER SCHOOLS AUTHORITY,,2023,2022-12-20,"Firewall Service, Components, and Necessary Software and Licenses",Internal Connections,https://publicdata.usac.org/SL/Prd/Form470/394979/230000543/Original/USAC_FCC_FORM_470_APPLICATION_230000543_CERTIFIED.pdf,https://publicdata.usac.org/SL/Prd/Form470/394979/230000543/2023_Cape%20Coral%20Charter_BMIC%20Equipment%20List.xlsx
230010317,211833,ROWLETT ACADEMY,,2023,2022-12-22,Firewall Service and Components,Basic Maintenance of Internal Connections,https://publicdata.usac.org/SL/Prd/Form470/362203/230010317/Original/USAC_FCC_FORM_470_APPLICATION_230010317_CERTIFIED.pdf,https://publicdata.usac.org/SL/Prd/Form470/362203/230010317/Rowlett%20RFP%20%202023.xlsx
230010678,16045205,LE JARDIN COMMUNITY CENTER,,2023,2022-12-27,"Firewall Service, Components, and Necessary Software and Licenses",Internal Connections,https://publicdata.usac.org/SL/Prd/Form470/382036/230010678/Original/USAC_FCC_FORM_470_APPLICATION_230010678_CERTIFIED.pdf,
230010678,16045205,LE JARDIN COMMUNITY CENTER,,2023,2022-12-27,Firewall Service and Components,Basic Maintenance of Internal Connections,https://publicdata.usac.org/SL/Prd/Form470/382036/230010678/Original/USAC_FCC_FORM_470_APPLICATION_230010678_CERTIFIED.pdf,
230016009,16046573,PARADISE CHRISTIAN SCHOOL,,2023,2023-01-24,"Firewall Service, Components, and Necessary Software and Licenses",Internal Connections,https://publicdata.usac.org/SL/Prd/Form470/382837/230016009/Original/USAC_FCC_FORM_470_APPLICATION_230016009_CERTIFIED.pdf,
230016009,16046573,PARADISE CHRISTIAN SCHOOL,,2023,2023-01-24,Firewall Service and Components,Basic Maintenance of Internal Connections,https://publicdata.usac.org/SL/Prd/Form470/382837/230016009/Original/USAC_FCC_FORM_470_APPLICATION_230016009_CERTIFIED.pdf,
230016155,16046573,PARADISE CHRISTIAN SCHOOL,,2023,2023-01-24,Firewall Service and Components,Basic Maintenance of Internal Connections,https://publicdata.usac.org/SL/Prd/Form470/382837/230016155/Original/USAC_FCC_FORM_470_APPLICATION_230016155_CERTIFIED.pdf,
230016155,16046573,PARADISE CHRISTIAN SCHOOL,,2023,2023-01-24,"Firewall Service, Components, and Necessary Software and Licenses",Internal Connections,https://publicdata.usac.org/SL/Prd/Form470/382837/230016155/Original/USAC_FCC_FORM_470_APPLICATION_230016155_CERTIFIED.pdf,
230016574,17002036,The Charter Schools of Excellence,,2023,2023-01-26,Firewall Service and Components,Basic Maintenance of Internal Connections,https://publicdata.usac.org/SL/Prd/Form470/17002036/230016574/Original/USAC_FCC_FORM_470_APPLICATION_230016574_CERTIFIED.pdf,
230016574,17002036,The Charter Schools of Excellence,,2023,2023-01-26,"Firewall Service, Components, and Necessary Software and Licenses",Internal Connections,https://publicdata.usac.org/SL/Prd/Form470/17002036/230016574/Original/USAC_FCC_FORM_470_APPLICATION_230016574_CERTIFIED.pdf,
230016574,17002036,The Charter Schools of Excellence,,2023,2023-01-26,Firewall Service and Components,Basic Maintenance of Internal Connections,https://publicdata.usac.org/SL/Prd/Form470/17002036/230016574/Original/USAC_FCC_FORM_470_APPLICATION_230016574_CERTIFIED.pdf,
230017048,127706,SCHOOL BOARD OF INDIAN RIVER,School District of Indian River County,2023,2023-01-27,"Firewall Service, Components, and Necessary Software and Licenses",Internal Connections,https://publicdata.usac.org/SL/Prd/Form470/334870/230017048/Original/USAC_FCC_FORM_470_APPLICATION_230017048_CERTIFIED.pdf,https://publicdata.usac.org/SL/Prd/Form470/334870/230017048/Indian%20River%20Cat2.pdf
230017048,127706,SCHOOL BOARD OF INDIAN RIVER,School District of Indian River County,2023,2023-01-27,"Firewall Service, Components, and Necessary Software and Licenses",Internal Connections,https://publicdata.usac.org/SL/Prd/Form470/334870/230017048/Original/USAC_FCC_FORM_470_APPLICATION_230017048_CERTIFIED.pdf,https://publicdata.usac.org/SL/Prd/Form470/334870/230017048/Indian%20River%20Cat2.pdf
230017048,127706,SCHOOL BOARD OF INDIAN RIVER,School District of Indian River County,2023,2023-01-27,"Firewall Service, Components, and Necessary Software and Licenses",Internal Connections,https://publicdata.usac.org/SL/Prd/Form470/334870/230017048/Original/USAC_FCC_FORM_470_APPLICATION_230017048_CERTIFIED.pdf,https://publicdata.usac.org/SL/Prd/Form470/334870/230017048/Indian%20River%20Cat2.pdf
230017048,127706,SCHOOL BOARD OF INDIAN RIVER,School District of Indian River County,2023,2023-01-27,"Firewall Service, Components, and Necessary Software and Licenses",Internal Connections,https://publicdata.usac.org/SL/Prd/Form470/334870/230017048/Original/USAC_FCC_FORM_470_APPLICATION_230017048_CERTIFIED.pdf,https://publicdata.usac.org/SL/Prd/Form470/334870/230017048/Indian%20River%20Cat2.pdf
230014747,127779,HILLSBOROUGH CO SCHOOL DIST,Hillsborough County Public Schools,2023,2023-02-01,Firewall Service and Components,Basic Maintenance of Internal Connections,https://publicdata.usac.org/SL/Prd/Form470/334935/230014747/Current/USAC_FCC_FORM_470_APPLICATION_230014747_CERTIFIED.pdf,https://publicdata.usac.org/SL/Prd/Form470/334935/230014747/23005_DST_IV_Internet_Service_Provider_Addendum_No_1_021023.zip
230014747,127779,HILLSBOROUGH CO SCHOOL DIST,Hillsborough County Public Schools,2023,2023-02-01,"Firewall Service, Components, and Necessary Software and Licenses",Internal Connections,https://publicdata.usac.org/SL/Prd/Form470/334935/230014747/Current/USAC_FCC_FORM_470_APPLICATION_230014747_CERTIFIED.pdf,https://publicdata.usac.org/SL/Prd/Form470/334935/230014747/23005_DST_IV%20Internet%20Service%20Provider.zip
230014747,127779,HILLSBOROUGH CO SCHOOL DIST,Hillsborough County Public Schools,2023,2023-02-01,"Firewall Service, Components, and Necessary Software and Licenses",Internal Connections,https://publicdata.usac.org/SL/Prd/Form470/334935/230014747/Current/USAC_FCC_FORM_470_APPLICATION_230014747_CERTIFIED.pdf,https://publicdata.usac.org/SL/Prd/Form470/334935/230014747/23005_DST_IV_Internet_Service_Provider_Addendum_No_1_021023.zip
230014747,127779,HILLSBOROUGH CO SCHOOL DIST,Hillsborough County Public Schools,2023,2023-02-01,"Firewall Service, Components, and Necessary Software and Licenses",Internal Connections,https://publicdata.usac.org/SL/Prd/Form470/334935/230014747/Current/USAC_FCC_FORM_470_APPLICATION_230014747_CERTIFIED.pdf,https://publicdata.usac.org/SL/Prd/Form470/334935/230014747/23005_DST_IV_Internet_Service_Provider_Addendum_No_2.zip
230014747,127779,HILLSBOROUGH CO SCHOOL DIST,Hillsborough County Public Schools,2023,2023-02-01,Firewall Service and Components,Basic Maintenance of Internal Connections,https://publicdata.usac.org/SL/Prd/Form470/334935/230014747/Current/USAC_FCC_FORM_470_APPLICATION_230014747_CERTIFIED.pdf,https://publicdata.usac.org/SL/Prd/Form470/334935/230014747/23005_DST_IV%20Internet%20Service%20Provider.zip
230014747,127779,HILLSBOROUGH CO SCHOOL DIST,Hillsborough County Public Schools,2023,2023-02-01,Firewall Service and Components,Basic Maintenance of Internal Connections,https://publicdata.usac.org/SL/Prd/Form470/334935/230014747/Current/USAC_FCC_FORM_470_APPLICATION_230014747_CERTIFIED.pdf,https://publicdata.usac.org/SL/Prd/Form470/334935/230014747/23005_DST_IV_Internet_Service_Provider_Addendum_No_2.zip
230018030,16056854,CHARTER SCHOOLS USA,,2023,2023-02-01,Firewall Service and Components,Basic Maintenance of Internal Connections,https://publicdata.usac.org/SL/Prd/Form470/401600/230018030/Original/USAC_FCC_FORM_470_APPLICATION_230018030_CERTIFIED.pdf,https://publicdata.usac.org/SL/Prd/Form470/401600/230018030/CAT%202%20NEW%20SCHOOLS%202023%20%20Internal%20Connections%20List.xlsx
230018030,16056854,CHARTER SCHOOLS USA,,2023,2023-02-01,"Firewall Service, Components, and Necessary Software and Licenses",Internal Connections,https://publicdata.usac.org/SL/Prd/Form470/401600/230018030/Original/USAC_FCC_FORM_470_APPLICATION_230018030_CERTIFIED.pdf,https://publicdata.usac.org/SL/Prd/Form470/401600/230018030/CAT%202%20NEW%20SCHOOLS%202023%20%20Internal%20Connections%20List.xlsx
230018192,127563,LAFAYETTE COUNTY SCHOOL DIST,Lafayette County School District,2023,2023-02-02,Firewall Service and Components,Basic Maintenance of Internal Connections,https://publicdata.usac.org/SL/Prd/Form470/334729/230018192/Original/USAC_FCC_FORM_470_APPLICATION_230018192_CERTIFIED.pdf,
230018192,127563,LAFAYETTE COUNTY SCHOOL DIST,Lafayette County School District,2023,2023-02-02,"Firewall Service, Components, and Necessary Software and Licenses",Internal Connections,https://publicdata.usac.org/SL/Prd/Form470/334729/230018192/Original/USAC_FCC_FORM_470_APPLICATION_230018192_CERTIFIED.pdf,
230016006,17024170,True North Classical Academy,,2023,2023-02-09,"Firewall Service, Components, and Necessary Software and Licenses",Internal Connections,https://publicdata.usac.org/SL/Prd/Form470/17024170/230016006/Original/USAC_FCC_FORM_470_APPLICATION_230016006_CERTIFIED.pdf,
230016006,17024170,True North Classical Academy,,2023,2023-02-09,Firewall Service and Components,Basic Maintenance of Internal Connections,https://publicdata.usac.org/SL/Prd/Form470/17024170/230016006/Original/USAC_FCC_FORM_470_APPLICATION_230016006_CERTIFIED.pdf,
230021091,16056854,CHARTER SCHOOLS USA,,2023,2023-02-15,Firewall Service and Components,Basic Maintenance of Internal Connections,https://publicdata.usac.org/SL/Prd/Form470/401600/230021091/Original/USAC_FCC_FORM_470_APPLICATION_230021091_CERTIFIED.pdf,https://publicdata.usac.org/SL/Prd/Form470/401600/230021091/CAT%202%20Cabarrus%20%20%20Annex%202023%20%20Equipment%20List.xlsx
230021091,16056854,CHARTER SCHOOLS USA,,2023,2023-02-15,"Firewall Service, Components, and Necessary Software and Licenses",Internal Connections,https://publicdata.usac.org/SL/Prd/Form470/401600/230021091/Original/USAC_FCC_FORM_470_APPLICATION_230021091_CERTIFIED.pdf,https://publicdata.usac.org/SL/Prd/Form470/401600/230021091/CAT%202%20Cabarrus%20%20%20Annex%202023%20%20Equipment%20List.xlsx
230017969,16076498,AVANT GARDE ACADEMY INC - DBA Victory Charter School,,2023,2023-02-16,Firewall Service and Components,Basic Maintenance of Internal Connections,https://publicdata.usac.org/SL/Prd/Form470/398810/230017969/Original/USAC_FCC_FORM_470_APPLICATION_230017969_CERTIFIED.pdf,
230017969,16076498,AVANT GARDE ACADEMY INC - DBA Victory Charter School,,2023,2023-02-16,"Firewall Service, Components, and Necessary Software and Licenses",Internal Connections,https://publicdata.usac.org/SL/Prd/Form470/398810/230017969/Original/USAC_FCC_FORM_470_APPLICATION_230017969_CERTIFIED.pdf,
230017969,16076498,AVANT GARDE ACADEMY INC - DBA Victory Charter School,,2023,2023-02-16,Firewall Service and Components,Basic Maintenance of Internal Connections,https://publicdata.usac.org/SL/Prd/Form470/398810/230017969/Original/USAC_FCC_FORM_470_APPLICATION_230017969_CERTIFIED.pdf,
230020877,127655,ALACHUA COUNTY SCHOOL DISTRICT,Alachua County Public Schools,2023,2023-02-17,"Firewall Service, Components, and Necessary Software and Licenses",Internal Connections,https://publicdata.usac.org/SL/Prd/Form470/334819/230020877/Original/USAC_FCC_FORM_470_APPLICATION_230020877_CERTIFIED.pdf,https://publicdata.usac.org/SL/Prd/Form470/334819/230020877/IFB_23_28_FWaaS_E_Rate_021723.pdf
230020877,127655,ALACHUA COUNTY SCHOOL DISTRICT,Alachua County Public Schools,2023,2023-02-17,Firewall Service and Components,Basic Maintenance of Internal Connections,https://publicdata.usac.org/SL/Prd/Form470/334819/230020877/Original/USAC_FCC_FORM_470_APPLICATION_230020877_CERTIFIED.pdf,https://publicdata.usac.org/SL/Prd/Form470/334819/230020877/IFB_23_28_FWaaS_E_Rate_021723.pdf
230020877,127655,ALACHUA COUNTY SCHOOL DISTRICT,Alachua County Public Schools,2023,2023-02-17,"Firewall Service, Components, and Necessary Software and Licenses",Internal Connections,https://publicdata.usac.org/SL/Prd/Form470/334819/230020877/Original/USAC_FCC_FORM_470_APPLICATION_230020877_CERTIFIED.pdf,https://publicdata.usac.org/SL/Prd/Form470/334819/230020877/IFB_23_28_FWaaS_E_Rate_021723.pdf
230020877,127655,ALACHUA COUNTY SCHOOL DISTRICT,Alachua County Public Schools,2023,2023-02-17,Firewall Service and Components,Basic Maintenance of Internal Connections,https://publicdata.usac.org/SL/Prd/Form470/334819/230020877/Original/USAC_FCC_FORM_470_APPLICATION_230020877_CERTIFIED.pdf,https://publicdata.usac.org/SL/Prd/Form470/334819/230020877/IFB_23_28_FWaaS_E_Rate_021723.pdf
230021661,17034208,Victory Charter School Tampa,,2023,2023-02-20,"Firewall Service, Components, and Necessary Software and Licenses",Internal Connections,https://publicdata.usac.org/SL/Prd/Form470/17034208/230021661/Original/USAC_FCC_FORM_470_APPLICATION_230021661_CERTIFIED.pdf,
230021661,17034208,Victory Charter School Tampa,,2023,2023-02-20,Firewall Service and Components,Basic Maintenance of Internal Connections,https://publicdata.usac.org/SL/Prd/Form470/17034208/230021661/Original/USAC_FCC_FORM_470_APPLICATION_230021661_CERTIFIED.pdf,
230022961,16038401,POTTER'S HOUSE CHRISTIAN ACADEMY,,2023,2023-02-23,Firewall Service and Components,Basic Maintenance of Internal Connections,https://publicdata.usac.org/SL/Prd/Form470/401112/230022961/Original/USAC_FCC_FORM_470_APPLICATION_230022961_CERTIFIED.pdf,https://publicdata.usac.org/SL/Prd/Form470/401112/230022961/The%20Potters%20House%20Christian%20Academy%202023_24%20eRate%20Category%202%20RFP.docx
230022961,16038401,POTTER'S HOUSE CHRISTIAN ACADEMY,,2023,2023-02-23,"Firewall Service, Components, and Necessary Software and Licenses",Internal Connections,https://publicdata.usac.org/SL/Prd/Form470/401112/230022961/Original/USAC_FCC_FORM_470_APPLICATION_230022961_CERTIFIED.pdf,https://publicdata.usac.org/SL/Prd/Form470/401112/230022961/The%20Potters%20House%20Christian%20Academy%202023_24%20eRate%20Category%202%20RFP.docx
230023454,17028049,CHOSEN GENERATION CHRISTIAN ACADEMY INC.,,2023,2023-02-27,Firewall Service and Components,Basic Maintenance of Internal Connections,https://publicdata.usac.org/SL/Prd/Form470/17028049/230023454/Original/USAC_FCC_FORM_470_APPLICATION_230023454_CERTIFIED.pdf,
230023454,17028049,CHOSEN GENERATION CHRISTIAN ACADEMY INC.,,2023,2023-02-27,"Firewall Service, Components, and Necessary Software and Licenses",Internal Connections,https://publicdata.usac.org/SL/Prd/Form470/17028049/230023454/Original/USAC_FCC_FORM_470_APPLICATION_230023454_CERTIFIED.pdf,
230023457,17027927,Individual Education Plan Academy Inc.,,2023,2023-02-27,Firewall Service and Components,Basic Maintenance of Internal Connections,https://publicdata.usac.org/SL/Prd/Form470/17027927/230023457/Original/USAC_FCC_FORM_470_APPLICATION_230023457_CERTIFIED.pdf,
230023457,17027927,Individual Education Plan Academy Inc.,,2023,2023-02-27,"Firewall Service, Components, and Necessary Software and Licenses",Internal Connections,https://publicdata.usac.org/SL/Prd/Form470/17027927/230023457/Original/USAC_FCC_FORM_470_APPLICATION_230023457_CERTIFIED.pdf,
240004610,17025973,"IDEA FLORIDA, Inc",,2024,2023-11-15,Firewall Service and Components,Basic Maintenance of Internal Connections,https://publicdata.usac.org/SL/Prd/Form470/17025973/240004610/Current/USAC_FCC_FORM_470_APPLICATION_240004610_CERTIFIED.pdf,https://publicdata.usac.org/SL/Prd/Form470/17025973/240004610/10_ECSM_0124%20FLORIDA.pdf
240004610,17025973,"IDEA FLORIDA, Inc",,2024,2023-11-15,Firewall Service and Components,Basic Maintenance of Internal Connections,https://publicdata.usac.org/SL/Prd/Form470/17025973/240004610/Current/USAC_FCC_FORM_470_APPLICATION_240004610_CERTIFIED.pdf,https://publicdata.usac.org/SL/Prd/Form470/17025973/240004610/Attachment%20S_10_ECSM_0124_FL%20Price%20Sheet.xlsx
240004610,17025973,"IDEA FLORIDA, Inc",,2024,2023-11-15,"Firewall Service, Components, and Necessary Software and Licenses",Internal Connections,https://publicdata.usac.org/SL/Prd/Form470/17025973/240004610/Current/USAC_FCC_FORM_470_APPLICATION_240004610_CERTIFIED.pdf,https://publicdata.usac.org/SL/Prd/Form470/17025973/240004610/Attachment%20S_10_ECSM_0124_FL%20Price%20Sheet.xlsx
240004610,17025973,"IDEA FLORIDA, Inc",,2024,2023-11-15,Firewall Service and Components,Basic Maintenance of Internal Connections,https://publicdata.usac.org/SL/Prd/Form470/17025973/240004610/Current/USAC_FCC_FORM_470_APPLICATION_240004610_CERTIFIED.pdf,https://publicdata.usac.org/SL/Prd/Form470/17025973/240004610/10_ECSM_0124%20FL_Addendum%201_Vendor%20Questions%20and%20Answers.pdf
240004610,17025973,"IDEA FLORIDA, Inc",,2024,2023-11-15,"Firewall Service, Components, and Necessary Software and Licenses",Internal Connections,https://publicdata.usac.org/SL/Prd/Form470/17025973/240004610/Current/USAC_FCC_FORM_470_APPLICATION_240004610_CERTIFIED.pdf,https://publicdata.usac.org/SL/Prd/Form470/17025973/240004610/10_ECSM_0124%20FLORIDA.pdf
240004610,17025973,"IDEA FLORIDA, Inc",,2024,2023-11-15,"Firewall Service, Components, and Necessary Software and Licenses",Internal Connections,https://publicdata.usac.org/SL/Prd/Form470/17025973/240004610/Current/USAC_FCC_FORM_470_APPLICATION_240004610_CERTIFIED.pdf,https://publicdata.usac.org/SL/Prd/Form470/17025973/240004610/10_ECSM_0124%20FL_Addendum%201_Vendor%20Questions%20and%20Answers.pdf
240007803,17002462,DIOCESE OF ORLANDO OFFICE OF CATHOLIC SCHOOLS,,2024,2023-12-08,"Firewall Service, Components, and Necessary Software and Licenses",Internal Connections,https://publicdata.usac.org/SL/Prd/Form470/17002462/240007803/Original/USAC_FCC_FORM_470_APPLICATION_240007803_CERTIFIED.pdf,
240007803,17002462,DIOCESE OF ORLANDO OFFICE OF CATHOLIC SCHOOLS,,2024,2023-12-08,Firewall Service and Components,Basic Maintenance of Internal Connections,https://publicdata.usac.org/SL/Prd/Form470/17002462/240007803/Original/USAC_FCC_FORM_470_APPLICATION_240007803_CERTIFIED.pdf,
240011098,127671,SEMINOLE COUNTY SCHOOL DIST,Seminole County Public Schools,2024,2024-01-04,Firewall Service and Components,Basic Maintenance of Internal Connections,https://publicdata.usac.org/SL/Prd/Form470/334835/240011098/Current/USAC_FCC_FORM_470_APPLICATION_240011098_CERTIFIED.pdf,https://publicdata.usac.org/SL/Prd/Form470/334835/240011098/23240064B%20AZ%20Fortinet%20UTM%20License%20and%20Support%20ITB.pdf
240011098,127671,SEMINOLE COUNTY SCHOOL DIST,Seminole County Public Schools,2024,2024-01-04,Firewall Service and Components,Basic Maintenance of Internal Connections,https://publicdata.usac.org/SL/Prd/Form470/334835/240011098/Current/USAC_FCC_FORM_470_APPLICATION_240011098_CERTIFIED.pdf,https://publicdata.usac.org/SL/Prd/Form470/334835/240011098/23240064B%20AZ%20Exhibit%20A%20Tentative%20Schedule%20of%20Events.pdf
240011098,127671,SEMINOLE COUNTY SCHOOL DIST,Seminole County Public Schools,2024,2024-01-04,Firewall Service and Components,Basic Maintenance of Internal Connections,https://publicdata.usac.org/SL/Prd/Form470/334835/240011098/Current/USAC_FCC_FORM_470_APPLICATION_240011098_CERTIFIED.pdf,https://publicdata.usac.org/SL/Prd/Form470/334835/240011098/23240064B%20AZ%20Fortinet%20UTM%20License%20and%20Support%20%20Exhibit%20B%20%20Price%20Schedule.xlsx
240011098,127671,SEMINOLE COUNTY SCHOOL DIST,Seminole County Public Schools,2024,2024-01-04,Firewall Service and Components,Basic Maintenance of Internal Connections,https://publicdata.usac.org/SL/Prd/Form470/334835/240011098/Current/USAC_FCC_FORM_470_APPLICATION_240011098_CERTIFIED.pdf,https://publicdata.usac.org/SL/Prd/Form470/334835/240011098/Category%20Two%20Internal%20Connections%20Version%2021.0.xlsm
240011098,127671,SEMINOLE COUNTY SCHOOL DIST,Seminole County Public Schools,2024,2024-01-04,"Firewall Service, Components, and Necessary Software and Licenses",Internal Connections,https://publicdata.usac.org/SL/Prd/Form470/334835/240011098/Current/USAC_FCC_FORM_470_APPLICATION_240011098_CERTIFIED.pdf,https://publicdata.usac.org/SL/Prd/Form470/334835/240011098/23240064B%20AZ%20Addendum%201.pdf
240011098,127671,SEMINOLE COUNTY SCHOOL DIST,Seminole County Public Schools,2024,2024-01-04,"Firewall Service, Components, and Necessary Software and Licenses",Internal Connections,https://publicdata.usac.org/SL/Prd/Form470/334835/240011098/Current/USAC_FCC_FORM_470_APPLICATION_240011098_CERTIFIED.pdf,https://publicdata.usac.org/SL/Prd/Form470/334835/240011098/23240064B%20AZ%20Exhibit%20A%20Tentative%20Schedule%20of%20Events.pdf
240011098,127671,SEMINOLE COUNTY SCHOOL DIST,Seminole County Public Schools,2024,2024-01-04,"Firewall Service, Components, and Necessary Software and Licenses",Internal Connections,https://publicdata.usac.org/SL/Prd/Form470/334835/240011098/Current/USAC_FCC_FORM_470_APPLICATION_240011098_CERTIFIED.pdf,https://publicdata.usac.org/SL/Prd/Form470/334835/240011098/23240064B%20AZ%20Fortinet%20UTM%20License%20and%20Support%20%20Exhibit%20B%20%20Price%20Schedule.xlsx
240011098,127671,SEMINOLE COUNTY SCHOOL DIST,Seminole County Public Schools,2024,2024-01-04,"Firewall Service, Components, and Necessary Software and Licenses",Internal Connections,https://publicdata.usac.org/SL/Prd/Form470/334835/240011098/Current/USAC_FCC_FORM_470_APPLICATION_240011098_CERTIFIED.pdf,https://publicdata.usac.org/SL/Prd/Form470/334835/240011098/23240064B%20AZ%20Fortinet%20UTM%20License%20and%20Support%20ITB.pdf
240011098,127671,SEMINOLE COUNTY SCHOOL DIST,Seminole County Public Schools,2024,2024-01-04,"Firewall Service, Components, and Necessary Software and Licenses",Internal Connections,https://publicdata.usac.org/SL/Prd/Form470/334835/240011098/Current/USAC_FCC_FORM_470_APPLICATION_240011098_CERTIFIED.pdf,https://publicdata.usac.org/SL/Prd/Form470/334835/240011098/Category%20Two%20Internal%20Connections%20Version%2021.0.xlsm
240011098,127671,SEMINOLE COUNTY SCHOOL DIST,Seminole County Public Schools,2024,2024-01-04,Firewall Service and Components,Basic Maintenance of Internal Connections,https://publicdata.usac.org/SL/Prd/Form470/334835/240011098/Current/USAC_FCC_FORM_470_APPLICATION_240011098_CERTIFIED.pdf,https://publicdata.usac.org/SL/Prd/Form470/334835/240011098/23240064B%20AZ%20Addendum%201.pdf
240014423,211833,ROWLETT ACADEMY,,2024,2024-01-18,"Firewall Service, Components, and Necessary Software and Licenses",Internal Connections,https://publicdata.usac.org/SL/Prd/Form470/362203/240014423/Original/USAC_FCC_FORM_470_APPLICATION_240014423_CERTIFIED.pdf,
240014423,211833,ROWLETT ACADEMY,,2024,2024-01-18,Firewall Service and Components,Basic Maintenance of Internal Connections,https://publicdata.usac.org/SL/Prd/Form470/362203/240014423/Original/USAC_FCC_FORM_470_APPLICATION_240014423_CERTIFIED.pdf,
240014423,211833,ROWLETT ACADEMY,,2024,2024-01-18,Firewall Service and Components,Basic Maintenance of Internal Connections,https://publicdata.usac.org/SL/Prd/Form470/362203/240014423/Original/USAC_FCC_FORM_470_APPLICATION_240014423_CERTIFIED.pdf,
240015984,16057893,"FLORENCE FULLER CHILD DEVELOPMENT CENTERS, INC",,2024,2024-01-24,"Firewall Service, Components, and Necessary Software and Licenses",Internal Connections,https://publicdata.usac.org/SL/Prd/Form470/401622/240015984/Original/USAC_FCC_FORM_470_APPLICATION_240015984_CERTIFIED.pdf,
240015984,16057893,"FLORENCE FULLER CHILD DEVELOPMENT CENTERS, INC",,2024,2024-01-24,Firewall Service and Components,Basic Maintenance of Internal Connections,https://publicdata.usac.org/SL/Prd/Form470/401622/240015984/Original/USAC_FCC_FORM_470_APPLICATION_240015984_CERTIFIED.pdf,
240013416,17031093,"Palm Bay Education Group, Inc.",,2024,2024-01-24,Firewall Service and Components,Basic Maintenance of Internal Connections,https://publicdata.usac.org/SL/Prd/Form470/17031093/240013416/Original/USAC_FCC_FORM_470_APPLICATION_240013416_CERTIFIED.pdf,https://publicdata.usac.org/SL/Prd/Form470/17031093/240013416/Palm%20Bay%202024%20RFP%20C2.pdf
240013416,17031093,"Palm Bay Education Group, Inc.",,2024,2024-01-24,"Firewall Service, Components, and Necessary Software and Licenses",Internal Connections,https://publicdata.usac.org/SL/Prd/Form470/17031093/240013416/Original/USAC_FCC_FORM_470_APPLICATION_240013416_CERTIFIED.pdf,https://publicdata.usac.org/SL/Prd/Form470/17031093/240013416/Palm%20Bay%202024%20RFP%20C2.pdf
240013416,17031093,"Palm Bay Education Group, Inc.",,2024,2024-01-24,"Firewall Service, Components, and Necessary Software and Licenses",Internal Connections,https://publicdata.usac.org/SL/Prd/Form470/17031093/240013416/Original/USAC_FCC_FORM_470_APPLICATION_240013416_CERTIFIED.pdf,https://publicdata.usac.org/SL/Prd/Form470/17031093/240013416/Palm%20Bay%202024%20RFP%20C2.pdf
240013416,17031093,"Palm Bay Education Group, Inc.",,2024,2024-01-24,Firewall Service and Components,Basic Maintenance of Internal Connections,https://publicdata.usac.org/SL/Prd/Form470/17031093/240013416/Original/USAC_FCC_FORM_470_APPLICATION_240013416_CERTIFIED.pdf,https://publicdata.usac.org/SL/Prd/Form470/17031093/240013416/Palm%20Bay%202024%20RFP%20C2.pdf
240016020,16057893,"FLORENCE FULLER CHILD DEVELOPMENT CENTERS, INC",,2024,2024-01-24,"Firewall Service, Components, and Necessary Software and Licenses",Internal Connections,https://publicdata.usac.org/SL/Prd/Form470/401622/240016020/Original/USAC_FCC_FORM_470_APPLICATION_240016020_CERTIFIED.pdf,
240016020,16057893,"FLORENCE FULLER CHILD DEVELOPMENT CENTERS, INC",,2024,2024-01-24,Firewall Service and Components,Basic Maintenance of Internal Connections,https://publicdata.usac.org/SL/Prd/Form470/401622/240016020/Original/USAC_FCC_FORM_470_APPLICATION_240016020_CERTIFIED.pdf,
240016020,16057893,"FLORENCE FULLER CHILD DEVELOPMENT CENTERS, INC",,2024,2024-01-24,Firewall Service and Components,Basic Maintenance of Internal Connections,https://publicdata.usac.org/SL/Prd/Form470/401622/240016020/Original/USAC_FCC_FORM_470_APPLICATION_240016020_CERTIFIED.pdf,
240018297,16039146,"EPISCOPAL CHILDREN'S SERVICES, INC.",,2024,2024-02-02,"Firewall Service, Components, and Necessary Software and Licenses",Internal Connections,https://publicdata.usac.org/SL/Prd/Form470/401119/240018297/Original/USAC_FCC_FORM_470_APPLICATION_240018297_CERTIFIED.pdf,https://publicdata.usac.org/SL/Prd/Form470/401119/240018297/ITB%20Firewall%202024.docx
240018297,16039146,"EPISCOPAL CHILDREN'S SERVICES, INC.",,2024,2024-02-02,"Firewall Service, Components, and Necessary Software and Licenses",Internal Connections,https://publicdata.usac.org/SL/Prd/Form470/401119/240018297/Original/USAC_FCC_FORM_470_APPLICATION_240018297_CERTIFIED.pdf,https://publicdata.usac.org/SL/Prd/Form470/401119/240018297/firewall%20by%20location.xlsx
240018368,127706,SCHOOL BOARD OF INDIAN RIVER,School District of Indian River County,2024,2024-02-02,Firewall Service and Components,Basic Maintenance of Internal Connections,https://publicdata.usac.org/SL/Prd/Form470/334870/240018368/Original/USAC_FCC_FORM_470_APPLICATION_240018368_CERTIFIED.pdf,https://publicdata.usac.org/SL/Prd/Form470/334870/240018368/Category%20Two%20Internal%20Connections%20Version%2021.xlsm
240018368,127706,SCHOOL BOARD OF INDIAN RIVER,School District of Indian River County,2024,2024-02-02,Firewall Service and Components,Basic Maintenance of Internal Connections,https://publicdata.usac.org/SL/Prd/Form470/334870/240018368/Original/USAC_FCC_FORM_470_APPLICATION_240018368_CERTIFIED.pdf,https://publicdata.usac.org/SL/Prd/Form470/334870/240018368/summery%20update.xlsx
240018368,127706,SCHOOL BOARD OF INDIAN RIVER,School District of Indian River County,2024,2024-02-02,Firewall Service and Components,Basic Maintenance of Internal Connections,https://publicdata.usac.org/SL/Prd/Form470/334870/240018368/Original/USAC_FCC_FORM_470_APPLICATION_240018368_CERTIFIED.pdf,https://publicdata.usac.org/SL/Prd/Form470/334870/240018368/Category%20Two%20Internal%20Connections%20Version%2021.xlsm
240018368,127706,SCHOOL BOARD OF INDIAN RIVER,School District of Indian River County,2024,2024-02-02,Firewall Service and Components,Basic Maintenance of Internal Connections,https://publicdata.usac.org/SL/Prd/Form470/334870/240018368/Original/USAC_FCC_FORM_470_APPLICATION_240018368_CERTIFIED.pdf,https://publicdata.usac.org/SL/Prd/Form470/334870/240018368/Category%20Two%20Basic%20Maintenance%20of%20Internal%20Connections%20Version%2021.xlsm
240018368,127706,SCHOOL BOARD OF INDIAN RIVER,School District of Indian River County,2024,2024-02-02,Firewall Service and Components,Basic Maintenance of Internal Connections,https://publicdata.usac.org/SL/Prd/Form470/334870/240018368/Original/USAC_FCC_FORM_470_APPLICATION_240018368_CERTIFIED.pdf,https://publicdata.usac.org/SL/Prd/Form470/334870/240018368/Category%20Two%20Basic%20Maintenance%20of%20Internal%20Connections%20Version%2021.xlsm
240018368,127706,SCHOOL BOARD OF INDIAN RIVER,School District of Indian River County,2024,2024-02-02,Firewall Service and Components,Basic Maintenance of Internal Connections,https://publicdata.usac.org/SL/Prd/Form470/334870/240018368/Original/USAC_FCC_FORM_470_APPLICATION_240018368_CERTIFIED.pdf,https://publicdata.usac.org/SL/Prd/Form470/334870/240018368/summery%20update.xlsx
240019224,17036769,"Renaissance Arts and Education, Inc.",,2024,2024-02-07,Firewall Service and Components,Basic Maintenance of Internal Connections,https://publicdata.usac.org/SL/Prd/Form470/17036769/240019224/Original/USAC_FCC_FORM_470_APPLICATION_240019224_CERTIFIED.pdf,https://publicdata.usac.org/SL/Prd/Form470/17036769/240019224/Renaissance%20Arts%20and%20Education%20C2%20RFP.pdf
240019224,17036769,"Renaissance Arts and Education, Inc.",,2024,2024-02-07,"Firewall Service, Components, and Necessary Software and Licenses",Internal Connections,https://publicdata.usac.org/SL/Prd/Form470/17036769/240019224/Original/USAC_FCC_FORM_470_APPLICATION_240019224_CERTIFIED.pdf,https://publicdata.usac.org/SL/Prd/Form470/17036769/240019224/Renaissance%20Arts%20and%20Education%20C2%20RFP.pdf
240019783,17024170,True North Classical Academy,,2024,2024-02-09,"Firewall Service, Components, and Necessary Software and Licenses",Internal Connections,https://publicdata.usac.org/SL/Prd/Form470/17024170/240019783/Original/USAC_FCC_FORM_470_APPLICATION_240019783_CERTIFIED.pdf,https://publicdata.usac.org/SL/Prd/Form470/17024170/240019783/True%20North%20Classical%20Academy%20C2%20RFP.pdf
240019783,17024170,True North Classical Academy,,2024,2024-02-09,Firewall Service and Components,Basic Maintenance of Internal Connections,https://publicdata.usac.org/SL/Prd/Form470/17024170/240019783/Original/USAC_FCC_FORM_470_APPLICATION_240019783_CERTIFIED.pdf,https://publicdata.usac.org/SL/Prd/Form470/17024170/240019783/True%20North%20Classical%20Academy%20C2%20RFP.pdf
240019783,17024170,True North Classical Academy,,2024,2024-02-09,"Firewall Service, Components, and Necessary Software and Licenses",Internal Connections,https://publicdata.usac.org/SL/Prd/Form470/17024170/240019783/Original/USAC_FCC_FORM_470_APPLICATION_240019783_CERTIFIED.pdf,https://publicdata.usac.org/SL/Prd/Form470/17024170/240019783/True%20North%20Classical%20Academy%20C2%20RFP.pdf
240019783,17024170,True North Classical Academy,,2024,2024-02-09,Firewall Service and Components,Basic Maintenance of Internal Connections,https://publicdata.usac.org/SL/Prd/Form470/17024170/240019783/Original/USAC_FCC_FORM_470_APPLICATION_240019783_CERTIFIED.pdf,https://publicdata.usac.org/SL/Prd/Form470/17024170/240019783/True%20North%20Classical%20Academy%20C2%20RFP.pdf
240020362,16056854,CHARTER SCHOOLS USA,,2024,2024-02-12,Firewall Service and Components,Basic Maintenance of Internal Connections,https://publicdata.usac.org/SL/Prd/Form470/401600/240020362/Current/USAC_FCC_FORM_470_APPLICATION_240020362_CERTIFIED.pdf,https://publicdata.usac.org/SL/Prd/Form470/401600/240020362/RFP_CSUSA%20CAT%202%20NEW%20SCHOOLS%202024.xlsx
240020362,16056854,CHARTER SCHOOLS USA,,2024,2024-02-12,"Firewall Service, Components, and Necessary Software and Licenses",Internal Connections,https://publicdata.usac.org/SL/Prd/Form470/401600/240020362/Current/USAC_FCC_FORM_470_APPLICATION_240020362_CERTIFIED.pdf,https://publicdata.usac.org/SL/Prd/Form470/401600/240020362/Charter%20Schools%20USA_UPDATE.docx
240020362,16056854,CHARTER SCHOOLS USA,,2024,2024-02-12,"Firewall Service, Components, and Necessary Software and Licenses",Internal Connections,https://publicdata.usac.org/SL/Prd/Form470/401600/240020362/Current/USAC_FCC_FORM_470_APPLICATION_240020362_CERTIFIED.pdf,https://publicdata.usac.org/SL/Prd/Form470/401600/240020362/RFP_CSUSA%20CAT%202%20NEW%20SCHOOLS%202024.xlsx
240020362,16056854,CHARTER SCHOOLS USA,,2024,2024-02-12,Firewall Service and Components,Basic Maintenance of Internal Connections,https://publicdata.usac.org/SL/Prd/Form470/401600/240020362/Current/USAC_FCC_FORM_470_APPLICATION_240020362_CERTIFIED.pdf,https://publicdata.usac.org/SL/Prd/Form470/401600/240020362/Charter%20Schools%20USA_UPDATE.docx
240020423,17002036,The Charter Schools of Excellence,,2024,2024-02-12,Firewall Service and Components,Basic Maintenance of Internal Connections,https://publicdata.usac.org/SL/Prd/Form470/17002036/240020423/Original/USAC_FCC_FORM_470_APPLICATION_240020423_CERTIFIED.pdf,https://publicdata.usac.org/SL/Prd/Form470/17002036/240020423/REVISED%20Charter%20Schools%20of%20Excellence%20RFP.pdf
240020423,17002036,The Charter Schools of Excellence,,2024,2024-02-12,Firewall Service and Components,Basic Maintenance of Internal Connections,https://publicdata.usac.org/SL/Prd/Form470/17002036/240020423/Original/USAC_FCC_FORM_470_APPLICATION_240020423_CERTIFIED.pdf,https://publicdata.usac.org/SL/Prd/Form470/17002036/240020423/REVISED%20Charter%20Schools%20of%20Excellence%20RFP.pdf
240020423,17002036,The Charter Schools of Excellence,,2024,2024-02-12,"Firewall Service, Components, and Necessary Software and Licenses",Internal Connections,https://publicdata.usac.org/SL/Prd/Form470/17002036/240020423/Original/USAC_FCC_FORM_470_APPLICATION_240020423_CERTIFIED.pdf,https://publicdata.usac.org/SL/Prd/Form470/17002036/240020423/REVISED%20Charter%20Schools%20of%20Excellence%20RFP.pdf
240020328,226941,Palm Beach Maritime Academy,,2024,2024-02-13,"Firewall Service, Components, and Necessary Software and Licenses",Internal Connections,https://publicdata.usac.org/SL/Prd/Form470/367427/240020328/Original/USAC_FCC_FORM_470_APPLICATION_240020328_CERTIFIED.pdf,https://publicdata.usac.org/SL/Prd/Form470/367427/240020328/Palm%20Beach%20Maritime%20Academy%20C2%20RFP.pdf
240020328,226941,Palm Beach Maritime Academy,,2024,2024-02-13,Firewall Service and Components,Basic Maintenance of Internal Connections,https://publicdata.usac.org/SL/Prd/Form470/367427/240020328/Original/USAC_FCC_FORM_470_APPLICATION_240020328_CERTIFIED.pdf,https://publicdata.usac.org/SL/Prd/Form470/367427/240020328/Palm%20Beach%20Maritime%20Academy%20C2%20RFP.pdf
240020932,16046573,PARADISE CHRISTIAN SCHOOL,,2024,2024-02-13,Firewall Service and Components,Basic Maintenance of Internal Connections,https://publicdata.usac.org/SL/Prd/Form470/382837/240020932/Original/USAC_FCC_FORM_470_APPLICATION_240020932_CERTIFIED.pdf,
240020932,16046573,PARADISE CHRISTIAN SCHOOL,,2024,2024-02-13,"Firewall Service, Components, and Necessary Software and Licenses",Internal Connections,https://publicdata.usac.org/SL/Prd/Form470/382837/240020932/Original/USAC_FCC_FORM_470_APPLICATION_240020932_CERTIFIED.pdf,
240021328,127603,FRANKLIN COUNTY SCHOOL DISTRICT,Franklin County School District,2024,2024-02-15,"Firewall Service, Components, and Necessary Software and Licenses",Internal Connections,https://publicdata.usac.org/SL/Prd/Form470/334768/240021328/Original/USAC_FCC_FORM_470_APPLICATION_240021328_CERTIFIED.pdf,
240021328,127603,FRANKLIN COUNTY SCHOOL DISTRICT,Franklin County School District,2024,2024-02-15,Firewall Service and Components,Basic Maintenance of Internal Connections,https://publicdata.usac.org/SL/Prd/Form470/334768/240021328/Original/USAC_FCC_FORM_470_APPLICATION_240021328_CERTIFIED.pdf,
240020198,17034208,Victory Charter School Tampa,,2024,2024-02-19,Firewall Service and Components,Basic Maintenance of Internal Connections,https://publicdata.usac.org/SL/Prd/Form470/17034208/240020198/Original/USAC_FCC_FORM_470_APPLICATION_240020198_CERTIFIED.pdf,https://publicdata.usac.org/SL/Prd/Form470/17034208/240020198/VCS%20Tampa%202024%20RFP%20C2.pdf
240020200,16076498,AVANT GARDE ACADEMY INC - DBA Victory Charter School,,2024,2024-02-20,"Firewall Service, Components, and Necessary Software and Licenses",Internal Connections,https://publicdata.usac.org/SL/Prd/Form470/398810/240020200/Original/USAC_FCC_FORM_470_APPLICATION_240020200_CERTIFIED.pdf,https://publicdata.usac.org/SL/Prd/Form470/398810/240020200/VCS%202024%20RFP%20C2.pdf
240020200,16076498,AVANT GARDE ACADEMY INC - DBA Victory Charter School,,2024,2024-02-20,Firewall Service and Components,Basic Maintenance of Internal Connections,https://publicdata.usac.org/SL/Prd/Form470/398810/240020200/Original/USAC_FCC_FORM_470_APPLICATION_240020200_CERTIFIED.pdf,https://publicdata.usac.org/SL/Prd/Form470/398810/240020200/VCS%202024%20RFP%20C2.pdf
240020200,16076498,AVANT GARDE ACADEMY INC - DBA Victory Charter School,,2024,2024-02-20,Firewall Service and Components,Basic Maintenance of Internal Connections,https://publicdata.usac.org/SL/Prd/Form470/398810/240020200/Original/USAC_FCC_FORM_470_APPLICATION_240020200_CERTIFIED.pdf,https://publicdata.usac.org/SL/Prd/Form470/398810/240020200/VCS%202024%20RFP%20C2.pdf
240023226,16056854,CHARTER SCHOOLS USA,,2024,2024-02-22,Firewall Service and Components,Basic Maintenance of Internal Connections,https://publicdata.usac.org/SL/Prd/Form470/401600/240023226/Current/USAC_FCC_FORM_470_APPLICATION_240023226_CERTIFIED.pdf,https://publicdata.usac.org/SL/Prd/Form470/401600/240023226/RFP_CSUSA%20CAT%202%20NEW%20SCHOOLS_2_22.xlsx
240023226,16056854,CHARTER SCHOOLS USA,,2024,2024-02-22,"Firewall Service, Components, and Necessary Software and Licenses",Internal Connections,https://publicdata.usac.org/SL/Prd/Form470/401600/240023226/Current/USAC_FCC_FORM_470_APPLICATION_240023226_CERTIFIED.pdf,https://publicdata.usac.org/SL/Prd/Form470/401600/240023226/RFP_CSUSA%20CAT%202%20NEW%20SCHOOLS_2_22.xlsx
240023226,16056854,CHARTER SCHOOLS USA,,2024,2024-02-22,Firewall Service and Components,Basic Maintenance of Internal Connections,https://publicdata.usac.org/SL/Prd/Form470/401600/240023226/Current/USAC_FCC_FORM_470_APPLICATION_240023226_CERTIFIED.pdf,https://publicdata.usac.org/SL/Prd/Form470/401600/240023226/UPDATE%20TO%20Form%20470.docx
240023226,16056854,CHARTER SCHOOLS USA,,2024,2024-02-22,"Firewall Service, Components, and Necessary Software and Licenses",Internal Connections,https://publicdata.usac.org/SL/Prd/Form470/401600/240023226/Current/USAC_FCC_FORM_470_APPLICATION_240023226_CERTIFIED.pdf,https://publicdata.usac.org/SL/Prd/Form470/401600/240023226/RFP_CSUSA%20CAT%202%20NEW%20SCHOOLS%202024%20.xlsx
240023226,16056854,CHARTER SCHOOLS USA,,2024,2024-02-22,Firewall Service and Components,Basic Maintenance of Internal Connections,https://publicdata.usac.org/SL/Prd/Form470/401600/240023226/Current/USAC_FCC_FORM_470_APPLICATION_240023226_CERTIFIED.pdf,https://publicdata.usac.org/SL/Prd/Form470/401600/240023226/RFP_CSUSA%20CAT%202%20NEW%20SCHOOLS%202024%20.xlsx
240023226,16056854,CHARTER SCHOOLS USA,,2024,2024-02-22,"Firewall Service, Components, and Necessary Software and Licenses",Internal Connections,https://publicdata.usac.org/SL/Prd/Form470/401600/240023226/Current/USAC_FCC_FORM_470_APPLICATION_240023226_CERTIFIED.pdf,https://publicdata.usac.org/SL/Prd/Form470/401600/240023226/UPDATE%20TO%20Form%20470.docx
240020003,127563,LAFAYETTE COUNTY SCHOOL DIST,Lafayette County School District,2024,2024-02-23,"Firewall Service, Components, and Necessary Software and Licenses",Internal Connections,https://publicdata.usac.org/SL/Prd/Form470/334729/240020003/Original/USAC_FCC_FORM_470_APPLICATION_240020003_CERTIFIED.pdf,
240020003,127563,LAFAYETTE COUNTY SCHOOL DIST,Lafayette County School District,2024,2024-02-23,Firewall Service and Components,Basic Maintenance of Internal Connections,https://publicdata.usac.org/SL/Prd/Form470/334729/240020003/Original/USAC_FCC_FORM_470_APPLICATION_240020003_CERTIFIED.pdf,
240023447,16050397,CHILDRENS EDUCATIONAL SERVICES,,2024,2024-02-23,"Firewall Service, Components, and Necessary Software and Licenses",Internal Connections,https://publicdata.usac.org/SL/Prd/Form470/384899/240023447/Original/USAC_FCC_FORM_470_APPLICATION_240023447_CERTIFIED.pdf,
240023584,16039146,"EPISCOPAL CHILDREN'S SERVICES, INC.",,2024,2024-02-23,Firewall Service and Components,Basic Maintenance of Internal Connections,https://publicdata.usac.org/SL/Prd/Form470/401119/240023584/Original/USAC_FCC_FORM_470_APPLICATION_240023584_CERTIFIED.pdf,https://publicdata.usac.org/SL/Prd/Form470/401119/240023584/firewall%20by%20location.xlsx
240023584,16039146,"EPISCOPAL CHILDREN'S SERVICES, INC.",,2024,2024-02-23,"Firewall Service, Components, and Necessary Software and Licenses",Internal Connections,https://publicdata.usac.org/SL/Prd/Form470/401119/240023584/Original/USAC_FCC_FORM_470_APPLICATION_240023584_CERTIFIED.pdf,https://publicdata.usac.org/SL/Prd/Form470/401119/240023584/ITB%20Firewall%202024.docx
240023584,16039146,"EPISCOPAL CHILDREN'S SERVICES, INC.",,2024,2024-02-23,"Firewall Service, Components, and Necessary Software and Licenses",Internal Connections,https://publicdata.usac.org/SL/Prd/Form470/401119/240023584/Original/USAC_FCC_FORM_470_APPLICATION_240023584_CERTIFIED.pdf,https://publicdata.usac.org/SL/Prd/Form470/401119/240023584/firewall%20by%20location.xlsx
240023584,16039146,"EPISCOPAL CHILDREN'S SERVICES, INC.",,2024,2024-02-23,Firewall Service and Components,Basic Maintenance of Internal Connections,https://publicdata.usac.org/SL/Prd/Form470/401119/240023584/Original/USAC_FCC_FORM_470_APPLICATION_240023584_CERTIFIED.pdf,https://publicdata.usac.org/SL/Prd/Form470/401119/240023584/ITB%20Firewall%202024.docx
240024162,16051277,"Haitian Youth and Community Center of Florida, Inc.",,2024,2024-02-27,Firewall Service and Components,Basic Maintenance of Internal Connections,https://publicdata.usac.org/SL/Prd/Form470/385396/240024162/Original/USAC_FCC_FORM_470_APPLICATION_240024162_CERTIFIED.pdf,https://publicdata.usac.org/SL/Prd/Form470/385396/240024162/2024%20FCC%20470%20Vendor%20Bidding%20Instructions%20Cat2.pdf
240024162,16051277,"Haitian Youth and Community Center of Florida, Inc.",,2024,2024-02-27,"Firewall Service, Components, and Necessary Software and Licenses",Internal Connections,https://publicdata.usac.org/SL/Prd/Form470/385396/240024162/Original/USAC_FCC_FORM_470_APPLICATION_240024162_CERTIFIED.pdf,https://publicdata.usac.org/SL/Prd/Form470/385396/240024162/2024%20HYCCF%20ERATE%20CAT%202%20rfp.pdf
240024162,16051277,"Haitian Youth and Community Center of Florida, Inc.",,2024,2024-02-27,"Firewall Service, Components, and Necessary Software and Licenses",Internal Connections,https://publicdata.usac.org/SL/Prd/Form470/385396/240024162/Original/USAC_FCC_FORM_470_APPLICATION_240024162_CERTIFIED.pdf,https://publicdata.usac.org/SL/Prd/Form470/385396/240024162/2024%20FCC%20470%20Vendor%20Bidding%20Instructions%20Cat2.pdf
240024162,16051277,"Haitian Youth and Community Center of Florida, Inc.",,2024,2024-02-27,Firewall Service and Components,Basic Maintenance of Internal Connections,https://publicdata.usac.org/SL/Prd/Form470/385396/240024162/Original/USAC_FCC_FORM_470_APPLICATION_240024162_CERTIFIED.pdf,https://publicdata.usac.org/SL/Prd/Form470/385396/240024162/2024%20HYCCF%20ERATE%20CAT%202%20rfp.pdf
240025515,16057893,"FLORENCE FULLER CHILD DEVELOPMENT CENTERS, INC",,2024,2024-03-06,Firewall Service and Components,Basic Maintenance of Internal Connections,https://publicdata.usac.org/SL/Prd/Form470/401622/240025515/Original/USAC_FCC_FORM_470_APPLICATION_240025515_CERTIFIED.pdf,
240025515,16057893,"FLORENCE FULLER CHILD DEVELOPMENT CENTERS, INC",,2024,2024-03-06,"Firewall Service, Components, and Necessary Software and Licenses",Internal Connections,https://publicdata.usac.org/SL/Prd/Form470/401622/240025515/Original/USAC_FCC_FORM_470_APPLICATION_240025515_CERTIFIED.pdf,
240025515,16057893,"FLORENCE FULLER CHILD DEVELOPMENT CENTERS, INC",,2024,2024-03-06,Firewall Service and Components,Basic Maintenance of Internal Connections,https://publicdata.usac.org/SL/Prd/Form470/401622/240025515/Original/USAC_FCC_FORM_470_APPLICATION_240025515_CERTIFIED.pdf,
240025662,17027927,Individual Education Plan Academy Inc.,,2024,2024-03-14,"Firewall Service, Components, and Necessary Software and Licenses",Internal Connections,https://publicdata.usac.org/SL/Prd/Form470/17027927/240025662/Original/USAC_FCC_FORM_470_APPLICATION_240025662_CERTIFIED.pdf,
240025662,17027927,Individual Education Plan Academy Inc.,,2024,2024-03-14,Firewall Service and Components,Basic Maintenance of Internal Connections,https://publicdata.usac.org/SL/Prd/Form470/17027927/240025662/Original/USAC_FCC_FORM_470_APPLICATION_240025662_CERTIFIED.pdf,
250001822,16068802,Cape Coral Charter Schools Authority,,2025,2024-11-20,Firewall Service and Components,Basic Maintenance of Internal Connections,https://publicdata.usac.org/SL/Prd/Form470/394979/250001822/Original/USAC_FCC_FORM_470_APPLICATION_250001822_CERTIFIED.pdf,
250001822,16068802,Cape Coral Charter Schools Authority,,2025,2024-11-20,"Firewall Service, Components, and Necessary Software and Licenses",Internal Connections,https://publicdata.usac.org/SL/Prd/Form470/394979/250001822/Original/USAC_FCC_FORM_470_APPLICATION_250001822_CERTIFIED.pdf,
250009713,211833,ROWLETT ACADEMY,,2025,2024-12-13,Firewall Service and Components,Basic Maintenance of Internal Connections,https://publicdata.usac.org/SL/Prd/Form470/362203/250009713/Original/USAC_FCC_FORM_470_APPLICATION_250009713_CERTIFIED.pdf,
250009713,211833,ROWLETT ACADEMY,,2025,2024-12-13,Firewall Service and Components,Basic Maintenance of Internal Connections,https://publicdata.usac.org/SL/Prd/Form470/362203/250009713/Original/USAC_FCC_FORM_470_APPLICATION_250009713_CERTIFIED.pdf,
250009713,211833,ROWLETT ACADEMY,,2025,2024-12-13,"Firewall Service, Components, and Necessary Software and Licenses",Internal Connections,https://publicdata.usac.org/SL/Prd/Form470/362203/250009713/Original/USAC_FCC_FORM_470_APPLICATION_250009713_CERTIFIED.pdf,
250008867,16081442,KIPP JACKSONVILLE DISTRICT OFFICE,,2025,2024-12-18,Firewall Service and Components,Basic Maintenance of Internal Connections,https://publicdata.usac.org/SL/Prd/Form470/401080/250008867/Original/USAC_FCC_FORM_470_APPLICATION_250008867_CERTIFIED.pdf,https://publicdata.usac.org/SL/Prd/Form470/401080/250008867/JK25_RFP_C2%20V2.docx
250008867,16081442,KIPP JACKSONVILLE DISTRICT OFFICE,,2025,2024-12-18,"Firewall Service, Components, and Necessary Software and Licenses",Internal Connections,https://publicdata.usac.org/SL/Prd/Form470/401080/250008867/Original/USAC_FCC_FORM_470_APPLICATION_250008867_CERTIFIED.pdf,https://publicdata.usac.org/SL/Prd/Form470/401080/250008867/JK25_RFP_C2%20V2.docx
250009913,17031093,"Palm Bay Education Group, Inc.",,2025,2024-12-18,"Firewall Service, Components, and Necessary Software and Licenses",Internal Connections,https://publicdata.usac.org/SL/Prd/Form470/17031093/250009913/Original/USAC_FCC_FORM_470_APPLICATION_250009913_CERTIFIED.pdf,
250009913,17031093,"Palm Bay Education Group, Inc.",,2025,2024-12-18,Firewall Service and Components,Basic Maintenance of Internal Connections,https://publicdata.usac.org/SL/Prd/Form470/17031093/250009913/Original/USAC_FCC_FORM_470_APPLICATION_250009913_CERTIFIED.pdf,
250009913,17031093,"Palm Bay Education Group, Inc.",,2025,2024-12-18,"Firewall Service, Components, and Necessary Software and Licenses",Internal Connections,https://publicdata.usac.org/SL/Prd/Form470/17031093/250009913/Original/USAC_FCC_FORM_470_APPLICATION_250009913_CERTIFIED.pdf,
250009913,17031093,"Palm Bay Education Group, Inc.",,2025,2024-12-18,Firewall Service and Components,Basic Maintenance of Internal Connections,https://publicdata.usac.org/SL/Prd/Form470/17031093/250009913/Original/USAC_FCC_FORM_470_APPLICATION_250009913_CERTIFIED.pdf,
250010786,127825,HIGHLANDS COUNTY SCHOOL DIST,Highlands County School District,2025,2024-12-18,Firewall Service and Components,Basic Maintenance of Internal Connections,https://publicdata.usac.org/SL/Prd/Form470/334979/250010786/Original/USAC_FCC_FORM_470_APPLICATION_250010786_CERTIFIED.pdf,https://publicdata.usac.org/SL/Prd/Form470/334979/250010786/SBHC2425%2012%20iBoss%20FWaaS.pdf
250010786,127825,HIGHLANDS COUNTY SCHOOL DIST,Highlands County School District,2025,2024-12-18,Firewall Service and Components,Basic Maintenance of Internal Connections,https://publicdata.usac.org/SL/Prd/Form470/334979/250010786/Original/USAC_FCC_FORM_470_APPLICATION_250010786_CERTIFIED.pdf,https://publicdata.usac.org/SL/Prd/Form470/334979/250010786/Category%20Two%20Internal%20Connections%20Version%2021%200.xlsm
250010786,127825,HIGHLANDS COUNTY SCHOOL DIST,Highlands County School District,2025,2024-12-18,Firewall Service and Components,Basic Maintenance of Internal Connections,https://publicdata.usac.org/SL/Prd/Form470/334979/250010786/Original/USAC_FCC_FORM_470_APPLICATION_250010786_CERTIFIED.pdf,https://publicdata.usac.org/SL/Prd/Form470/334979/250010786/SBHC2425%2012%20iBoss%20FWaaS.pdf
250010786,127825,HIGHLANDS COUNTY SCHOOL DIST,Highlands County School District,2025,2024-12-18,"Firewall Service, Components, and Necessary Software and Licenses",Internal Connections,https://publicdata.usac.org/SL/Prd/Form470/334979/250010786/Original/USAC_FCC_FORM_470_APPLICATION_250010786_CERTIFIED.pdf,https://publicdata.usac.org/SL/Prd/Form470/334979/250010786/Category%20Two%20Internal%20Connections%20Version%2021%200.xlsm
250010786,127825,HIGHLANDS COUNTY SCHOOL DIST,Highlands County School District,2025,2024-12-18,"Firewall Service, Components, and Necessary Software and Licenses",Internal Connections,https://publicdata.usac.org/SL/Prd/Form470/334979/250010786/Original/USAC_FCC_FORM_470_APPLICATION_250010786_CERTIFIED.pdf,https://publicdata.usac.org/SL/Prd/Form470/334979/250010786/SBHC2425%2012%20iBoss%20FWaaS.pdf
250010786,127825,HIGHLANDS COUNTY SCHOOL DIST,Highlands County School District,2025,2024-12-18,Firewall Service and Components,Basic Maintenance of Internal Connections,https://publicdata.usac.org/SL/Prd/Form470/334979/250010786/Original/USAC_FCC_FORM_470_APPLICATION_250010786_CERTIFIED.pdf,https://publicdata.usac.org/SL/Prd/Form470/334979/250010786/Category%20Two%20Internal%20Connections%20Version%2021%200.xlsm
250010786,127825,HIGHLANDS COUNTY SCHOOL DIST,Highlands County School District,2025,2024-12-18,"Firewall Service, Components, and Necessary Software and Licenses",Internal Connections,https://publicdata.usac.org/SL/Prd/Form470/334979/250010786/Original/USAC_FCC_FORM_470_APPLICATION_250010786_CERTIFIED.pdf,https://publicdata.usac.org/SL/Prd/Form470/334979/250010786/Category%20Two%20Internal%20Connections%20Version%2021%200.xlsm
250010786,127825,HIGHLANDS COUNTY SCHOOL DIST,Highlands County School District,2025,2024-12-18,"Firewall Service, Components, and Necessary Software and Licenses",Internal Connections,https://publicdata.usac.org/SL/Prd/Form470/334979/250010786/Original/USAC_FCC_FORM_470_APPLICATION_250010786_CERTIFIED.pdf,https://publicdata.usac.org/SL/Prd/Form470/334979/250010786/SBHC2425%2012%20iBoss%20FWaaS.pdf
250010786,127825,HIGHLANDS COUNTY SCHOOL DIST,Highlands County School District,2025,2024-12-18,Firewall Service and Components,Basic Maintenance of Internal Connections,https://publicdata.usac.org/SL/Prd/Form470/334979/250010786/Original/USAC_FCC_FORM_470_APPLICATION_250010786_CERTIFIED.pdf,https://publicdata.usac.org/SL/Prd/Form470/334979/250010786/Category%20Two%20Internal%20Connections%20Version%2021%200.xlsm
250010786,127825,HIGHLANDS COUNTY SCHOOL DIST,Highlands County School District,2025,2024-12-18,Firewall Service and Components,Basic Maintenance of Internal Connections,https://publicdata.usac.org/SL/Prd/Form470/334979/250010786/Original/USAC_FCC_FORM_470_APPLICATION_250010786_CERTIFIED.pdf,https://publicdata.usac.org/SL/Prd/Form470/334979/250010786/SBHC2425%2012%20iBoss%20FWaaS.pdf
250010786,127825,HIGHLANDS COUNTY SCHOOL DIST,Highlands County School District,2025,2024-12-18,"Firewall Service, Components, and Necessary Software and Licenses",Internal Connections,https://publicdata.usac.org/SL/Prd/Form470/334979/250010786/Original/USAC_FCC_FORM_470_APPLICATION_250010786_CERTIFIED.pdf,https://publicdata.usac.org/SL/Prd/Form470/334979/250010786/Category%20Two%20Internal%20Connections%20Version%2021%200.xlsm
250010786,127825,HIGHLANDS COUNTY SCHOOL DIST,Highlands County School District,2025,2024-12-18,"Firewall Service, Components, and Necessary Software and Licenses",Internal Connections,https://publicdata.usac.org/SL/Prd/Form470/334979/250010786/Original/USAC_FCC_FORM_470_APPLICATION_250010786_CERTIFIED.pdf,https://publicdata.usac.org/SL/Prd/Form470/334979/250010786/SBHC2425%2012%20iBoss%20FWaaS.pdf
250010786,127825,HIGHLANDS COUNTY SCHOOL DIST,Highlands County School District,2025,2024-12-18,Firewall Service and Components,Basic Maintenance of Internal Connections,https://publicdata.usac.org/SL/Prd/Form470/334979/250010786/Original/USAC_FCC_FORM_470_APPLICATION_250010786_CERTIFIED.pdf,https://publicdata.usac.org/SL/Prd/Form470/334979/250010786/Category%20Two%20Internal%20Connections%20Version%2021%200.xlsm
250010786,127825,HIGHLANDS COUNTY SCHOOL DIST,Highlands County School District,2025,2024-12-18,Firewall Service and Components,Basic Maintenance of Internal Connections,https://publicdata.usac.org/SL/Prd/Form470/334979/250010786/Original/USAC_FCC_FORM_470_APPLICATION_250010786_CERTIFIED.pdf,https://publicdata.usac.org/SL/Prd/Form470/334979/250010786/SBHC2425%2012%20iBoss%20FWaaS.pdf
250010786,127825,HIGHLANDS COUNTY SCHOOL DIST,Highlands County School District,2025,2024-12-18,"Firewall Service, Components, and Necessary Software and Licenses",Internal Connections,https://publicdata.usac.org/SL/Prd/Form470/334979/250010786/Original/USAC_FCC_FORM_470_APPLICATION_250010786_CERTIFIED.pdf,https://publicdata.usac.org/SL/Prd/Form470/334979/250010786/Category%20Two%20Internal%20Connections%20Version%2021%200.xlsm
250010786,127825,HIGHLANDS COUNTY SCHOOL DIST,Highlands County School District,2025,2024-12-18,"Firewall Service, Components, and Necessary Software and Licenses",Internal Connections,https://publicdata.usac.org/SL/Prd/Form470/334979/250010786/Original/USAC_FCC_FORM_470_APPLICATION_250010786_CERTIFIED.pdf,https://publicdata.usac.org/SL/Prd/Form470/334979/250010786/SBHC2425%2012%20iBoss%20FWaaS.pdf
250010786,127825,HIGHLANDS COUNTY SCHOOL DIST,Highlands County School District,2025,2024-12-18,Firewall Service and Components,Basic Maintenance of Internal Connections,https://publicdata.usac.org/SL/Prd/Form470/334979/250010786/Original/USAC_FCC_FORM_470_APPLICATION_250010786_CERTIFIED.pdf,https://publicdata.usac.org/SL/Prd/Form470/334979/250010786/Category%20Two%20Internal%20Connections%20Version%2021%200.xlsm
250010786,127825,HIGHLANDS COUNTY SCHOOL DIST,Highlands County School District,2025,2024-12-18,Firewall Service and Components,Basic Maintenance of Internal Connections,https://publicdata.usac.org/SL/Prd/Form470/334979/250010786/Original/USAC_FCC_FORM_470_APPLICATION_250010786_CERTIFIED.pdf,https://publicdata.usac.org/SL/Prd/Form470/334979/250010786/SBHC2425%2012%20iBoss%20FWaaS.pdf
250010786,127825,HIGHLANDS COUNTY SCHOOL DIST,Highlands County School District,2025,2024-12-18,"Firewall Service, Components, and Necessary Software and Licenses",Internal Connections,https://publicdata.usac.org/SL/Prd/Form470/334979/250010786/Original/USAC_FCC_FORM_470_APPLICATION_250010786_CERTIFIED.pdf,https://publicdata.usac.org/SL/Prd/Form470/334979/250010786/Category%20Two%20Internal%20Connections%20Version%2021%200.xlsm
250010786,127825,HIGHLANDS COUNTY SCHOOL DIST,Highlands County School District,2025,2024-12-18,"Firewall Service, Components, and Necessary Software and Licenses",Internal Connections,https://publicdata.usac.org/SL/Prd/Form470/334979/250010786/Original/USAC_FCC_FORM_470_APPLICATION_250010786_CERTIFIED.pdf,https://publicdata.usac.org/SL/Prd/Form470/334979/250010786/SBHC2425%2012%20iBoss%20FWaaS.pdf
250010786,127825,HIGHLANDS COUNTY SCHOOL DIST,Highlands County School District,2025,2024-12-18,Firewall Service and Components,Basic Maintenance of Internal Connections,https://publicdata.usac.org/SL/Prd/Form470/334979/250010786/Original/USAC_FCC_FORM_470_APPLICATION_250010786_CERTIFIED.pdf,https://publicdata.usac.org/SL/Prd/Form470/334979/250010786/Category%20Two%20Internal%20Connections%20Version%2021%200.xlsm
250010786,127825,HIGHLANDS COUNTY SCHOOL DIST,Highlands County School District,2025,2024-12-18,Firewall Service and Components,Basic Maintenance of Internal Connections,https://publicdata.usac.org/SL/Prd/Form470/334979/250010786/Original/USAC_FCC_FORM_470_APPLICATION_250010786_CERTIFIED.pdf,https://publicdata.usac.org/SL/Prd/Form470/334979/250010786/SBHC2425%2012%20iBoss%20FWaaS.pdf
250010786,127825,HIGHLANDS COUNTY SCHOOL DIST,Highlands County School District,2025,2024-12-18,"Firewall Service, Components, and Necessary Software and Licenses",Internal Connections,https://publicdata.usac.org/SL/Prd/Form470/334979/250010786/Original/USAC_FCC_FORM_470_APPLICATION_250010786_CERTIFIED.pdf,https://publicdata.usac.org/SL/Prd/Form470/334979/250010786/Category%20Two%20Internal%20Connections%20Version%2021%200.xlsm
250010786,127825,HIGHLANDS COUNTY SCHOOL DIST,Highlands County School District,2025,2024-12-18,"Firewall Service, Components, and Necessary Software and Licenses",Internal Connections,https://publicdata.usac.org/SL/Prd/Form470/334979/250010786/Original/USAC_FCC_FORM_470_APPLICATION_250010786_CERTIFIED.pdf,https://publicdata.usac.org/SL/Prd/Form470/334979/250010786/SBHC2425%2012%20iBoss%20FWaaS.pdf
250011137,17002462,DIOCESE OF ORLANDO OFFICE OF CATHOLIC SCHOOLS,,2025,2024-12-19,"Firewall Service, Components, and Necessary Software and Licenses",Internal Connections,https://publicdata.usac.org/SL/Prd/Form470/17002462/250011137/Original/USAC_FCC_FORM_470_APPLICATION_250011137_CERTIFIED.pdf,
250011137,17002462,DIOCESE OF ORLANDO OFFICE OF CATHOLIC SCHOOLS,,2025,2024-12-19,Firewall Service and Components,Basic Maintenance of Internal Connections,https://publicdata.usac.org/SL/Prd/Form470/17002462/250011137/Original/USAC_FCC_FORM_470_APPLICATION_250011137_CERTIFIED.pdf,
250019017,228615,RCMA,,2025,2025-01-31,"Firewall Service, Components, and Necessary Software and Licenses",Internal Connections,https://publicdata.usac.org/SL/Prd/Form470/400492/250019017/Original/USAC_FCC_FORM_470_APPLICATION_250019017_CERTIFIED.pdf,https://publicdata.usac.org/SL/Prd/Form470/400492/250019017/FY25_RCMA_RFP%20NetworkUpgrade_C2_final.pdf
250019017,228615,RCMA,,2025,2025-01-31,Firewall Service and Components,Basic Maintenance of Internal Connections,https://publicdata.usac.org/SL/Prd/Form470/400492/250019017/Original/USAC_FCC_FORM_470_APPLICATION_250019017_CERTIFIED.pdf,https://publicdata.usac.org/SL/Prd/Form470/400492/250019017/FY25_RCMA_RFP%20NetworkUpgrade_C2_final.pdf
250019129,16056854,CHARTER SCHOOLS USA,,2025,2025-02-03,"Firewall Service, Components, and Necessary Software and Licenses",Internal Connections,https://publicdata.usac.org/SL/Prd/Form470/401600/250019129/Original/USAC_FCC_FORM_470_APPLICATION_250019129_CERTIFIED.pdf,https://publicdata.usac.org/SL/Prd/Form470/401600/250019129/RFP%20_%20CSUSA%20CAT%202%20NEW%20SCHOOLS%202025.xlsx
250020476,127555,UNION COUNTY SCHOOL DISTRICT,Union County School District,2025,2025-02-06,Firewall Service and Components,Basic Maintenance of Internal Connections,https://publicdata.usac.org/SL/Prd/Form470/334721/250020476/Original/USAC_FCC_FORM_470_APPLICATION_250020476_CERTIFIED.pdf,
250020476,127555,UNION COUNTY SCHOOL DISTRICT,Union County School District,2025,2025-02-06,"Firewall Service, Components, and Necessary Software and Licenses",Internal Connections,https://publicdata.usac.org/SL/Prd/Form470/334721/250020476/Original/USAC_FCC_FORM_470_APPLICATION_250020476_CERTIFIED.pdf,
250020204,17024170,True North Classical Academy,,2025,2025-02-06,Firewall Service and Components,Basic Maintenance of Internal Connections,https://publicdata.usac.org/SL/Prd/Form470/17024170/250020204/Original/USAC_FCC_FORM_470_APPLICATION_250020204_CERTIFIED.pdf,https://publicdata.usac.org/SL/Prd/Form470/17024170/250020204/2025%20True%20North%20Classical%20Academy%20RFP.pdf
250020204,17024170,True North Classical Academy,,2025,2025-02-06,"Firewall Service, Components, and Necessary Software and Licenses",Internal Connections,https://publicdata.usac.org/SL/Prd/Form470/17024170/250020204/Original/USAC_FCC_FORM_470_APPLICATION_250020204_CERTIFIED.pdf,https://publicdata.usac.org/SL/Prd/Form470/17024170/250020204/2025%20True%20North%20Classical%20Academy%20RFP.pdf
250020671,127563,LAFAYETTE COUNTY SCHOOL DIST,Lafayette County School District,2025,2025-02-07,Firewall Service and Components,Basic Maintenance of Internal Connections,https://publicdata.usac.org/SL/Prd/Form470/334729/250020671/Original/USAC_FCC_FORM_470_APPLICATION_250020671_CERTIFIED.pdf,
250020671,127563,LAFAYETTE COUNTY SCHOOL DIST,Lafayette County School District,2025,2025-02-07,"Firewall Service, Components, and Necessary Software and Licenses",Internal Connections,https://publicdata.usac.org/SL/Prd/Form470/334729/250020671/Original/USAC_FCC_FORM_470_APPLICATION_250020671_CERTIFIED.pdf,
250019692,17002036,The Charter Schools of Excellence,,2025,2025-02-07,Firewall Service and Components,Basic Maintenance of Internal Connections,https://publicdata.usac.org/SL/Prd/Form470/17002036/250019692/Original/USAC_FCC_FORM_470_APPLICATION_250019692_CERTIFIED.pdf,
250019692,17002036,The Charter Schools of Excellence,,2025,2025-02-07,"Firewall Service, Components, and Necessary Software and Licenses",Internal Connections,https://publicdata.usac.org/SL/Prd/Form470/17002036/250019692/Original/USAC_FCC_FORM_470_APPLICATION_250019692_CERTIFIED.pdf,
250021082,16055616,"LINCOLN-MARTI COMMUNITY AGENCY, INC",,2025,2025-02-10,Firewall Service and Components,Basic Maintenance of Internal Connections,https://publicdata.usac.org/SL/Prd/Form470/400694/250021082/Original/USAC_FCC_FORM_470_APPLICATION_250021082_CERTIFIED.pdf,https://publicdata.usac.org/SL/Prd/Form470/400694/250021082/16055616%20Lincoln%20Marti%20Community%20Agency%20C2%20RFP%20and%20Bidding%20Instructions%20FY25.pdf
250021082,16055616,"LINCOLN-MARTI COMMUNITY AGENCY, INC",,2025,2025-02-10,"Firewall Service, Components, and Necessary Software and Licenses",Internal Connections,https://publicdata.usac.org/SL/Prd/Form470/400694/250021082/Original/USAC_FCC_FORM_470_APPLICATION_250021082_CERTIFIED.pdf,https://publicdata.usac.org/SL/Prd/Form470/400694/250021082/16055616%20Lincoln%20Marti%20Community%20Agency%20C2%20RFP%20and%20Bidding%20Instructions%20FY25.pdf
250021315,127706,SCHOOL BOARD OF INDIAN RIVER,School District of Indian River County,2025,2025-02-11,Firewall Service and Components,Basic Maintenance of Internal Connections,https://publicdata.usac.org/SL/Prd/Form470/334870/250021315/Current/USAC_FCC_FORM_470_APPLICATION_250021315_CERTIFIED.pdf,https://publicdata.usac.org/SL/Prd/Form470/334870/250021315/IndianRiver_CAT2_Requests.xlsx
250021315,127706,SCHOOL BOARD OF INDIAN RIVER,School District of Indian River County,2025,2025-02-11,Firewall Service and Components,Basic Maintenance of Internal Connections,https://publicdata.usac.org/SL/Prd/Form470/334870/250021315/Current/USAC_FCC_FORM_470_APPLICATION_250021315_CERTIFIED.pdf,https://publicdata.usac.org/SL/Prd/Form470/334870/250021315/Indian%20River%20County%20School%20District%20Network%20Electronics%20and%20Licenses%20Basic%20Maintenance%20Addendum1.pdf
250021315,127706,SCHOOL BOARD OF INDIAN RIVER,School District of Indian River County,2025,2025-02-11,Firewall Service and Components,Basic Maintenance of Internal Connections,https://publicdata.usac.org/SL/Prd/Form470/334870/250021315/Current/USAC_FCC_FORM_470_APPLICATION_250021315_CERTIFIED.pdf,https://publicdata.usac.org/SL/Prd/Form470/334870/250021315/Indian%20River%20County%20School%20District%20Network%20Electronics%20and%20Licenses%20Basic%20Maintenance%20Addendum1.pdf
250021315,127706,SCHOOL BOARD OF INDIAN RIVER,School District of Indian River County,2025,2025-02-11,Firewall Service and Components,Basic Maintenance of Internal Connections,https://publicdata.usac.org/SL/Prd/Form470/334870/250021315/Current/USAC_FCC_FORM_470_APPLICATION_250021315_CERTIFIED.pdf,https://publicdata.usac.org/SL/Prd/Form470/334870/250021315/IndianRiver_CAT2_Requests.xlsx
250021315,127706,SCHOOL BOARD OF INDIAN RIVER,School District of Indian River County,2025,2025-02-11,Firewall Service and Components,Basic Maintenance of Internal Connections,https://publicdata.usac.org/SL/Prd/Form470/334870/250021315/Current/USAC_FCC_FORM_470_APPLICATION_250021315_CERTIFIED.pdf,https://publicdata.usac.org/SL/Prd/Form470/334870/250021315/Category%20Two%20Basic%20Maintenance%20of%20Internal%20Connections%20Version%2021.0.xlsm
250021315,127706,SCHOOL BOARD OF INDIAN RIVER,School District of Indian River County,2025,2025-02-11,Firewall Service and Components,Basic Maintenance of Internal Connections,https://publicdata.usac.org/SL/Prd/Form470/334870/250021315/Current/USAC_FCC_FORM_470_APPLICATION_250021315_CERTIFIED.pdf,https://publicdata.usac.org/SL/Prd/Form470/334870/250021315/Category%20Two%20Internal%20Connections%20Version%2021.0%201.xlsm
250021315,127706,SCHOOL BOARD OF INDIAN RIVER,School District of Indian River County,2025,2025-02-11,Firewall Service and Components,Basic Maintenance of Internal Connections,https://publicdata.usac.org/SL/Prd/Form470/334870/250021315/Current/USAC_FCC_FORM_470_APPLICATION_250021315_CERTIFIED.pdf,https://publicdata.usac.org/SL/Prd/Form470/334870/250021315/Category%20Two%20Basic%20Maintenance%20of%20Internal%20Connections%20Version%2021.0.xlsm
250021315,127706,SCHOOL BOARD OF INDIAN RIVER,School District of Indian River County,2025,2025-02-11,Firewall Service and Components,Basic Maintenance of Internal Connections,https://publicdata.usac.org/SL/Prd/Form470/334870/250021315/Current/USAC_FCC_FORM_470_APPLICATION_250021315_CERTIFIED.pdf,https://publicdata.usac.org/SL/Prd/Form470/334870/250021315/Category%20Two%20Internal%20Connections%20Version%2021.0%201.xlsm
250022655,16071501,"SUNSHINE CHARTER ACADEMY OF BROWARD, INC. DBA SUNED HIGH SCHOOL",,2025,2025-02-17,Firewall Service and Components,Basic Maintenance of Internal Connections,https://publicdata.usac.org/SL/Prd/Form470/396405/250022655/Original/USAC_FCC_FORM_470_APPLICATION_250022655_CERTIFIED.pdf,
250022655,16071501,"SUNSHINE CHARTER ACADEMY OF BROWARD, INC. DBA SUNED HIGH SCHOOL",,2025,2025-02-17,"Firewall Service, Components, and Necessary Software and Licenses",Internal Connections,https://publicdata.usac.org/SL/Prd/Form470/396405/250022655/Original/USAC_FCC_FORM_470_APPLICATION_250022655_CERTIFIED.pdf,
250022691,16062480,LAKE WALES CHARTER SCHOOLS,,2025,2025-02-19,"Firewall Service, Components, and Necessary Software and Licenses",Internal Connections,https://publicdata.usac.org/SL/Prd/Form470/391757/250022691/Original/USAC_FCC_FORM_470_APPLICATION_250022691_CERTIFIED.pdf,
250023932,16056854,CHARTER SCHOOLS USA,,2025,2025-02-22,"Firewall Service, Components, and Necessary Software and Licenses",Internal Connections,https://publicdata.usac.org/SL/Prd/Form470/401600/250023932/Original/USAC_FCC_FORM_470_APPLICATION_250023932_CERTIFIED.pdf,https://publicdata.usac.org/SL/Prd/Form470/401600/250023932/RFP%20CSUSA%20CAT%202%20NEW%20SCHOOLS%202025_Part2.xlsx
250024759,16050397,CHILDRENS EDUCATIONAL SERVICES,,2025,2025-02-24,"Firewall Service, Components, and Necessary Software and Licenses",Internal Connections,https://publicdata.usac.org/SL/Prd/Form470/384899/250024759/Original/USAC_FCC_FORM_470_APPLICATION_250024759_CERTIFIED.pdf,
250024775,16051836,"CENTRO MATER CHILD CARE SERVICES, INC.",,2025,2025-02-24,"Firewall Service, Components, and Necessary Software and Licenses",Internal Connections,https://publicdata.usac.org/SL/Prd/Form470/401494/250024775/Original/USAC_FCC_FORM_470_APPLICATION_250024775_CERTIFIED.pdf,
250024775,16051836,"CENTRO MATER CHILD CARE SERVICES, INC.",,2025,2025-02-24,Firewall Service and Components,Basic Maintenance of Internal Connections,https://publicdata.usac.org/SL/Prd/Form470/401494/250024775/Original/USAC_FCC_FORM_470_APPLICATION_250024775_CERTIFIED.pdf,
250025350,16040448,FAMILY CHRISTIAN ASSOCIATION OF AMERICA,,2025,2025-02-25,Firewall Service and Components,Basic Maintenance of Internal Connections,https://publicdata.usac.org/SL/Prd/Form470/401138/250025350/Original/USAC_FCC_FORM_470_APPLICATION_250025350_CERTIFIED.pdf,
250025350,16040448,FAMILY CHRISTIAN ASSOCIATION OF AMERICA,,2025,2025-02-25,"Firewall Service, Components, and Necessary Software and Licenses",Internal Connections,https://publicdata.usac.org/SL/Prd/Form470/401138/250025350/Original/USAC_FCC_FORM_470_APPLICATION_250025350_CERTIFIED.pdf,
250025360,16038657,NEW TESTAMENT BAPTIST CHURCH,,2025,2025-02-25,Firewall Service and Components,Basic Maintenance of Internal Connections,https://publicdata.usac.org/SL/Prd/Form470/378953/250025360/Original/USAC_FCC_FORM_470_APPLICATION_250025360_CERTIFIED.pdf,https://publicdata.usac.org/SL/Prd/Form470/378953/250025360/2025%20Cat%202%20FCC%20470%20Vendor%20Bidding%20Instructions.pdf
250025360,16038657,NEW TESTAMENT BAPTIST CHURCH,,2025,2025-02-25,Firewall Service and Components,Basic Maintenance of Internal Connections,https://publicdata.usac.org/SL/Prd/Form470/378953/250025360/Original/USAC_FCC_FORM_470_APPLICATION_250025360_CERTIFIED.pdf,https://publicdata.usac.org/SL/Prd/Form470/378953/250025360/2025%20NTBC%20CAT%202%20RFP.pdf
250025360,16038657,NEW TESTAMENT BAPTIST CHURCH,,2025,2025-02-25,"Firewall Service, Components, and Necessary Software and Licenses",Internal Connections,https://publicdata.usac.org/SL/Prd/Form470/378953/250025360/Original/USAC_FCC_FORM_470_APPLICATION_250025360_CERTIFIED.pdf,https://publicdata.usac.org/SL/Prd/Form470/378953/250025360/2025%20Cat%202%20FCC%20470%20Vendor%20Bidding%20Instructions.pdf
250025360,16038657,NEW TESTAMENT BAPTIST CHURCH,,2025,2025-02-25,"Firewall Service, Components, and Necessary Software and Licenses",Internal Connections,https://publicdata.usac.org/SL/Prd/Form470/378953/250025360/Original/USAC_FCC_FORM_470_APPLICATION_250025360_CERTIFIED.pdf,https://publicdata.usac.org/SL/Prd/Form470/378953/250025360/2025%20NTBC%20CAT%202%20RFP.pdf
250025421,16051277,"Haitian Youth and Community Center of Florida, Inc.",,2025,2025-02-26,Firewall Service and Components,Basic Maintenance of Internal Connections,https://publicdata.usac.org/SL/Prd/Form470/385396/250025421/Current/USAC_FCC_FORM_470_APPLICATION_250025421_CERTIFIED.pdf,https://publicdata.usac.org/SL/Prd/Form470/385396/250025421/2025%20HYCCF%20CAT%202%20RFP.pdf
250025421,16051277,"Haitian Youth and Community Center of Florida, Inc.",,2025,2025-02-26,"Firewall Service, Components, and Necessary Software and Licenses",Internal Connections,https://publicdata.usac.org/SL/Prd/Form470/385396/250025421/Current/USAC_FCC_FORM_470_APPLICATION_250025421_CERTIFIED.pdf,https://publicdata.usac.org/SL/Prd/Form470/385396/250025421/2025%20Cat%202%20FCC%20470%20Vendor%20Bidding%20Instructions.pdf
250025421,16051277,"Haitian Youth and Community Center of Florida, Inc.",,2025,2025-02-26,"Firewall Service, Components, and Necessary Software and Licenses",Internal Connections,https://publicdata.usac.org/SL/Prd/Form470/385396/250025421/Current/USAC_FCC_FORM_470_APPLICATION_250025421_CERTIFIED.pdf,https://publicdata.usac.org/SL/Prd/Form470/385396/250025421/2025%20HYCCF%20CAT%202%20RFP.pdf
250025421,16051277,"Haitian Youth and Community Center of Florida, Inc.",,2025,2025-02-26,Firewall Service and Components,Basic Maintenance of Internal Connections,https://publicdata.usac.org/SL/Prd/Form470/385396/250025421/Current/USAC_FCC_FORM_470_APPLICATION_250025421_CERTIFIED.pdf,https://publicdata.usac.org/SL/Prd/Form470/385396/250025421/2025%20Cat%202%20FCC%20470%20Vendor%20Bidding%20Instructions.pdf
250025980,17027927,Individual Education Plan Academy Inc.,,2025,2025-02-26,"Firewall Service, Components, and Necessary Software and Licenses",Internal Connections,https://publicdata.usac.org/SL/Prd/Form470/17027927/250025980/Original/USAC_FCC_FORM_470_APPLICATION_250025980_CERTIFIED.pdf,
250025980,17027927,Individual Education Plan Academy Inc.,,2025,2025-02-26,Firewall Service and Components,Basic Maintenance of Internal Connections,https://publicdata.usac.org/SL/Prd/Form470/17027927/250025980/Original/USAC_FCC_FORM_470_APPLICATION_250025980_CERTIFIED.pdf,
250026520,17028956,Tree of Knowledge Learning Academy,,2025,2025-03-25,"Firewall Service, Components, and Necessary Software and Licenses",Internal Connections,https://publicdata.usac.org/SL/Prd/Form470/17028956/250026520/Original/USAC_FCC_FORM_470_APPLICATION_250026520_CERTIFIED.pdf,
250026520,17028956,Tree of Knowledge Learning Academy,,2025,2025-03-25,Firewall Service and Components,Basic Maintenance of Internal Connections,https://publicdata.usac.org/SL/Prd/Form470/17028956/250026520/Original/USAC_FCC_FORM_470_APPLICATION_250026520_CERTIFIED.pdf,
260001055,127681,ORANGE COUNTY SCHOOL DISTRICT,Orange County Public Schools,2026,2025-09-10,Firewall Service and Components,Basic Maintenance of Internal Connections,https://publicdata.usac.org/SL/Prd/Form470/334845/260001055/Current/USAC_FCC_FORM_470_APPLICATION_260001055_CERTIFIED.pdf,https://publicdata.usac.org/SL/Prd/Form470/334845/260001055/OC24_RFP_Meraki%20Enterprise%20License%20Agreement%20Addendum%202%20_SIGNED.pdf
260001055,127681,ORANGE COUNTY SCHOOL DISTRICT,Orange County Public Schools,2026,2025-09-10,Firewall Service and Components,Basic Maintenance of Internal Connections,https://publicdata.usac.org/SL/Prd/Form470/334845/260001055/Current/USAC_FCC_FORM_470_APPLICATION_260001055_CERTIFIED.pdf,https://publicdata.usac.org/SL/Prd/Form470/334845/260001055/OC26_RFP_D%20Bid%20Price%20Sheet%20%20_%20Exhibit%20H%20Final%20MW%208.27.25.xlsx
260001055,127681,ORANGE COUNTY SCHOOL DISTRICT,Orange County Public Schools,2026,2025-09-10,Firewall Service and Components,Basic Maintenance of Internal Connections,https://publicdata.usac.org/SL/Prd/Form470/334845/260001055/Current/USAC_FCC_FORM_470_APPLICATION_260001055_CERTIFIED.pdf,https://publicdata.usac.org/SL/Prd/Form470/334845/260001055/OC26_RFP_I%20ITB25052%20Meraki%20Enterprise%20License%20Addendum%20SIGNED.pdf
260001055,127681,ORANGE COUNTY SCHOOL DISTRICT,Orange County Public Schools,2026,2025-09-10,Firewall Service and Components,Basic Maintenance of Internal Connections,https://publicdata.usac.org/SL/Prd/Form470/334845/260001055/Current/USAC_FCC_FORM_470_APPLICATION_260001055_CERTIFIED.pdf,https://publicdata.usac.org/SL/Prd/Form470/334845/260001055/OC26_RFP_D%20ITB25052%20Meraki%20Enterprise%20License%20Agreement%20ITB%20Final%20MW%208.27.25.docx
260001055,127681,ORANGE COUNTY SCHOOL DISTRICT,Orange County Public Schools,2026,2025-09-10,"Firewall Service, Components, and Necessary Software and Licenses",Internal Connections,https://publicdata.usac.org/SL/Prd/Form470/334845/260001055/Current/USAC_FCC_FORM_470_APPLICATION_260001055_CERTIFIED.pdf,https://publicdata.usac.org/SL/Prd/Form470/334845/260001055/OC24_RFP_Meraki%20Enterprise%20License%20Agreement%20Addendum%202%20_SIGNED.pdf
260001055,127681,ORANGE COUNTY SCHOOL DISTRICT,Orange County Public Schools,2026,2025-09-10,"Firewall Service, Components, and Necessary Software and Licenses",Internal Connections,https://publicdata.usac.org/SL/Prd/Form470/334845/260001055/Current/USAC_FCC_FORM_470_APPLICATION_260001055_CERTIFIED.pdf,https://publicdata.usac.org/SL/Prd/Form470/334845/260001055/OC26_RFP_D%20Bid%20Price%20Sheet%20%20_%20Exhibit%20H%20Final%20MW%208.27.25.xlsx
260001055,127681,ORANGE COUNTY SCHOOL DISTRICT,Orange County Public Schools,2026,2025-09-10,"Firewall Service, Components, and Necessary Software and Licenses",Internal Connections,https://publicdata.usac.org/SL/Prd/Form470/334845/260001055/Current/USAC_FCC_FORM_470_APPLICATION_260001055_CERTIFIED.pdf,https://publicdata.usac.org/SL/Prd/Form470/334845/260001055/OC26_RFP_D%20ITB25052%20Meraki%20Enterprise%20License%20Agreement%20ITB%20Final%20MW%208.27.25.docx
260001055,127681,ORANGE COUNTY SCHOOL DISTRICT,Orange County Public Schools,2026,2025-09-10,"Firewall Service, Components, and Necessary Software and Licenses",Internal Connections,https://publicdata.usac.org/SL/Prd/Form470/334845/260001055/Current/USAC_FCC_FORM_470_APPLICATION_260001055_CERTIFIED.pdf,https://publicdata.usac.org/SL/Prd/Form470/334845/260001055/OC26_RFP_I%20ITB25052%20Meraki%20Enterprise%20License%20Addendum%20SIGNED.pdf
260000773,127832,LEE COUNTY SCHOOL DISTRICT,School District of Lee County,2026,2025-09-18,Firewall Service and Components,Basic Maintenance of Internal Connections,https://publicdata.usac.org/SL/Prd/Form470/334986/260000773/Original/USAC_FCC_FORM_470_APPLICATION_260000773_CERTIFIED.pdf,https://publicdata.usac.org/SL/Prd/Form470/334986/260000773/02.%20Proposal%20Response%20Form.xlsx
260000773,127832,LEE COUNTY SCHOOL DISTRICT,School District of Lee County,2026,2025-09-18,Firewall Service and Components,Basic Maintenance of Internal Connections,https://publicdata.usac.org/SL/Prd/Form470/334986/260000773/Original/USAC_FCC_FORM_470_APPLICATION_260000773_CERTIFIED.pdf,https://publicdata.usac.org/SL/Prd/Form470/334986/260000773/03.%20Fillable%20Forms.pdf
260000773,127832,LEE COUNTY SCHOOL DISTRICT,School District of Lee County,2026,2025-09-18,"Firewall Service, Components, and Necessary Software and Licenses",Internal Connections,https://publicdata.usac.org/SL/Prd/Form470/334986/260000773/Original/USAC_FCC_FORM_470_APPLICATION_260000773_CERTIFIED.pdf,https://publicdata.usac.org/SL/Prd/Form470/334986/260000773/01.%20ITN%20No.%20N257512DO.pdf
260000773,127832,LEE COUNTY SCHOOL DISTRICT,School District of Lee County,2026,2025-09-18,"Firewall Service, Components, and Necessary Software and Licenses",Internal Connections,https://publicdata.usac.org/SL/Prd/Form470/334986/260000773/Original/USAC_FCC_FORM_470_APPLICATION_260000773_CERTIFIED.pdf,https://publicdata.usac.org/SL/Prd/Form470/334986/260000773/02.%20Proposal%20Response%20Form.xlsx
260000773,127832,LEE COUNTY SCHOOL DISTRICT,School District of Lee County,2026,2025-09-18,"Firewall Service, Components, and Necessary Software and Licenses",Internal Connections,https://publicdata.usac.org/SL/Prd/Form470/334986/260000773/Original/USAC_FCC_FORM_470_APPLICATION_260000773_CERTIFIED.pdf,https://publicdata.usac.org/SL/Prd/Form470/334986/260000773/03.%20Fillable%20Forms.pdf
260000773,127832,LEE COUNTY SCHOOL DISTRICT,School District of Lee County,2026,2025-09-18,Firewall Service and Components,Basic Maintenance of Internal Connections,https://publicdata.usac.org/SL/Prd/Form470/334986/260000773/Original/USAC_FCC_FORM_470_APPLICATION_260000773_CERTIFIED.pdf,https://publicdata.usac.org/SL/Prd/Form470/334986/260000773/01.%20ITN%20No.%20N257512DO.pdf
260004891,127892,ST LUCIE COUNTY SCHOOL DIST,St. Lucie Public Schools,2026,2025-11-05,Firewall Service and Components,Basic Maintenance of Internal Connections,https://publicdata.usac.org/EPC/Prd/Form470/260004891/127892/20641592-USAC_FCC_FORM_470_APPLICATION_260004891_CERTIFIED.pdf,https://publicdata.usac.org/EPC/Prd/Form470/260004891/127892/20570676-RFP%2026_06E%20Public%20Meeting%20Notice.pdf
260004891,127892,ST LUCIE COUNTY SCHOOL DIST,St. Lucie Public Schools,2026,2025-11-05,Firewall Service and Components,Basic Maintenance of Internal Connections,https://publicdata.usac.org/EPC/Prd/Form470/260004891/127892/20641592-USAC_FCC_FORM_470_APPLICATION_260004891_CERTIFIED.pdf,https://publicdata.usac.org/EPC/Prd/Form470/260004891/127892/20570692-RFP%2026_06E%20Wired%20Inventory%20Exhibit%201%20.xlsx
260004891,127892,ST LUCIE COUNTY SCHOOL DIST,St. Lucie Public Schools,2026,2025-11-05,"Firewall Service, Components, and Necessary Software and Licenses",Internal Connections,https://publicdata.usac.org/EPC/Prd/Form470/260004891/127892/20641592-USAC_FCC_FORM_470_APPLICATION_260004891_CERTIFIED.pdf,https://publicdata.usac.org/EPC/Prd/Form470/260004891/127892/20570674-RFP%2026_06E%20Wired%20Network%20Hardware.pdf
260004891,127892,ST LUCIE COUNTY SCHOOL DIST,St. Lucie Public Schools,2026,2025-11-05,Firewall Service and Components,Basic Maintenance of Internal Connections,https://publicdata.usac.org/EPC/Prd/Form470/260004891/127892/20641592-USAC_FCC_FORM_470_APPLICATION_260004891_CERTIFIED.pdf,https://publicdata.usac.org/EPC/Prd/Form470/260004891/127892/20641590-RFP%2026_06E%20Addendum%201.pdf
260004891,127892,ST LUCIE COUNTY SCHOOL DIST,St. Lucie Public Schools,2026,2025-11-05,Firewall Service and Components,Basic Maintenance of Internal Connections,https://publicdata.usac.org/EPC/Prd/Form470/260004891/127892/20641592-USAC_FCC_FORM_470_APPLICATION_260004891_CERTIFIED.pdf,https://publicdata.usac.org/EPC/Prd/Form470/260004891/127892/20570691-RFP%2026_06E%20Public%20Meeting%20Notice%20_%20Evaluation%20Mtg.pdf
260004891,127892,ST LUCIE COUNTY SCHOOL DIST,St. Lucie Public Schools,2026,2025-11-05,Firewall Service and Components,Basic Maintenance of Internal Connections,https://publicdata.usac.org/EPC/Prd/Form470/260004891/127892/20641592-USAC_FCC_FORM_470_APPLICATION_260004891_CERTIFIED.pdf,https://publicdata.usac.org/EPC/Prd/Form470/260004891/127892/20570674-RFP%2026_06E%20Wired%20Network%20Hardware.pdf
260004891,127892,ST LUCIE COUNTY SCHOOL DIST,St. Lucie Public Schools,2026,2025-11-05,"Firewall Service, Components, and Necessary Software and Licenses",Internal Connections,https://publicdata.usac.org/EPC/Prd/Form470/260004891/127892/20641592-USAC_FCC_FORM_470_APPLICATION_260004891_CERTIFIED.pdf,https://publicdata.usac.org/EPC/Prd/Form470/260004891/127892/20641590-RFP%2026_06E%20Addendum%201.pdf
260004891,127892,ST LUCIE COUNTY SCHOOL DIST,St. Lucie Public Schools,2026,2025-11-05,"Firewall Service, Components, and Necessary Software and Licenses",Internal Connections,https://publicdata.usac.org/EPC/Prd/Form470/260004891/127892/20641592-USAC_FCC_FORM_470_APPLICATION_260004891_CERTIFIED.pdf,https://publicdata.usac.org/EPC/Prd/Form470/260004891/127892/20570691-RFP%2026_06E%20Public%20Meeting%20Notice%20_%20Evaluation%20Mtg.pdf
260004891,127892,ST LUCIE COUNTY SCHOOL DIST,St. Lucie Public Schools,2026,2025-11-05,"Firewall Service, Components, and Necessary Software and Licenses",Internal Connections,https://publicdata.usac.org/EPC/Prd/Form470/260004891/127892/20641592-USAC_FCC_FORM_470_APPLICATION_260004891_CERTIFIED.pdf,https://publicdata.usac.org/EPC/Prd/Form470/260004891/127892/20570676-RFP%2026_06E%20Public%20Meeting%20Notice.pdf
260004891,127892,ST LUCIE COUNTY SCHOOL DIST,St. Lucie Public Schools,2026,2025-11-05,"Firewall Service, Components, and Necessary Software and Licenses",Internal Connections,https://publicdata.usac.org/EPC/Prd/Form470/260004891/127892/20641592-USAC_FCC_FORM_470_APPLICATION_260004891_CERTIFIED.pdf,https://publicdata.usac.org/EPC/Prd/Form470/260004891/127892/20570692-RFP%2026_06E%20Wired%20Inventory%20Exhibit%201%20.xlsx
260006591,17002462,DIOCESE OF ORLANDO OFFICE OF CATHOLIC SCHOOLS,,2026,2025-11-18,Firewall Service and Components,Basic Maintenance of Internal Connections,https://publicdata.usac.org/EPC/Prd/Form470/260006591/17002462/20626043-USAC_FCC_FORM_470_APPLICATION_260006591_CERTIFIED.pdf,
260006591,17002462,DIOCESE OF ORLANDO OFFICE OF CATHOLIC SCHOOLS,,2026,2025-11-18,"Firewall Service, Components, and Necessary Software and Licenses",Internal Connections,https://publicdata.usac.org/EPC/Prd/Form470/260006591/17002462/20626043-USAC_FCC_FORM_470_APPLICATION_260006591_CERTIFIED.pdf,
260006834,16051551,"COMMUNITY ACTION PROGRAM COMMITTEE, INC.",,2026,2025-11-19,"Firewall Service, Components, and Necessary Software and Licenses",Internal Connections,https://publicdata.usac.org/EPC/Prd/Form470/260006834/16051551/20635436-USAC_FCC_FORM_470_APPLICATION_260006834_CERTIFIED.pdf,
260006834,16051551,"COMMUNITY ACTION PROGRAM COMMITTEE, INC.",,2026,2025-11-19,Firewall Service and Components,Basic Maintenance of Internal Connections,https://publicdata.usac.org/EPC/Prd/Form470/260006834/16051551/20635436-USAC_FCC_FORM_470_APPLICATION_260006834_CERTIFIED.pdf,
260006411,127671,SEMINOLE COUNTY SCHOOL DIST,Seminole County Public Schools,2026,2025-11-21,"Firewall Service, Components, and Necessary Software and Licenses",Internal Connections,https://publicdata.usac.org/EPC/Prd/Form470/260006411/127671/20666555-USAC_FCC_FORM_470_APPLICATION_260006411_CERTIFIED.pdf,https://publicdata.usac.org/EPC/Prd/Form470/260006411/127671/20643420-25260036N%20AZ%20ITN%20Document.pdf
260006411,127671,SEMINOLE COUNTY SCHOOL DIST,Seminole County Public Schools,2026,2025-11-21,"Firewall Service, Components, and Necessary Software and Licenses",Internal Connections,https://publicdata.usac.org/EPC/Prd/Form470/260006411/127671/20666555-USAC_FCC_FORM_470_APPLICATION_260006411_CERTIFIED.pdf,https://publicdata.usac.org/EPC/Prd/Form470/260006411/127671/20643423-25260036N%20AZ%20Addendum%201.pdf
260006411,127671,SEMINOLE COUNTY SCHOOL DIST,Seminole County Public Schools,2026,2025-11-21,"Firewall Service, Components, and Necessary Software and Licenses",Internal Connections,https://publicdata.usac.org/EPC/Prd/Form470/260006411/127671/20666555-USAC_FCC_FORM_470_APPLICATION_260006411_CERTIFIED.pdf,https://publicdata.usac.org/EPC/Prd/Form470/260006411/127671/20666542-25260036N%20AZ%20Addendum%202.pdf
260006411,127671,SEMINOLE COUNTY SCHOOL DIST,Seminole County Public Schools,2026,2025-11-21,"Firewall Service, Components, and Necessary Software and Licenses",Internal Connections,https://publicdata.usac.org/EPC/Prd/Form470/260006411/127671/20666555-USAC_FCC_FORM_470_APPLICATION_260006411_CERTIFIED.pdf,https://publicdata.usac.org/EPC/Prd/Form470/260006411/127671/20643425-Category%20Two%20Basic%20Maintenance%20of%20Internal%20Connections%20Version%2021.0.xlsm
260006411,127671,SEMINOLE COUNTY SCHOOL DIST,Seminole County Public Schools,2026,2025-11-21,"Firewall Service, Components, and Necessary Software and Licenses",Internal Connections,https://publicdata.usac.org/EPC/Prd/Form470/260006411/127671/20666555-USAC_FCC_FORM_470_APPLICATION_260006411_CERTIFIED.pdf,https://publicdata.usac.org/EPC/Prd/Form470/260006411/127671/20643424-Category%20Two%20Internal%20Connections%20Version%2021.0.xlsm
260006411,127671,SEMINOLE COUNTY SCHOOL DIST,Seminole County Public Schools,2026,2025-11-21,"Firewall Service, Components, and Necessary Software and Licenses",Internal Connections,https://publicdata.usac.org/EPC/Prd/Form470/260006411/127671/20666555-USAC_FCC_FORM_470_APPLICATION_260006411_CERTIFIED.pdf,https://publicdata.usac.org/EPC/Prd/Form470/260006411/127671/20643421-Exhibit%20B%20Price%20Schedule%20v2.xlsx
260006411,127671,SEMINOLE COUNTY SCHOOL DIST,Seminole County Public Schools,2026,2025-11-21,"Firewall Service, Components, and Necessary Software and Licenses",Internal Connections,https://publicdata.usac.org/EPC/Prd/Form470/260006411/127671/20666555-USAC_FCC_FORM_470_APPLICATION_260006411_CERTIFIED.pdf,https://publicdata.usac.org/EPC/Prd/Form470/260006411/127671/20643422-Exhibit%20L%20DRAFT%20Service%20Agreement.pdf
260006411,127671,SEMINOLE COUNTY SCHOOL DIST,Seminole County Public Schools,2026,2025-11-21,Firewall Service and Components,Basic Maintenance of Internal Connections,https://publicdata.usac.org/EPC/Prd/Form470/260006411/127671/20666555-USAC_FCC_FORM_470_APPLICATION_260006411_CERTIFIED.pdf,https://publicdata.usac.org/EPC/Prd/Form470/260006411/127671/20643423-25260036N%20AZ%20Addendum%201.pdf
260006411,127671,SEMINOLE COUNTY SCHOOL DIST,Seminole County Public Schools,2026,2025-11-21,Firewall Service and Components,Basic Maintenance of Internal Connections,https://publicdata.usac.org/EPC/Prd/Form470/260006411/127671/20666555-USAC_FCC_FORM_470_APPLICATION_260006411_CERTIFIED.pdf,https://publicdata.usac.org/EPC/Prd/Form470/260006411/127671/20666542-25260036N%20AZ%20Addendum%202.pdf
260006411,127671,SEMINOLE COUNTY SCHOOL DIST,Seminole County Public Schools,2026,2025-11-21,Firewall Service and Components,Basic Maintenance of Internal Connections,https://publicdata.usac.org/EPC/Prd/Form470/260006411/127671/20666555-USAC_FCC_FORM_470_APPLICATION_260006411_CERTIFIED.pdf,https://publicdata.usac.org/EPC/Prd/Form470/260006411/127671/20643420-25260036N%20AZ%20ITN%20Document.pdf
260006411,127671,SEMINOLE COUNTY SCHOOL DIST,Seminole County Public Schools,2026,2025-11-21,"Firewall Service, Components, and Necessary Software and Licenses",Internal Connections,https://publicdata.usac.org/EPC/Prd/Form470/260006411/127671/20666555-USAC_FCC_FORM_470_APPLICATION_260006411_CERTIFIED.pdf,https://publicdata.usac.org/EPC/Prd/Form470/260006411/127671/20643420-25260036N%20AZ%20ITN%20Document.pdf
260006411,127671,SEMINOLE COUNTY SCHOOL DIST,Seminole County Public Schools,2026,2025-11-21,Firewall Service and Components,Basic Maintenance of Internal Connections,https://publicdata.usac.org/EPC/Prd/Form470/260006411/127671/20666555-USAC_FCC_FORM_470_APPLICATION_260006411_CERTIFIED.pdf,https://publicdata.usac.org/EPC/Prd/Form470/260006411/127671/20643425-Category%20Two%20Basic%20Maintenance%20of%20Internal%20Connections%20Version%2021.0.xlsm
260006411,127671,SEMINOLE COUNTY SCHOOL DIST,Seminole County Public Schools,2026,2025-11-21,Firewall Service and Components,Basic Maintenance of Internal Connections,https://publicdata.usac.org/EPC/Prd/Form470/260006411/127671/20666555-USAC_FCC_FORM_470_APPLICATION_260006411_CERTIFIED.pdf,https://publicdata.usac.org/EPC/Prd/Form470/260006411/127671/20643424-Category%20Two%20Internal%20Connections%20Version%2021.0.xlsm
260006411,127671,SEMINOLE COUNTY SCHOOL DIST,Seminole County Public Schools,2026,2025-11-21,Firewall Service and Components,Basic Maintenance of Internal Connections,https://publicdata.usac.org/EPC/Prd/Form470/260006411/127671/20666555-USAC_FCC_FORM_470_APPLICATION_260006411_CERTIFIED.pdf,https://publicdata.usac.org/EPC/Prd/Form470/260006411/127671/20643421-Exhibit%20B%20Price%20Schedule%20v2.xlsx
260006411,127671,SEMINOLE COUNTY SCHOOL DIST,Seminole County Public Schools,2026,2025-11-21,Firewall Service and Components,Basic Maintenance of Internal Connections,https://publicdata.usac.org/EPC/Prd/Form470/260006411/127671/20666555-USAC_FCC_FORM_470_APPLICATION_260006411_CERTIFIED.pdf,https://publicdata.usac.org/EPC/Prd/Form470/260006411/127671/20643422-Exhibit%20L%20DRAFT%20Service%20Agreement.pdf
260006411,127671,SEMINOLE COUNTY SCHOOL DIST,Seminole County Public Schools,2026,2025-11-21,"Firewall Service, Components, and Necessary Software and Licenses",Internal Connections,https://publicdata.usac.org/EPC/Prd/Form470/260006411/127671/20666555-USAC_FCC_FORM_470_APPLICATION_260006411_CERTIFIED.pdf,https://publicdata.usac.org/EPC/Prd/Form470/260006411/127671/20643423-25260036N%20AZ%20Addendum%201.pdf
260006411,127671,SEMINOLE COUNTY SCHOOL DIST,Seminole County Public Schools,2026,2025-11-21,"Firewall Service, Components, and Necessary Software and Licenses",Internal Connections,https://publicdata.usac.org/EPC/Prd/Form470/260006411/127671/20666555-USAC_FCC_FORM_470_APPLICATION_260006411_CERTIFIED.pdf,https://publicdata.usac.org/EPC/Prd/Form470/260006411/127671/20666542-25260036N%20AZ%20Addendum%202.pdf
260006411,127671,SEMINOLE COUNTY SCHOOL DIST,Seminole County Public Schools,2026,2025-11-21,"Firewall Service, Components, and Necessary Software and Licenses",Internal Connections,https://publicdata.usac.org/EPC/Prd/Form470/260006411/127671/20666555-USAC_FCC_FORM_470_APPLICATION_260006411_CERTIFIED.pdf,https://publicdata.usac.org/EPC/Prd/Form470/260006411/127671/20643425-Category%20Two%20Basic%20Maintenance%20of%20Internal%20Connections%20Version%2021.0.xlsm
260006411,127671,SEMINOLE COUNTY SCHOOL DIST,Seminole County Public Schools,2026,2025-11-21,"Firewall Service, Components, and Necessary Software and Licenses",Internal Connections,https://publicdata.usac.org/EPC/Prd/Form470/260006411/127671/20666555-USAC_FCC_FORM_470_APPLICATION_260006411_CERTIFIED.pdf,https://publicdata.usac.org/EPC/Prd/Form470/260006411/127671/20643424-Category%20Two%20Internal%20Connections%20Version%2021.0.xlsm
260006411,127671,SEMINOLE COUNTY SCHOOL DIST,Seminole County Public Schools,2026,2025-11-21,"Firewall Service, Components, and Necessary Software and Licenses",Internal Connections,https://publicdata.usac.org/EPC/Prd/Form470/260006411/127671/20666555-USAC_FCC_FORM_470_APPLICATION_260006411_CERTIFIED.pdf,https://publicdata.usac.org/EPC/Prd/Form470/260006411/127671/20643421-Exhibit%20B%20Price%20Schedule%20v2.xlsx
260006411,127671,SEMINOLE COUNTY SCHOOL DIST,Seminole County Public Schools,2026,2025-11-21,"Firewall Service, Components, and Necessary Software and Licenses",Internal Connections,https://publicdata.usac.org/EPC/Prd/Form470/260006411/127671/20666555-USAC_FCC_FORM_470_APPLICATION_260006411_CERTIFIED.pdf,https://publicdata.usac.org/EPC/Prd/Form470/260006411/127671/20643422-Exhibit%20L%20DRAFT%20Service%20Agreement.pdf
260006411,127671,SEMINOLE COUNTY SCHOOL DIST,Seminole County Public Schools,2026,2025-11-21,Firewall Service and Components,Basic Maintenance of Internal Connections,https://publicdata.usac.org/EPC/Prd/Form470/260006411/127671/20666555-USAC_FCC_FORM_470_APPLICATION_260006411_CERTIFIED.pdf,https://publicdata.usac.org/EPC/Prd/Form470/260006411/127671/20643423-25260036N%20AZ%20Addendum%201.pdf
260006411,127671,SEMINOLE COUNTY SCHOOL DIST,Seminole County Public Schools,2026,2025-11-21,Firewall Service and Components,Basic Maintenance of Internal Connections,https://publicdata.usac.org/EPC/Prd/Form470/260006411/127671/20666555-USAC_FCC_FORM_470_APPLICATION_260006411_CERTIFIED.pdf,https://publicdata.usac.org/EPC/Prd/Form470/260006411/127671/20666542-25260036N%20AZ%20Addendum%202.pdf
260006411,127671,SEMINOLE COUNTY SCHOOL DIST,Seminole County Public Schools,2026,2025-11-21,Firewall Service and Components,Basic Maintenance of Internal Connections,https://publicdata.usac.org/EPC/Prd/Form470/260006411/127671/20666555-USAC_FCC_FORM_470_APPLICATION_260006411_CERTIFIED.pdf,https://publicdata.usac.org/EPC/Prd/Form470/260006411/127671/20643420-25260036N%20AZ%20ITN%20Document.pdf
260006411,127671,SEMINOLE COUNTY SCHOOL DIST,Seminole County Public Schools,2026,2025-11-21,Firewall Service and Components,Basic Maintenance of Internal Connections,https://publicdata.usac.org/EPC/Prd/Form470/260006411/127671/20666555-USAC_FCC_FORM_470_APPLICATION_260006411_CERTIFIED.pdf,https://publicdata.usac.org/EPC/Prd/Form470/260006411/127671/20643425-Category%20Two%20Basic%20Maintenance%20of%20Internal%20Connections%20Version%2021.0.xlsm
260006411,127671,SEMINOLE COUNTY SCHOOL DIST,Seminole County Public Schools,2026,2025-11-21,Firewall Service and Components,Basic Maintenance of Internal Connections,https://publicdata.usac.org/EPC/Prd/Form470/260006411/127671/20666555-USAC_FCC_FORM_470_APPLICATION_260006411_CERTIFIED.pdf,https://publicdata.usac.org/EPC/Prd/Form470/260006411/127671/20643424-Category%20Two%20Internal%20Connections%20Version%2021.0.xlsm
260006411,127671,SEMINOLE COUNTY SCHOOL DIST,Seminole County Public Schools,2026,2025-11-21,Firewall Service and Components,Basic Maintenance of Internal Connections,https://publicdata.usac.org/EPC/Prd/Form470/260006411/127671/20666555-USAC_FCC_FORM_470_APPLICATION_260006411_CERTIFIED.pdf,https://publicdata.usac.org/EPC/Prd/Form470/260006411/127671/20643421-Exhibit%20B%20Price%20Schedule%20v2.xlsx
260006411,127671,SEMINOLE COUNTY SCHOOL DIST,Seminole County Public Schools,2026,2025-11-21,Firewall Service and Components,Basic Maintenance of Internal Connections,https://publicdata.usac.org/EPC/Prd/Form470/260006411/127671/20666555-USAC_FCC_FORM_470_APPLICATION_260006411_CERTIFIED.pdf,https://publicdata.usac.org/EPC/Prd/Form470/260006411/127671/20643422-Exhibit%20L%20DRAFT%20Service%20Agreement.pdf
260006411,127671,SEMINOLE COUNTY SCHOOL DIST,Seminole County Public Schools,2026,2025-11-21,"Firewall Service, Components, and Necessary Software and Licenses",Internal Connections,https://publicdata.usac.org/EPC/Prd/Form470/260006411/127671/20666555-USAC_FCC_FORM_470_APPLICATION_260006411_CERTIFIED.pdf,https://publicdata.usac.org/EPC/Prd/Form470/260006411/127671/20643423-25260036N%20AZ%20Addendum%201.pdf
260006411,127671,SEMINOLE COUNTY SCHOOL DIST,Seminole County Public Schools,2026,2025-11-21,"Firewall Service, Components, and Necessary Software and Licenses",Internal Connections,https://publicdata.usac.org/EPC/Prd/Form470/260006411/127671/20666555-USAC_FCC_FORM_470_APPLICATION_260006411_CERTIFIED.pdf,https://publicdata.usac.org/EPC/Prd/Form470/260006411/127671/20666542-25260036N%20AZ%20Addendum%202.pdf
260006411,127671,SEMINOLE COUNTY SCHOOL DIST,Seminole County Public Schools,2026,2025-11-21,"Firewall Service, Components, and Necessary Software and Licenses",Internal Connections,https://publicdata.usac.org/EPC/Prd/Form470/260006411/127671/20666555-USAC_FCC_FORM_470_APPLICATION_260006411_CERTIFIED.pdf,https://publicdata.usac.org/EPC/Prd/Form470/260006411/127671/20643420-25260036N%20AZ%20ITN%20Document.pdf
260006411,127671,SEMINOLE COUNTY SCHOOL DIST,Seminole County Public Schools,2026,2025-11-21,"Firewall Service, Components, and Necessary Software and Licenses",Internal Connections,https://publicdata.usac.org/EPC/Prd/Form470/260006411/127671/20666555-USAC_FCC_FORM_470_APPLICATION_260006411_CERTIFIED.pdf,https://publicdata.usac.org/EPC/Prd/Form470/260006411/127671/20643425-Category%20Two%20Basic%20Maintenance%20of%20Internal%20Connections%20Version%2021.0.xlsm
260006411,127671,SEMINOLE COUNTY SCHOOL DIST,Seminole County Public Schools,2026,2025-11-21,"Firewall Service, Components, and Necessary Software and Licenses",Internal Connections,https://publicdata.usac.org/EPC/Prd/Form470/260006411/127671/20666555-USAC_FCC_FORM_470_APPLICATION_260006411_CERTIFIED.pdf,https://publicdata.usac.org/EPC/Prd/Form470/260006411/127671/20643424-Category%20Two%20Internal%20Connections%20Version%2021.0.xlsm
260006411,127671,SEMINOLE COUNTY SCHOOL DIST,Seminole County Public Schools,2026,2025-11-21,"Firewall Service, Components, and Necessary Software and Licenses",Internal Connections,https://publicdata.usac.org/EPC/Prd/Form470/260006411/127671/20666555-USAC_FCC_FORM_470_APPLICATION_260006411_CERTIFIED.pdf,https://publicdata.usac.org/EPC/Prd/Form470/260006411/127671/20643421-Exhibit%20B%20Price%20Schedule%20v2.xlsx
260006411,127671,SEMINOLE COUNTY SCHOOL DIST,Seminole County Public Schools,2026,2025-11-21,"Firewall Service, Components, and Necessary Software and Licenses",Internal Connections,https://publicdata.usac.org/EPC/Prd/Form470/260006411/127671/20666555-USAC_FCC_FORM_470_APPLICATION_260006411_CERTIFIED.pdf,https://publicdata.usac.org/EPC/Prd/Form470/260006411/127671/20643422-Exhibit%20L%20DRAFT%20Service%20Agreement.pdf
260006411,127671,SEMINOLE COUNTY SCHOOL DIST,Seminole County Public Schools,2026,2025-11-21,Firewall Service and Components,Basic Maintenance of Internal Connections,https://publicdata.usac.org/EPC/Prd/Form470/260006411/127671/20666555-USAC_FCC_FORM_470_APPLICATION_260006411_CERTIFIED.pdf,https://publicdata.usac.org/EPC/Prd/Form470/260006411/127671/20643423-25260036N%20AZ%20Addendum%201.pdf
260006411,127671,SEMINOLE COUNTY SCHOOL DIST,Seminole County Public Schools,2026,2025-11-21,Firewall Service and Components,Basic Maintenance of Internal Connections,https://publicdata.usac.org/EPC/Prd/Form470/260006411/127671/20666555-USAC_FCC_FORM_470_APPLICATION_260006411_CERTIFIED.pdf,https://publicdata.usac.org/EPC/Prd/Form470/260006411/127671/20666542-25260036N%20AZ%20Addendum%202.pdf
260006411,127671,SEMINOLE COUNTY SCHOOL DIST,Seminole County Public Schools,2026,2025-11-21,Firewall Service and Components,Basic Maintenance of Internal Connections,https://publicdata.usac.org/EPC/Prd/Form470/260006411/127671/20666555-USAC_FCC_FORM_470_APPLICATION_260006411_CERTIFIED.pdf,https://publicdata.usac.org/EPC/Prd/Form470/260006411/127671/20643420-25260036N%20AZ%20ITN%20Document.pdf
260006411,127671,SEMINOLE COUNTY SCHOOL DIST,Seminole County Public Schools,2026,2025-11-21,Firewall Service and Components,Basic Maintenance of Internal Connections,https://publicdata.usac.org/EPC/Prd/Form470/260006411/127671/20666555-USAC_FCC_FORM_470_APPLICATION_260006411_CERTIFIED.pdf,https://publicdata.usac.org/EPC/Prd/Form470/260006411/127671/20643425-Category%20Two%20Basic%20Maintenance%20of%20Internal%20Connections%20Version%2021.0.xlsm
260006411,127671,SEMINOLE COUNTY SCHOOL DIST,Seminole County Public Schools,2026,2025-11-21,Firewall Service and Components,Basic Maintenance of Internal Connections,https://publicdata.usac.org/EPC/Prd/Form470/260006411/127671/20666555-USAC_FCC_FORM_470_APPLICATION_260006411_CERTIFIED.pdf,https://publicdata.usac.org/EPC/Prd/Form470/260006411/127671/20643424-Category%20Two%20Internal%20Connections%20Version%2021.0.xlsm
260006411,127671,SEMINOLE COUNTY SCHOOL DIST,Seminole County Public Schools,2026,2025-11-21,Firewall Service and Components,Basic Maintenance of Internal Connections,https://publicdata.usac.org/EPC/Prd/Form470/260006411/127671/20666555-USAC_FCC_FORM_470_APPLICATION_260006411_CERTIFIED.pdf,https://publicdata.usac.org/EPC/Prd/Form470/260006411/127671/20643421-Exhibit%20B%20Price%20Schedule%20v2.xlsx
260006411,127671,SEMINOLE COUNTY SCHOOL DIST,Seminole County Public Schools,2026,2025-11-21,Firewall Service and Components,Basic Maintenance of Internal Connections,https://publicdata.usac.org/EPC/Prd/Form470/260006411/127671/20666555-USAC_FCC_FORM_470_APPLICATION_260006411_CERTIFIED.pdf,https://publicdata.usac.org/EPC/Prd/Form470/260006411/127671/20643422-Exhibit%20L%20DRAFT%20Service%20Agreement.pdf
260006411,127671,SEMINOLE COUNTY SCHOOL DIST,Seminole County Public Schools,2026,2025-11-21,"Firewall Service, Components, and Necessary Software and Licenses",Internal Connections,https://publicdata.usac.org/EPC/Prd/Form470/260006411/127671/20666555-USAC_FCC_FORM_470_APPLICATION_260006411_CERTIFIED.pdf,https://publicdata.usac.org/EPC/Prd/Form470/260006411/127671/20643423-25260036N%20AZ%20Addendum%201.pdf
260006411,127671,SEMINOLE COUNTY SCHOOL DIST,Seminole County Public Schools,2026,2025-11-21,"Firewall Service, Components, and Necessary Software and Licenses",Internal Connections,https://publicdata.usac.org/EPC/Prd/Form470/260006411/127671/20666555-USAC_FCC_FORM_470_APPLICATION_260006411_CERTIFIED.pdf,https://publicdata.usac.org/EPC/Prd/Form470/260006411/127671/20666542-25260036N%20AZ%20Addendum%202.pdf
260006411,127671,SEMINOLE COUNTY SCHOOL DIST,Seminole County Public Schools,2026,2025-11-21,"Firewall Service, Components, and Necessary Software and Licenses",Internal Connections,https://publicdata.usac.org/EPC/Prd/Form470/260006411/127671/20666555-USAC_FCC_FORM_470_APPLICATION_260006411_CERTIFIED.pdf,https://publicdata.usac.org/EPC/Prd/Form470/260006411/127671/20643420-25260036N%20AZ%20ITN%20Document.pdf
260006411,127671,SEMINOLE COUNTY SCHOOL DIST,Seminole County Public Schools,2026,2025-11-21,"Firewall Service, Components, and Necessary Software and Licenses",Internal Connections,https://publicdata.usac.org/EPC/Prd/Form470/260006411/127671/20666555-USAC_FCC_FORM_470_APPLICATION_260006411_CERTIFIED.pdf,https://publicdata.usac.org/EPC/Prd/Form470/260006411/127671/20643425-Category%20Two%20Basic%20Maintenance%20of%20Internal%20Connections%20Version%2021.0.xlsm
260006411,127671,SEMINOLE COUNTY SCHOOL DIST,Seminole County Public Schools,2026,2025-11-21,"Firewall Service, Components, and Necessary Software and Licenses",Internal Connections,https://publicdata.usac.org/EPC/Prd/Form470/260006411/127671/20666555-USAC_FCC_FORM_470_APPLICATION_260006411_CERTIFIED.pdf,https://publicdata.usac.org/EPC/Prd/Form470/260006411/127671/20643424-Category%20Two%20Internal%20Connections%20Version%2021.0.xlsm
260006411,127671,SEMINOLE COUNTY SCHOOL DIST,Seminole County Public Schools,2026,2025-11-21,"Firewall Service, Components, and Necessary Software and Licenses",Internal Connections,https://publicdata.usac.org/EPC/Prd/Form470/260006411/127671/20666555-USAC_FCC_FORM_470_APPLICATION_260006411_CERTIFIED.pdf,https://publicdata.usac.org/EPC/Prd/Form470/260006411/127671/20643421-Exhibit%20B%20Price%20Schedule%20v2.xlsx
260006411,127671,SEMINOLE COUNTY SCHOOL DIST,Seminole County Public Schools,2026,2025-11-21,"Firewall Service, Components, and Necessary Software and Licenses",Internal Connections,https://publicdata.usac.org/EPC/Prd/Form470/260006411/127671/20666555-USAC_FCC_FORM_470_APPLICATION_260006411_CERTIFIED.pdf,https://publicdata.usac.org/EPC/Prd/Form470/260006411/127671/20643422-Exhibit%20L%20DRAFT%20Service%20Agreement.pdf
260006411,127671,SEMINOLE COUNTY SCHOOL DIST,Seminole County Public Schools,2026,2025-11-21,Firewall Service and Components,Basic Maintenance of Internal Connections,https://publicdata.usac.org/EPC/Prd/Form470/260006411/127671/20666555-USAC_FCC_FORM_470_APPLICATION_260006411_CERTIFIED.pdf,https://publicdata.usac.org/EPC/Prd/Form470/260006411/127671/20643423-25260036N%20AZ%20Addendum%201.pdf
260006411,127671,SEMINOLE COUNTY SCHOOL DIST,Seminole County Public Schools,2026,2025-11-21,Firewall Service and Components,Basic Maintenance of Internal Connections,https://publicdata.usac.org/EPC/Prd/Form470/260006411/127671/20666555-USAC_FCC_FORM_470_APPLICATION_260006411_CERTIFIED.pdf,https://publicdata.usac.org/EPC/Prd/Form470/260006411/127671/20666542-25260036N%20AZ%20Addendum%202.pdf
260006411,127671,SEMINOLE COUNTY SCHOOL DIST,Seminole County Public Schools,2026,2025-11-21,Firewall Service and Components,Basic Maintenance of Internal Connections,https://publicdata.usac.org/EPC/Prd/Form470/260006411/127671/20666555-USAC_FCC_FORM_470_APPLICATION_260006411_CERTIFIED.pdf,https://publicdata.usac.org/EPC/Prd/Form470/260006411/127671/20643420-25260036N%20AZ%20ITN%20Document.pdf
260006411,127671,SEMINOLE COUNTY SCHOOL DIST,Seminole County Public Schools,2026,2025-11-21,Firewall Service and Components,Basic Maintenance of Internal Connections,https://publicdata.usac.org/EPC/Prd/Form470/260006411/127671/20666555-USAC_FCC_FORM_470_APPLICATION_260006411_CERTIFIED.pdf,https://publicdata.usac.org/EPC/Prd/Form470/260006411/127671/20643425-Category%20Two%20Basic%20Maintenance%20of%20Internal%20Connections%20Version%2021.0.xlsm
260006411,127671,SEMINOLE COUNTY SCHOOL DIST,Seminole County Public Schools,2026,2025-11-21,Firewall Service and Components,Basic Maintenance of Internal Connections,https://publicdata.usac.org/EPC/Prd/Form470/260006411/127671/20666555-USAC_FCC_FORM_470_APPLICATION_260006411_CERTIFIED.pdf,https://publicdata.usac.org/EPC/Prd/Form470/260006411/127671/20643424-Category%20Two%20Internal%20Connections%20Version%2021.0.xlsm
260006411,127671,SEMINOLE COUNTY SCHOOL DIST,Seminole County Public Schools,2026,2025-11-21,Firewall Service and Components,Basic Maintenance of Internal Connections,https://publicdata.usac.org/EPC/Prd/Form470/260006411/127671/20666555-USAC_FCC_FORM_470_APPLICATION_260006411_CERTIFIED.pdf,https://publicdata.usac.org/EPC/Prd/Form470/260006411/127671/20643421-Exhibit%20B%20Price%20Schedule%20v2.xlsx
260006411,127671,SEMINOLE COUNTY SCHOOL DIST,Seminole County Public Schools,2026,2025-11-21,Firewall Service and Components,Basic Maintenance of Internal Connections,https://publicdata.usac.org/EPC/Prd/Form470/260006411/127671/20666555-USAC_FCC_FORM_470_APPLICATION_260006411_CERTIFIED.pdf,https://publicdata.usac.org/EPC/Prd/Form470/260006411/127671/20643422-Exhibit%20L%20DRAFT%20Service%20Agreement.pdf
260006411,127671,SEMINOLE COUNTY SCHOOL DIST,Seminole County Public Schools,2026,2025-11-21,"Firewall Service, Components, and Necessary Software and Licenses",Internal Connections,https://publicdata.usac.org/EPC/Prd/Form470/260006411/127671/20666555-USAC_FCC_FORM_470_APPLICATION_260006411_CERTIFIED.pdf,https://publicdata.usac.org/EPC/Prd/Form470/260006411/127671/20643423-25260036N%20AZ%20Addendum%201.pdf
260006411,127671,SEMINOLE COUNTY SCHOOL DIST,Seminole County Public Schools,2026,2025-11-21,"Firewall Service, Components, and Necessary Software and Licenses",Internal Connections,https://publicdata.usac.org/EPC/Prd/Form470/260006411/127671/20666555-USAC_FCC_FORM_470_APPLICATION_260006411_CERTIFIED.pdf,https://publicdata.usac.org/EPC/Prd/Form470/260006411/127671/20666542-25260036N%20AZ%20Addendum%202.pdf
260006411,127671,SEMINOLE COUNTY SCHOOL DIST,Seminole County Public Schools,2026,2025-11-21,"Firewall Service, Components, and Necessary Software and Licenses",Internal Connections,https://publicdata.usac.org/EPC/Prd/Form470/260006411/127671/20666555-USAC_FCC_FORM_470_APPLICATION_260006411_CERTIFIED.pdf,https://publicdata.usac.org/EPC/Prd/Form470/260006411/127671/20643420-25260036N%20AZ%20ITN%20Document.pdf
260006411,127671,SEMINOLE COUNTY SCHOOL DIST,Seminole County Public Schools,2026,2025-11-21,"Firewall Service, Components, and Necessary Software and Licenses",Internal Connections,https://publicdata.usac.org/EPC/Prd/Form470/260006411/127671/20666555-USAC_FCC_FORM_470_APPLICATION_260006411_CERTIFIED.pdf,https://publicdata.usac.org/EPC/Prd/Form470/260006411/127671/20643425-Category%20Two%20Basic%20Maintenance%20of%20Internal%20Connections%20Version%2021.0.xlsm
260006411,127671,SEMINOLE COUNTY SCHOOL DIST,Seminole County Public Schools,2026,2025-11-21,"Firewall Service, Components, and Necessary Software and Licenses",Internal Connections,https://publicdata.usac.org/EPC/Prd/Form470/260006411/127671/20666555-USAC_FCC_FORM_470_APPLICATION_260006411_CERTIFIED.pdf,https://publicdata.usac.org/EPC/Prd/Form470/260006411/127671/20643424-Category%20Two%20Internal%20Connections%20Version%2021.0.xlsm
260006411,127671,SEMINOLE COUNTY SCHOOL DIST,Seminole County Public Schools,2026,2025-11-21,"Firewall Service, Components, and Necessary Software and Licenses",Internal Connections,https://publicdata.usac.org/EPC/Prd/Form470/260006411/127671/20666555-USAC_FCC_FORM_470_APPLICATION_260006411_CERTIFIED.pdf,https://publicdata.usac.org/EPC/Prd/Form470/260006411/127671/20643421-Exhibit%20B%20Price%20Schedule%20v2.xlsx
260006411,127671,SEMINOLE COUNTY SCHOOL DIST,Seminole County Public Schools,2026,2025-11-21,"Firewall Service, Components, and Necessary Software and Licenses",Internal Connections,https://publicdata.usac.org/EPC/Prd/Form470/260006411/127671/20666555-USAC_FCC_FORM_470_APPLICATION_260006411_CERTIFIED.pdf,https://publicdata.usac.org/EPC/Prd/Form470/260006411/127671/20643422-Exhibit%20L%20DRAFT%20Service%20Agreement.pdf
260006411,127671,SEMINOLE COUNTY SCHOOL DIST,Seminole County Public Schools,2026,2025-11-21,Firewall Service and Components,Basic Maintenance of Internal Connections,https://publicdata.usac.org/EPC/Prd/Form470/260006411/127671/20666555-USAC_FCC_FORM_470_APPLICATION_260006411_CERTIFIED.pdf,https://publicdata.usac.org/EPC/Prd/Form470/260006411/127671/20643423-25260036N%20AZ%20Addendum%201.pdf
260006411,127671,SEMINOLE COUNTY SCHOOL DIST,Seminole County Public Schools,2026,2025-11-21,Firewall Service and Components,Basic Maintenance of Internal Connections,https://publicdata.usac.org/EPC/Prd/Form470/260006411/127671/20666555-USAC_FCC_FORM_470_APPLICATION_260006411_CERTIFIED.pdf,https://publicdata.usac.org/EPC/Prd/Form470/260006411/127671/20666542-25260036N%20AZ%20Addendum%202.pdf
260006411,127671,SEMINOLE COUNTY SCHOOL DIST,Seminole County Public Schools,2026,2025-11-21,Firewall Service and Components,Basic Maintenance of Internal Connections,https://publicdata.usac.org/EPC/Prd/Form470/260006411/127671/20666555-USAC_FCC_FORM_470_APPLICATION_260006411_CERTIFIED.pdf,https://publicdata.usac.org/EPC/Prd/Form470/260006411/127671/20643420-25260036N%20AZ%20ITN%20Document.pdf
260006411,127671,SEMINOLE COUNTY SCHOOL DIST,Seminole County Public Schools,2026,2025-11-21,Firewall Service and Components,Basic Maintenance of Internal Connections,https://publicdata.usac.org/EPC/Prd/Form470/260006411/127671/20666555-USAC_FCC_FORM_470_APPLICATION_260006411_CERTIFIED.pdf,https://publicdata.usac.org/EPC/Prd/Form470/260006411/127671/20643425-Category%20Two%20Basic%20Maintenance%20of%20Internal%20Connections%20Version%2021.0.xlsm
260006411,127671,SEMINOLE COUNTY SCHOOL DIST,Seminole County Public Schools,2026,2025-11-21,Firewall Service and Components,Basic Maintenance of Internal Connections,https://publicdata.usac.org/EPC/Prd/Form470/260006411/127671/20666555-USAC_FCC_FORM_470_APPLICATION_260006411_CERTIFIED.pdf,https://publicdata.usac.org/EPC/Prd/Form470/260006411/127671/20643424-Category%20Two%20Internal%20Connections%20Version%2021.0.xlsm
260006411,127671,SEMINOLE COUNTY SCHOOL DIST,Seminole County Public Schools,2026,2025-11-21,Firewall Service and Components,Basic Maintenance of Internal Connections,https://publicdata.usac.org/EPC/Prd/Form470/260006411/127671/20666555-USAC_FCC_FORM_470_APPLICATION_260006411_CERTIFIED.pdf,https://publicdata.usac.org/EPC/Prd/Form470/260006411/127671/20643421-Exhibit%20B%20Price%20Schedule%20v2.xlsx
260006411,127671,SEMINOLE COUNTY SCHOOL DIST,Seminole County Public Schools,2026,2025-11-21,Firewall Service and Components,Basic Maintenance of Internal Connections,https://publicdata.usac.org/EPC/Prd/Form470/260006411/127671/20666555-USAC_FCC_FORM_470_APPLICATION_260006411_CERTIFIED.pdf,https://publicdata.usac.org/EPC/Prd/Form470/260006411/127671/20643422-Exhibit%20L%20DRAFT%20Service%20Agreement.pdf
260006411,127671,SEMINOLE COUNTY SCHOOL DIST,Seminole County Public Schools,2026,2025-11-21,"Firewall Service, Components, and Necessary Software and Licenses",Internal Connections,https://publicdata.usac.org/EPC/Prd/Form470/260006411/127671/20666555-USAC_FCC_FORM_470_APPLICATION_260006411_CERTIFIED.pdf,https://publicdata.usac.org/EPC/Prd/Form470/260006411/127671/20643423-25260036N%20AZ%20Addendum%201.pdf
260006411,127671,SEMINOLE COUNTY SCHOOL DIST,Seminole County Public Schools,2026,2025-11-21,"Firewall Service, Components, and Necessary Software and Licenses",Internal Connections,https://publicdata.usac.org/EPC/Prd/Form470/260006411/127671/20666555-USAC_FCC_FORM_470_APPLICATION_260006411_CERTIFIED.pdf,https://publicdata.usac.org/EPC/Prd/Form470/260006411/127671/20666542-25260036N%20AZ%20Addendum%202.pdf
260006411,127671,SEMINOLE COUNTY SCHOOL DIST,Seminole County Public Schools,2026,2025-11-21,"Firewall Service, Components, and Necessary Software and Licenses",Internal Connections,https://publicdata.usac.org/EPC/Prd/Form470/260006411/127671/20666555-USAC_FCC_FORM_470_APPLICATION_260006411_CERTIFIED.pdf,https://publicdata.usac.org/EPC/Prd/Form470/260006411/127671/20643420-25260036N%20AZ%20ITN%20Document.pdf
260006411,127671,SEMINOLE COUNTY SCHOOL DIST,Seminole County Public Schools,2026,2025-11-21,"Firewall Service, Components, and Necessary Software and Licenses",Internal Connections,https://publicdata.usac.org/EPC/Prd/Form470/260006411/127671/20666555-USAC_FCC_FORM_470_APPLICATION_260006411_CERTIFIED.pdf,https://publicdata.usac.org/EPC/Prd/Form470/260006411/127671/20643425-Category%20Two%20Basic%20Maintenance%20of%20Internal%20Connections%20Version%2021.0.xlsm
260006411,127671,SEMINOLE COUNTY SCHOOL DIST,Seminole County Public Schools,2026,2025-11-21,"Firewall Service, Components, and Necessary Software and Licenses",Internal Connections,https://publicdata.usac.org/EPC/Prd/Form470/260006411/127671/20666555-USAC_FCC_FORM_470_APPLICATION_260006411_CERTIFIED.pdf,https://publicdata.usac.org/EPC/Prd/Form470/260006411/127671/20643424-Category%20Two%20Internal%20Connections%20Version%2021.0.xlsm
260006411,127671,SEMINOLE COUNTY SCHOOL DIST,Seminole County Public Schools,2026,2025-11-21,"Firewall Service, Components, and Necessary Software and Licenses",Internal Connections,https://publicdata.usac.org/EPC/Prd/Form470/260006411/127671/20666555-USAC_FCC_FORM_470_APPLICATION_260006411_CERTIFIED.pdf,https://publicdata.usac.org/EPC/Prd/Form470/260006411/127671/20643421-Exhibit%20B%20Price%20Schedule%20v2.xlsx
260006411,127671,SEMINOLE COUNTY SCHOOL DIST,Seminole County Public Schools,2026,2025-11-21,"Firewall Service, Components, and Necessary Software and Licenses",Internal Connections,https://publicdata.usac.org/EPC/Prd/Form470/260006411/127671/20666555-USAC_FCC_FORM_470_APPLICATION_260006411_CERTIFIED.pdf,https://publicdata.usac.org/EPC/Prd/Form470/260006411/127671/20643422-Exhibit%20L%20DRAFT%20Service%20Agreement.pdf
260006411,127671,SEMINOLE COUNTY SCHOOL DIST,Seminole County Public Schools,2026,2025-11-21,Firewall Service and Components,Basic Maintenance of Internal Connections,https://publicdata.usac.org/EPC/Prd/Form470/260006411/127671/20666555-USAC_FCC_FORM_470_APPLICATION_260006411_CERTIFIED.pdf,https://publicdata.usac.org/EPC/Prd/Form470/260006411/127671/20643423-25260036N%20AZ%20Addendum%201.pdf
260006411,127671,SEMINOLE COUNTY SCHOOL DIST,Seminole County Public Schools,2026,2025-11-21,Firewall Service and Components,Basic Maintenance of Internal Connections,https://publicdata.usac.org/EPC/Prd/Form470/260006411/127671/20666555-USAC_FCC_FORM_470_APPLICATION_260006411_CERTIFIED.pdf,https://publicdata.usac.org/EPC/Prd/Form470/260006411/127671/20666542-25260036N%20AZ%20Addendum%202.pdf
260006411,127671,SEMINOLE COUNTY SCHOOL DIST,Seminole County Public Schools,2026,2025-11-21,Firewall Service and Components,Basic Maintenance of Internal Connections,https://publicdata.usac.org/EPC/Prd/Form470/260006411/127671/20666555-USAC_FCC_FORM_470_APPLICATION_260006411_CERTIFIED.pdf,https://publicdata.usac.org/EPC/Prd/Form470/260006411/127671/20643420-25260036N%20AZ%20ITN%20Document.pdf
260006411,127671,SEMINOLE COUNTY SCHOOL DIST,Seminole County Public Schools,2026,2025-11-21,Firewall Service and Components,Basic Maintenance of Internal Connections,https://publicdata.usac.org/EPC/Prd/Form470/260006411/127671/20666555-USAC_FCC_FORM_470_APPLICATION_260006411_CERTIFIED.pdf,https://publicdata.usac.org/EPC/Prd/Form470/260006411/127671/20643425-Category%20Two%20Basic%20Maintenance%20of%20Internal%20Connections%20Version%2021.0.xlsm
260006411,127671,SEMINOLE COUNTY SCHOOL DIST,Seminole County Public Schools,2026,2025-11-21,Firewall Service and Components,Basic Maintenance of Internal Connections,https://publicdata.usac.org/EPC/Prd/Form470/260006411/127671/20666555-USAC_FCC_FORM_470_APPLICATION_260006411_CERTIFIED.pdf,https://publicdata.usac.org/EPC/Prd/Form470/260006411/127671/20643424-Category%20Two%20Internal%20Connections%20Version%2021.0.xlsm
260006411,127671,SEMINOLE COUNTY SCHOOL DIST,Seminole County Public Schools,2026,2025-11-21,Firewall Service and Components,Basic Maintenance of Internal Connections,https://publicdata.usac.org/EPC/Prd/Form470/260006411/127671/20666555-USAC_FCC_FORM_470_APPLICATION_260006411_CERTIFIED.pdf,https://publicdata.usac.org/EPC/Prd/Form470/260006411/127671/20643421-Exhibit%20B%20Price%20Schedule%20v2.xlsx
260006411,127671,SEMINOLE COUNTY SCHOOL DIST,Seminole County Public Schools,2026,2025-11-21,Firewall Service and Components,Basic Maintenance of Internal Connections,https://publicdata.usac.org/EPC/Prd/Form470/260006411/127671/20666555-USAC_FCC_FORM_470_APPLICATION_260006411_CERTIFIED.pdf,https://publicdata.usac.org/EPC/Prd/Form470/260006411/127671/20643422-Exhibit%20L%20DRAFT%20Service%20Agreement.pdf
260006411,127671,SEMINOLE COUNTY SCHOOL DIST,Seminole County Public Schools,2026,2025-11-21,"Firewall Service, Components, and Necessary Software and Licenses",Internal Connections,https://publicdata.usac.org/EPC/Prd/Form470/260006411/127671/20666555-USAC_FCC_FORM_470_APPLICATION_260006411_CERTIFIED.pdf,https://publicdata.usac.org/EPC/Prd/Form470/260006411/127671/20643423-25260036N%20AZ%20Addendum%201.pdf
260006411,127671,SEMINOLE COUNTY SCHOOL DIST,Seminole County Public Schools,2026,2025-11-21,"Firewall Service, Components, and Necessary Software and Licenses",Internal Connections,https://publicdata.usac.org/EPC/Prd/Form470/260006411/127671/20666555-USAC_FCC_FORM_470_APPLICATION_260006411_CERTIFIED.pdf,https://publicdata.usac.org/EPC/Prd/Form470/260006411/127671/20666542-25260036N%20AZ%20Addendum%202.pdf
260006411,127671,SEMINOLE COUNTY SCHOOL DIST,Seminole County Public Schools,2026,2025-11-21,"Firewall Service, Components, and Necessary Software and Licenses",Internal Connections,https://publicdata.usac.org/EPC/Prd/Form470/260006411/127671/20666555-USAC_FCC_FORM_470_APPLICATION_260006411_CERTIFIED.pdf,https://publicdata.usac.org/EPC/Prd/Form470/260006411/127671/20643420-25260036N%20AZ%20ITN%20Document.pdf
260006411,127671,SEMINOLE COUNTY SCHOOL DIST,Seminole County Public Schools,2026,2025-11-21,"Firewall Service, Components, and Necessary Software and Licenses",Internal Connections,https://publicdata.usac.org/EPC/Prd/Form470/260006411/127671/20666555-USAC_FCC_FORM_470_APPLICATION_260006411_CERTIFIED.pdf,https://publicdata.usac.org/EPC/Prd/Form470/260006411/127671/20643425-Category%20Two%20Basic%20Maintenance%20of%20Internal%20Connections%20Version%2021.0.xlsm
260006411,127671,SEMINOLE COUNTY SCHOOL DIST,Seminole County Public Schools,2026,2025-11-21,"Firewall Service, Components, and Necessary Software and Licenses",Internal Connections,https://publicdata.usac.org/EPC/Prd/Form470/260006411/127671/20666555-USAC_FCC_FORM_470_APPLICATION_260006411_CERTIFIED.pdf,https://publicdata.usac.org/EPC/Prd/Form470/260006411/127671/20643424-Category%20Two%20Internal%20Connections%20Version%2021.0.xlsm
260006411,127671,SEMINOLE COUNTY SCHOOL DIST,Seminole County Public Schools,2026,2025-11-21,"Firewall Service, Components, and Necessary Software and Licenses",Internal Connections,https://publicdata.usac.org/EPC/Prd/Form470/260006411/127671/20666555-USAC_FCC_FORM_470_APPLICATION_260006411_CERTIFIED.pdf,https://publicdata.usac.org/EPC/Prd/Form470/260006411/127671/20643421-Exhibit%20B%20Price%20Schedule%20v2.xlsx
260006411,127671,SEMINOLE COUNTY SCHOOL DIST,Seminole County Public Schools,2026,2025-11-21,"Firewall Service, Components, and Necessary Software and Licenses",Internal Connections,https://publicdata.usac.org/EPC/Prd/Form470/260006411/127671/20666555-USAC_FCC_FORM_470_APPLICATION_260006411_CERTIFIED.pdf,https://publicdata.usac.org/EPC/Prd/Form470/260006411/127671/20643422-Exhibit%20L%20DRAFT%20Service%20Agreement.pdf
260006411,127671,SEMINOLE COUNTY SCHOOL DIST,Seminole County Public Schools,2026,2025-11-21,Firewall Service and Components,Basic Maintenance of Internal Connections,https://publicdata.usac.org/EPC/Prd/Form470/260006411/127671/20666555-USAC_FCC_FORM_470_APPLICATION_260006411_CERTIFIED.pdf,https://publicdata.usac.org/EPC/Prd/Form470/260006411/127671/20643423-25260036N%20AZ%20Addendum%201.pdf
260006411,127671,SEMINOLE COUNTY SCHOOL DIST,Seminole County Public Schools,2026,2025-11-21,Firewall Service and Components,Basic Maintenance of Internal Connections,https://publicdata.usac.org/EPC/Prd/Form470/260006411/127671/20666555-USAC_FCC_FORM_470_APPLICATION_260006411_CERTIFIED.pdf,https://publicdata.usac.org/EPC/Prd/Form470/260006411/127671/20666542-25260036N%20AZ%20Addendum%202.pdf
260006411,127671,SEMINOLE COUNTY SCHOOL DIST,Seminole County Public Schools,2026,2025-11-21,Firewall Service and Components,Basic Maintenance of Internal Connections,https://publicdata.usac.org/EPC/Prd/Form470/260006411/127671/20666555-USAC_FCC_FORM_470_APPLICATION_260006411_CERTIFIED.pdf,https://publicdata.usac.org/EPC/Prd/Form470/260006411/127671/20643420-25260036N%20AZ%20ITN%20Document.pdf
260006411,127671,SEMINOLE COUNTY SCHOOL DIST,Seminole County Public Schools,2026,2025-11-21,Firewall Service and Components,Basic Maintenance of Internal Connections,https://publicdata.usac.org/EPC/Prd/Form470/260006411/127671/20666555-USAC_FCC_FORM_470_APPLICATION_260006411_CERTIFIED.pdf,https://publicdata.usac.org/EPC/Prd/Form470/260006411/127671/20643425-Category%20Two%20Basic%20Maintenance%20of%20Internal%20Connections%20Version%2021.0.xlsm
260006411,127671,SEMINOLE COUNTY SCHOOL DIST,Seminole County Public Schools,2026,2025-11-21,Firewall Service and Components,Basic Maintenance of Internal Connections,https://publicdata.usac.org/EPC/Prd/Form470/260006411/127671/20666555-USAC_FCC_FORM_470_APPLICATION_260006411_CERTIFIED.pdf,https://publicdata.usac.org/EPC/Prd/Form470/260006411/127671/20643424-Category%20Two%20Internal%20Connections%20Version%2021.0.xlsm
260006411,127671,SEMINOLE COUNTY SCHOOL DIST,Seminole County Public Schools,2026,2025-11-21,Firewall Service and Components,Basic Maintenance of Internal Connections,https://publicdata.usac.org/EPC/Prd/Form470/260006411/127671/20666555-USAC_FCC_FORM_470_APPLICATION_260006411_CERTIFIED.pdf,https://publicdata.usac.org/EPC/Prd/Form470/260006411/127671/20643421-Exhibit%20B%20Price%20Schedule%20v2.xlsx
260006411,127671,SEMINOLE COUNTY SCHOOL DIST,Seminole County Public Schools,2026,2025-11-21,Firewall Service and Components,Basic Maintenance of Internal Connections,https://publicdata.usac.org/EPC/Prd/Form470/260006411/127671/20666555-USAC_FCC_FORM_470_APPLICATION_260006411_CERTIFIED.pdf,https://publicdata.usac.org/EPC/Prd/Form470/260006411/127671/20643422-Exhibit%20L%20DRAFT%20Service%20Agreement.pdf
260006411,127671,SEMINOLE COUNTY SCHOOL DIST,Seminole County Public Schools,2026,2025-11-21,"Firewall Service, Components, and Necessary Software and Licenses",Internal Connections,https://publicdata.usac.org/EPC/Prd/Form470/260006411/127671/20666555-USAC_FCC_FORM_470_APPLICATION_260006411_CERTIFIED.pdf,https://publicdata.usac.org/EPC/Prd/Form470/260006411/127671/20643423-25260036N%20AZ%20Addendum%201.pdf
260006411,127671,SEMINOLE COUNTY SCHOOL DIST,Seminole County Public Schools,2026,2025-11-21,"Firewall Service, Components, and Necessary Software and Licenses",Internal Connections,https://publicdata.usac.org/EPC/Prd/Form470/260006411/127671/20666555-USAC_FCC_FORM_470_APPLICATION_260006411_CERTIFIED.pdf,https://publicdata.usac.org/EPC/Prd/Form470/260006411/127671/20666542-25260036N%20AZ%20Addendum%202.pdf
260006411,127671,SEMINOLE COUNTY SCHOOL DIST,Seminole County Public Schools,2026,2025-11-21,"Firewall Service, Components, and Necessary Software and Licenses",Internal Connections,https://publicdata.usac.org/EPC/Prd/Form470/260006411/127671/20666555-USAC_FCC_FORM_470_APPLICATION_260006411_CERTIFIED.pdf,https://publicdata.usac.org/EPC/Prd/Form470/260006411/127671/20643420-25260036N%20AZ%20ITN%20Document.pdf
260006411,127671,SEMINOLE COUNTY SCHOOL DIST,Seminole County Public Schools,2026,2025-11-21,"Firewall Service, Components, and Necessary Software and Licenses",Internal Connections,https://publicdata.usac.org/EPC/Prd/Form470/260006411/127671/20666555-USAC_FCC_FORM_470_APPLICATION_260006411_CERTIFIED.pdf,https://publicdata.usac.org/EPC/Prd/Form470/260006411/127671/20643425-Category%20Two%20Basic%20Maintenance%20of%20Internal%20Connections%20Version%2021.0.xlsm
260006411,127671,SEMINOLE COUNTY SCHOOL DIST,Seminole County Public Schools,2026,2025-11-21,"Firewall Service, Components, and Necessary Software and Licenses",Internal Connections,https://publicdata.usac.org/EPC/Prd/Form470/260006411/127671/20666555-USAC_FCC_FORM_470_APPLICATION_260006411_CERTIFIED.pdf,https://publicdata.usac.org/EPC/Prd/Form470/260006411/127671/20643424-Category%20Two%20Internal%20Connections%20Version%2021.0.xlsm
260006411,127671,SEMINOLE COUNTY SCHOOL DIST,Seminole County Public Schools,2026,2025-11-21,"Firewall Service, Components, and Necessary Software and Licenses",Internal Connections,https://publicdata.usac.org/EPC/Prd/Form470/260006411/127671/20666555-USAC_FCC_FORM_470_APPLICATION_260006411_CERTIFIED.pdf,https://publicdata.usac.org/EPC/Prd/Form470/260006411/127671/20643421-Exhibit%20B%20Price%20Schedule%20v2.xlsx
260006411,127671,SEMINOLE COUNTY SCHOOL DIST,Seminole County Public Schools,2026,2025-11-21,"Firewall Service, Components, and Necessary Software and Licenses",Internal Connections,https://publicdata.usac.org/EPC/Prd/Form470/260006411/127671/20666555-USAC_FCC_FORM_470_APPLICATION_260006411_CERTIFIED.pdf,https://publicdata.usac.org/EPC/Prd/Form470/260006411/127671/20643422-Exhibit%20L%20DRAFT%20Service%20Agreement.pdf
260006411,127671,SEMINOLE COUNTY SCHOOL DIST,Seminole County Public Schools,2026,2025-11-21,Firewall Service and Components,Basic Maintenance of Internal Connections,https://publicdata.usac.org/EPC/Prd/Form470/260006411/127671/20666555-USAC_FCC_FORM_470_APPLICATION_260006411_CERTIFIED.pdf,https://publicdata.usac.org/EPC/Prd/Form470/260006411/127671/20643423-25260036N%20AZ%20Addendum%201.pdf
260006411,127671,SEMINOLE COUNTY SCHOOL DIST,Seminole County Public Schools,2026,2025-11-21,Firewall Service and Components,Basic Maintenance of Internal Connections,https://publicdata.usac.org/EPC/Prd/Form470/260006411/127671/20666555-USAC_FCC_FORM_470_APPLICATION_260006411_CERTIFIED.pdf,https://publicdata.usac.org/EPC/Prd/Form470/260006411/127671/20666542-25260036N%20AZ%20Addendum%202.pdf
260006411,127671,SEMINOLE COUNTY SCHOOL DIST,Seminole County Public Schools,2026,2025-11-21,Firewall Service and Components,Basic Maintenance of Internal Connections,https://publicdata.usac.org/EPC/Prd/Form470/260006411/127671/20666555-USAC_FCC_FORM_470_APPLICATION_260006411_CERTIFIED.pdf,https://publicdata.usac.org/EPC/Prd/Form470/260006411/127671/20643420-25260036N%20AZ%20ITN%20Document.pdf
260006411,127671,SEMINOLE COUNTY SCHOOL DIST,Seminole County Public Schools,2026,2025-11-21,Firewall Service and Components,Basic Maintenance of Internal Connections,https://publicdata.usac.org/EPC/Prd/Form470/260006411/127671/20666555-USAC_FCC_FORM_470_APPLICATION_260006411_CERTIFIED.pdf,https://publicdata.usac.org/EPC/Prd/Form470/260006411/127671/20643425-Category%20Two%20Basic%20Maintenance%20of%20Internal%20Connections%20Version%2021.0.xlsm
260006411,127671,SEMINOLE COUNTY SCHOOL DIST,Seminole County Public Schools,2026,2025-11-21,Firewall Service and Components,Basic Maintenance of Internal Connections,https://publicdata.usac.org/EPC/Prd/Form470/260006411/127671/20666555-USAC_FCC_FORM_470_APPLICATION_260006411_CERTIFIED.pdf,https://publicdata.usac.org/EPC/Prd/Form470/260006411/127671/20643424-Category%20Two%20Internal%20Connections%20Version%2021.0.xlsm
260006411,127671,SEMINOLE COUNTY SCHOOL DIST,Seminole County Public Schools,2026,2025-11-21,Firewall Service and Components,Basic Maintenance of Internal Connections,https://publicdata.usac.org/EPC/Prd/Form470/260006411/127671/20666555-USAC_FCC_FORM_470_APPLICATION_260006411_CERTIFIED.pdf,https://publicdata.usac.org/EPC/Prd/Form470/260006411/127671/20643421-Exhibit%20B%20Price%20Schedule%20v2.xlsx
260006411,127671,SEMINOLE COUNTY SCHOOL DIST,Seminole County Public Schools,2026,2025-11-21,Firewall Service and Components,Basic Maintenance of Internal Connections,https://publicdata.usac.org/EPC/Prd/Form470/260006411/127671/20666555-USAC_FCC_FORM_470_APPLICATION_260006411_CERTIFIED.pdf,https://publicdata.usac.org/EPC/Prd/Form470/260006411/127671/20643422-Exhibit%20L%20DRAFT%20Service%20Agreement.pdf
260006411,127671,SEMINOLE COUNTY SCHOOL DIST,Seminole County Public Schools,2026,2025-11-21,"Firewall Service, Components, and Necessary Software and Licenses",Internal Connections,https://publicdata.usac.org/EPC/Prd/Form470/260006411/127671/20666555-USAC_FCC_FORM_470_APPLICATION_260006411_CERTIFIED.pdf,https://publicdata.usac.org/EPC/Prd/Form470/260006411/127671/20643423-25260036N%20AZ%20Addendum%201.pdf
260006411,127671,SEMINOLE COUNTY SCHOOL DIST,Seminole County Public Schools,2026,2025-11-21,"Firewall Service, Components, and Necessary Software and Licenses",Internal Connections,https://publicdata.usac.org/EPC/Prd/Form470/260006411/127671/20666555-USAC_FCC_FORM_470_APPLICATION_260006411_CERTIFIED.pdf,https://publicdata.usac.org/EPC/Prd/Form470/260006411/127671/20666542-25260036N%20AZ%20Addendum%202.pdf
260006411,127671,SEMINOLE COUNTY SCHOOL DIST,Seminole County Public Schools,2026,2025-11-21,"Firewall Service, Components, and Necessary Software and Licenses",Internal Connections,https://publicdata.usac.org/EPC/Prd/Form470/260006411/127671/20666555-USAC_FCC_FORM_470_APPLICATION_260006411_CERTIFIED.pdf,https://publicdata.usac.org/EPC/Prd/Form470/260006411/127671/20643420-25260036N%20AZ%20ITN%20Document.pdf
260006411,127671,SEMINOLE COUNTY SCHOOL DIST,Seminole County Public Schools,2026,2025-11-21,"Firewall Service, Components, and Necessary Software and Licenses",Internal Connections,https://publicdata.usac.org/EPC/Prd/Form470/260006411/127671/20666555-USAC_FCC_FORM_470_APPLICATION_260006411_CERTIFIED.pdf,https://publicdata.usac.org/EPC/Prd/Form470/260006411/127671/20643425-Category%20Two%20Basic%20Maintenance%20of%20Internal%20Connections%20Version%2021.0.xlsm
260006411,127671,SEMINOLE COUNTY SCHOOL DIST,Seminole County Public Schools,2026,2025-11-21,"Firewall Service, Components, and Necessary Software and Licenses",Internal Connections,https://publicdata.usac.org/EPC/Prd/Form470/260006411/127671/20666555-USAC_FCC_FORM_470_APPLICATION_260006411_CERTIFIED.pdf,https://publicdata.usac.org/EPC/Prd/Form470/260006411/127671/20643424-Category%20Two%20Internal%20Connections%20Version%2021.0.xlsm
260006411,127671,SEMINOLE COUNTY SCHOOL DIST,Seminole County Public Schools,2026,2025-11-21,"Firewall Service, Components, and Necessary Software and Licenses",Internal Connections,https://publicdata.usac.org/EPC/Prd/Form470/260006411/127671/20666555-USAC_FCC_FORM_470_APPLICATION_260006411_CERTIFIED.pdf,https://publicdata.usac.org/EPC/Prd/Form470/260006411/127671/20643421-Exhibit%20B%20Price%20Schedule%20v2.xlsx
260006411,127671,SEMINOLE COUNTY SCHOOL DIST,Seminole County Public Schools,2026,2025-11-21,"Firewall Service, Components, and Necessary Software and Licenses",Internal Connections,https://publicdata.usac.org/EPC/Prd/Form470/260006411/127671/20666555-USAC_FCC_FORM_470_APPLICATION_260006411_CERTIFIED.pdf,https://publicdata.usac.org/EPC/Prd/Form470/260006411/127671/20643422-Exhibit%20L%20DRAFT%20Service%20Agreement.pdf
260006411,127671,SEMINOLE COUNTY SCHOOL DIST,Seminole County Public Schools,2026,2025-11-21,Firewall Service and Components,Basic Maintenance of Internal Connections,https://publicdata.usac.org/EPC/Prd/Form470/260006411/127671/20666555-USAC_FCC_FORM_470_APPLICATION_260006411_CERTIFIED.pdf,https://publicdata.usac.org/EPC/Prd/Form470/260006411/127671/20643423-25260036N%20AZ%20Addendum%201.pdf
260006411,127671,SEMINOLE COUNTY SCHOOL DIST,Seminole County Public Schools,2026,2025-11-21,Firewall Service and Components,Basic Maintenance of Internal Connections,https://publicdata.usac.org/EPC/Prd/Form470/260006411/127671/20666555-USAC_FCC_FORM_470_APPLICATION_260006411_CERTIFIED.pdf,https://publicdata.usac.org/EPC/Prd/Form470/260006411/127671/20666542-25260036N%20AZ%20Addendum%202.pdf
260006411,127671,SEMINOLE COUNTY SCHOOL DIST,Seminole County Public Schools,2026,2025-11-21,Firewall Service and Components,Basic Maintenance of Internal Connections,https://publicdata.usac.org/EPC/Prd/Form470/260006411/127671/20666555-USAC_FCC_FORM_470_APPLICATION_260006411_CERTIFIED.pdf,https://publicdata.usac.org/EPC/Prd/Form470/260006411/127671/20643420-25260036N%20AZ%20ITN%20Document.pdf
260006411,127671,SEMINOLE COUNTY SCHOOL DIST,Seminole County Public Schools,2026,2025-11-21,Firewall Service and Components,Basic Maintenance of Internal Connections,https://publicdata.usac.org/EPC/Prd/Form470/260006411/127671/20666555-USAC_FCC_FORM_470_APPLICATION_260006411_CERTIFIED.pdf,https://publicdata.usac.org/EPC/Prd/Form470/260006411/127671/20643425-Category%20Two%20Basic%20Maintenance%20of%20Internal%20Connections%20Version%2021.0.xlsm
260006411,127671,SEMINOLE COUNTY SCHOOL DIST,Seminole County Public Schools,2026,2025-11-21,Firewall Service and Components,Basic Maintenance of Internal Connections,https://publicdata.usac.org/EPC/Prd/Form470/260006411/127671/20666555-USAC_FCC_FORM_470_APPLICATION_260006411_CERTIFIED.pdf,https://publicdata.usac.org/EPC/Prd/Form470/260006411/127671/20643424-Category%20Two%20Internal%20Connections%20Version%2021.0.xlsm
260006411,127671,SEMINOLE COUNTY SCHOOL DIST,Seminole County Public Schools,2026,2025-11-21,Firewall Service and Components,Basic Maintenance of Internal Connections,https://publicdata.usac.org/EPC/Prd/Form470/260006411/127671/20666555-USAC_FCC_FORM_470_APPLICATION_260006411_CERTIFIED.pdf,https://publicdata.usac.org/EPC/Prd/Form470/260006411/127671/20643421-Exhibit%20B%20Price%20Schedule%20v2.xlsx
260006411,127671,SEMINOLE COUNTY SCHOOL DIST,Seminole County Public Schools,2026,2025-11-21,Firewall Service and Components,Basic Maintenance of Internal Connections,https://publicdata.usac.org/EPC/Prd/Form470/260006411/127671/20666555-USAC_FCC_FORM_470_APPLICATION_260006411_CERTIFIED.pdf,https://publicdata.usac.org/EPC/Prd/Form470/260006411/127671/20643422-Exhibit%20L%20DRAFT%20Service%20Agreement.pdf
260006411,127671,SEMINOLE COUNTY SCHOOL DIST,Seminole County Public Schools,2026,2025-11-21,"Firewall Service, Components, and Necessary Software and Licenses",Internal Connections,https://publicdata.usac.org/EPC/Prd/Form470/260006411/127671/20666555-USAC_FCC_FORM_470_APPLICATION_260006411_CERTIFIED.pdf,https://publicdata.usac.org/EPC/Prd/Form470/260006411/127671/20643423-25260036N%20AZ%20Addendum%201.pdf
260006411,127671,SEMINOLE COUNTY SCHOOL DIST,Seminole County Public Schools,2026,2025-11-21,"Firewall Service, Components, and Necessary Software and Licenses",Internal Connections,https://publicdata.usac.org/EPC/Prd/Form470/260006411/127671/20666555-USAC_FCC_FORM_470_APPLICATION_260006411_CERTIFIED.pdf,https://publicdata.usac.org/EPC/Prd/Form470/260006411/127671/20666542-25260036N%20AZ%20Addendum%202.pdf
260006411,127671,SEMINOLE COUNTY SCHOOL DIST,Seminole County Public Schools,2026,2025-11-21,"Firewall Service, Components, and Necessary Software and Licenses",Internal Connections,https://publicdata.usac.org/EPC/Prd/Form470/260006411/127671/20666555-USAC_FCC_FORM_470_APPLICATION_260006411_CERTIFIED.pdf,https://publicdata.usac.org/EPC/Prd/Form470/260006411/127671/20643420-25260036N%20AZ%20ITN%20Document.pdf
260006411,127671,SEMINOLE COUNTY SCHOOL DIST,Seminole County Public Schools,2026,2025-11-21,"Firewall Service, Components, and Necessary Software and Licenses",Internal Connections,https://publicdata.usac.org/EPC/Prd/Form470/260006411/127671/20666555-USAC_FCC_FORM_470_APPLICATION_260006411_CERTIFIED.pdf,https://publicdata.usac.org/EPC/Prd/Form470/260006411/127671/20643425-Category%20Two%20Basic%20Maintenance%20of%20Internal%20Connections%20Version%2021.0.xlsm
260006411,127671,SEMINOLE COUNTY SCHOOL DIST,Seminole County Public Schools,2026,2025-11-21,"Firewall Service, Components, and Necessary Software and Licenses",Internal Connections,https://publicdata.usac.org/EPC/Prd/Form470/260006411/127671/20666555-USAC_FCC_FORM_470_APPLICATION_260006411_CERTIFIED.pdf,https://publicdata.usac.org/EPC/Prd/Form470/260006411/127671/20643424-Category%20Two%20Internal%20Connections%20Version%2021.0.xlsm
260006411,127671,SEMINOLE COUNTY SCHOOL DIST,Seminole County Public Schools,2026,2025-11-21,"Firewall Service, Components, and Necessary Software and Licenses",Internal Connections,https://publicdata.usac.org/EPC/Prd/Form470/260006411/127671/20666555-USAC_FCC_FORM_470_APPLICATION_260006411_CERTIFIED.pdf,https://publicdata.usac.org/EPC/Prd/Form470/260006411/127671/20643421-Exhibit%20B%20Price%20Schedule%20v2.xlsx
260006411,127671,SEMINOLE COUNTY SCHOOL DIST,Seminole County Public Schools,2026,2025-11-21,"Firewall Service, Components, and Necessary Software and Licenses",Internal Connections,https://publicdata.usac.org/EPC/Prd/Form470/260006411/127671/20666555-USAC_FCC_FORM_470_APPLICATION_260006411_CERTIFIED.pdf,https://publicdata.usac.org/EPC/Prd/Form470/260006411/127671/20643422-Exhibit%20L%20DRAFT%20Service%20Agreement.pdf
260006411,127671,SEMINOLE COUNTY SCHOOL DIST,Seminole County Public Schools,2026,2025-11-21,Firewall Service and Components,Basic Maintenance of Internal Connections,https://publicdata.usac.org/EPC/Prd/Form470/260006411/127671/20666555-USAC_FCC_FORM_470_APPLICATION_260006411_CERTIFIED.pdf,https://publicdata.usac.org/EPC/Prd/Form470/260006411/127671/20643423-25260036N%20AZ%20Addendum%201.pdf
260006411,127671,SEMINOLE COUNTY SCHOOL DIST,Seminole County Public Schools,2026,2025-11-21,Firewall Service and Components,Basic Maintenance of Internal Connections,https://publicdata.usac.org/EPC/Prd/Form470/260006411/127671/20666555-USAC_FCC_FORM_470_APPLICATION_260006411_CERTIFIED.pdf,https://publicdata.usac.org/EPC/Prd/Form470/260006411/127671/20666542-25260036N%20AZ%20Addendum%202.pdf
260006411,127671,SEMINOLE COUNTY SCHOOL DIST,Seminole County Public Schools,2026,2025-11-21,Firewall Service and Components,Basic Maintenance of Internal Connections,https://publicdata.usac.org/EPC/Prd/Form470/260006411/127671/20666555-USAC_FCC_FORM_470_APPLICATION_260006411_CERTIFIED.pdf,https://publicdata.usac.org/EPC/Prd/Form470/260006411/127671/20643420-25260036N%20AZ%20ITN%20Document.pdf
260006411,127671,SEMINOLE COUNTY SCHOOL DIST,Seminole County Public Schools,2026,2025-11-21,Firewall Service and Components,Basic Maintenance of Internal Connections,https://publicdata.usac.org/EPC/Prd/Form470/260006411/127671/20666555-USAC_FCC_FORM_470_APPLICATION_260006411_CERTIFIED.pdf,https://publicdata.usac.org/EPC/Prd/Form470/260006411/127671/20643425-Category%20Two%20Basic%20Maintenance%20of%20Internal%20Connections%20Version%2021.0.xlsm
260006411,127671,SEMINOLE COUNTY SCHOOL DIST,Seminole County Public Schools,2026,2025-11-21,Firewall Service and Components,Basic Maintenance of Internal Connections,https://publicdata.usac.org/EPC/Prd/Form470/260006411/127671/20666555-USAC_FCC_FORM_470_APPLICATION_260006411_CERTIFIED.pdf,https://publicdata.usac.org/EPC/Prd/Form470/260006411/127671/20643424-Category%20Two%20Internal%20Connections%20Version%2021.0.xlsm
260006411,127671,SEMINOLE COUNTY SCHOOL DIST,Seminole County Public Schools,2026,2025-11-21,Firewall Service and Components,Basic Maintenance of Internal Connections,https://publicdata.usac.org/EPC/Prd/Form470/260006411/127671/20666555-USAC_FCC_FORM_470_APPLICATION_260006411_CERTIFIED.pdf,https://publicdata.usac.org/EPC/Prd/Form470/260006411/127671/20643421-Exhibit%20B%20Price%20Schedule%20v2.xlsx
260006411,127671,SEMINOLE COUNTY SCHOOL DIST,Seminole County Public Schools,2026,2025-11-21,Firewall Service and Components,Basic Maintenance of Internal Connections,https://publicdata.usac.org/EPC/Prd/Form470/260006411/127671/20666555-USAC_FCC_FORM_470_APPLICATION_260006411_CERTIFIED.pdf,https://publicdata.usac.org/EPC/Prd/Form470/260006411/127671/20643422-Exhibit%20L%20DRAFT%20Service%20Agreement.pdf
260007206,127825,HIGHLANDS COUNTY SCHOOL DIST,Highlands County School District,2026,2025-11-21,"Firewall Service, Components, and Necessary Software and Licenses",Internal Connections,https://publicdata.usac.org/EPC/Prd/Form470/260007206/127825/20644819-USAC_FCC_FORM_470_APPLICATION_260007206_CERTIFIED.pdf,https://publicdata.usac.org/EPC/Prd/Form470/260007206/127825/20643828-Category%20Two%20Internal%20Connections%20Version%2021.0.xlsm
260007206,127825,HIGHLANDS COUNTY SCHOOL DIST,Highlands County School District,2026,2025-11-21,"Firewall Service, Components, and Necessary Software and Licenses",Internal Connections,https://publicdata.usac.org/EPC/Prd/Form470/260007206/127825/20644819-USAC_FCC_FORM_470_APPLICATION_260007206_CERTIFIED.pdf,https://publicdata.usac.org/EPC/Prd/Form470/260007206/127825/20643828-Category%20Two%20Internal%20Connections%20Version%2021.0.xlsm
260007206,127825,HIGHLANDS COUNTY SCHOOL DIST,Highlands County School District,2026,2025-11-21,"Firewall Service, Components, and Necessary Software and Licenses",Internal Connections,https://publicdata.usac.org/EPC/Prd/Form470/260007206/127825/20644819-USAC_FCC_FORM_470_APPLICATION_260007206_CERTIFIED.pdf,https://publicdata.usac.org/EPC/Prd/Form470/260007206/127825/20643823-SBHC2526%2007%20%20iBoss%20FWaaS.pdf
260007206,127825,HIGHLANDS COUNTY SCHOOL DIST,Highlands County School District,2026,2025-11-21,Firewall Service and Components,Basic Maintenance of Internal Connections,https://publicdata.usac.org/EPC/Prd/Form470/260007206/127825/20644819-USAC_FCC_FORM_470_APPLICATION_260007206_CERTIFIED.pdf,https://publicdata.usac.org/EPC/Prd/Form470/260007206/127825/20643829-Category%20Two%20Basic%20Maintenance%20of%20Internal%20Connections%20Version%2021.0.xlsm
260007206,127825,HIGHLANDS COUNTY SCHOOL DIST,Highlands County School District,2026,2025-11-21,Firewall Service and Components,Basic Maintenance of Internal Connections,https://publicdata.usac.org/EPC/Prd/Form470/260007206/127825/20644819-USAC_FCC_FORM_470_APPLICATION_260007206_CERTIFIED.pdf,https://publicdata.usac.org/EPC/Prd/Form470/260007206/127825/20643828-Category%20Two%20Internal%20Connections%20Version%2021.0.xlsm
260007206,127825,HIGHLANDS COUNTY SCHOOL DIST,Highlands County School District,2026,2025-11-21,Firewall Service and Components,Basic Maintenance of Internal Connections,https://publicdata.usac.org/EPC/Prd/Form470/260007206/127825/20644819-USAC_FCC_FORM_470_APPLICATION_260007206_CERTIFIED.pdf,https://publicdata.usac.org/EPC/Prd/Form470/260007206/127825/20643823-SBHC2526%2007%20%20iBoss%20FWaaS.pdf
260007206,127825,HIGHLANDS COUNTY SCHOOL DIST,Highlands County School District,2026,2025-11-21,"Firewall Service, Components, and Necessary Software and Licenses",Internal Connections,https://publicdata.usac.org/EPC/Prd/Form470/260007206/127825/20644819-USAC_FCC_FORM_470_APPLICATION_260007206_CERTIFIED.pdf,https://publicdata.usac.org/EPC/Prd/Form470/260007206/127825/20643829-Category%20Two%20Basic%20Maintenance%20of%20Internal%20Connections%20Version%2021.0.xlsm
260007206,127825,HIGHLANDS COUNTY SCHOOL DIST,Highlands County School District,2026,2025-11-21,"Firewall Service, Components, and Necessary Software and Licenses",Internal Connections,https://publicdata.usac.org/EPC/Prd/Form470/260007206/127825/20644819-USAC_FCC_FORM_470_APPLICATION_260007206_CERTIFIED.pdf,https://publicdata.usac.org/EPC/Prd/Form470/260007206/127825/20643828-Category%20Two%20Internal%20Connections%20Version%2021.0.xlsm
260007206,127825,HIGHLANDS COUNTY SCHOOL DIST,Highlands County School District,2026,2025-11-21,"Firewall Service, Components, and Necessary Software and Licenses",Internal Connections,https://publicdata.usac.org/EPC/Prd/Form470/260007206/127825/20644819-USAC_FCC_FORM_470_APPLICATION_260007206_CERTIFIED.pdf,https://publicdata.usac.org/EPC/Prd/Form470/260007206/127825/20643823-SBHC2526%2007%20%20iBoss%20FWaaS.pdf
260007206,127825,HIGHLANDS COUNTY SCHOOL DIST,Highlands County School District,2026,2025-11-21,Firewall Service and Components,Basic Maintenance of Internal Connections,https://publicdata.usac.org/EPC/Prd/Form470/260007206/127825/20644819-USAC_FCC_FORM_470_APPLICATION_260007206_CERTIFIED.pdf,https://publicdata.usac.org/EPC/Prd/Form470/260007206/127825/20643829-Category%20Two%20Basic%20Maintenance%20of%20Internal%20Connections%20Version%2021.0.xlsm
260007206,127825,HIGHLANDS COUNTY SCHOOL DIST,Highlands County School District,2026,2025-11-21,Firewall Service and Components,Basic Maintenance of Internal Connections,https://publicdata.usac.org/EPC/Prd/Form470/260007206/127825/20644819-USAC_FCC_FORM_470_APPLICATION_260007206_CERTIFIED.pdf,https://publicdata.usac.org/EPC/Prd/Form470/260007206/127825/20643828-Category%20Two%20Internal%20Connections%20Version%2021.0.xlsm
260007206,127825,HIGHLANDS COUNTY SCHOOL DIST,Highlands County School District,2026,2025-11-21,Firewall Service and Components,Basic Maintenance of Internal Connections,https://publicdata.usac.org/EPC/Prd/Form470/260007206/127825/20644819-USAC_FCC_FORM_470_APPLICATION_260007206_CERTIFIED.pdf,https://publicdata.usac.org/EPC/Prd/Form470/260007206/127825/20643823-SBHC2526%2007%20%20iBoss%20FWaaS.pdf
260007206,127825,HIGHLANDS COUNTY SCHOOL DIST,Highlands County School District,2026,2025-11-21,"Firewall Service, Components, and Necessary Software and Licenses",Internal Connections,https://publicdata.usac.org/EPC/Prd/Form470/260007206/127825/20644819-USAC_FCC_FORM_470_APPLICATION_260007206_CERTIFIED.pdf,https://publicdata.usac.org/EPC/Prd/Form470/260007206/127825/20643829-Category%20Two%20Basic%20Maintenance%20of%20Internal%20Connections%20Version%2021.0.xlsm
260007206,127825,HIGHLANDS COUNTY SCHOOL DIST,Highlands County School District,2026,2025-11-21,"Firewall Service, Components, and Necessary Software and Licenses",Internal Connections,https://publicdata.usac.org/EPC/Prd/Form470/260007206/127825/20644819-USAC_FCC_FORM_470_APPLICATION_260007206_CERTIFIED.pdf,https://publicdata.usac.org/EPC/Prd/Form470/260007206/127825/20643828-Category%20Two%20Internal%20Connections%20Version%2021.0.xlsm
260007206,127825,HIGHLANDS COUNTY SCHOOL DIST,Highlands County School District,2026,2025-11-21,"Firewall Service, Components, and Necessary Software and Licenses",Internal Connections,https://publicdata.usac.org/EPC/Prd/Form470/260007206/127825/20644819-USAC_FCC_FORM_470_APPLICATION_260007206_CERTIFIED.pdf,https://publicdata.usac.org/EPC/Prd/Form470/260007206/127825/20643823-SBHC2526%2007%20%20iBoss%20FWaaS.pdf
260007206,127825,HIGHLANDS COUNTY SCHOOL DIST,Highlands County School District,2026,2025-11-21,Firewall Service and Components,Basic Maintenance of Internal Connections,https://publicdata.usac.org/EPC/Prd/Form470/260007206/127825/20644819-USAC_FCC_FORM_470_APPLICATION_260007206_CERTIFIED.pdf,https://publicdata.usac.org/EPC/Prd/Form470/260007206/127825/20643829-Category%20Two%20Basic%20Maintenance%20of%20Internal%20Connections%20Version%2021.0.xlsm
260007206,127825,HIGHLANDS COUNTY SCHOOL DIST,Highlands County School District,2026,2025-11-21,Firewall Service and Components,Basic Maintenance of Internal Connections,https://publicdata.usac.org/EPC/Prd/Form470/260007206/127825/20644819-USAC_FCC_FORM_470_APPLICATION_260007206_CERTIFIED.pdf,https://publicdata.usac.org/EPC/Prd/Form470/260007206/127825/20643828-Category%20Two%20Internal%20Connections%20Version%2021.0.xlsm
260007206,127825,HIGHLANDS COUNTY SCHOOL DIST,Highlands County School District,2026,2025-11-21,Firewall Service and Components,Basic Maintenance of Internal Connections,https://publicdata.usac.org/EPC/Prd/Form470/260007206/127825/20644819-USAC_FCC_FORM_470_APPLICATION_260007206_CERTIFIED.pdf,https://publicdata.usac.org/EPC/Prd/Form470/260007206/127825/20643823-SBHC2526%2007%20%20iBoss%20FWaaS.pdf
260007206,127825,HIGHLANDS COUNTY SCHOOL DIST,Highlands County School District,2026,2025-11-21,"Firewall Service, Components, and Necessary Software and Licenses",Internal Connections,https://publicdata.usac.org/EPC/Prd/Form470/260007206/127825/20644819-USAC_FCC_FORM_470_APPLICATION_260007206_CERTIFIED.pdf,https://publicdata.usac.org/EPC/Prd/Form470/260007206/127825/20643829-Category%20Two%20Basic%20Maintenance%20of%20Internal%20Connections%20Version%2021.0.xlsm
260007206,127825,HIGHLANDS COUNTY SCHOOL DIST,Highlands County School District,2026,2025-11-21,"Firewall Service, Components, and Necessary Software and Licenses",Internal Connections,https://publicdata.usac.org/EPC/Prd/Form470/260007206/127825/20644819-USAC_FCC_FORM_470_APPLICATION_260007206_CERTIFIED.pdf,https://publicdata.usac.org/EPC/Prd/Form470/260007206/127825/20643828-Category%20Two%20Internal%20Connections%20Version%2021.0.xlsm
260007206,127825,HIGHLANDS COUNTY SCHOOL DIST,Highlands County School District,2026,2025-11-21,"Firewall Service, Components, and Necessary Software and Licenses",Internal Connections,https://publicdata.usac.org/EPC/Prd/Form470/260007206/127825/20644819-USAC_FCC_FORM_470_APPLICATION_260007206_CERTIFIED.pdf,https://publicdata.usac.org/EPC/Prd/Form470/260007206/127825/20643823-SBHC2526%2007%20%20iBoss%20FWaaS.pdf
260007206,127825,HIGHLANDS COUNTY SCHOOL DIST,Highlands County School District,2026,2025-11-21,Firewall Service and Components,Basic Maintenance of Internal Connections,https://publicdata.usac.org/EPC/Prd/Form470/260007206/127825/20644819-USAC_FCC_FORM_470_APPLICATION_260007206_CERTIFIED.pdf,https://publicdata.usac.org/EPC/Prd/Form470/260007206/127825/20643829-Category%20Two%20Basic%20Maintenance%20of%20Internal%20Connections%20Version%2021.0.xlsm
260007206,127825,HIGHLANDS COUNTY SCHOOL DIST,Highlands County School District,2026,2025-11-21,Firewall Service and Components,Basic Maintenance of Internal Connections,https://publicdata.usac.org/EPC/Prd/Form470/260007206/127825/20644819-USAC_FCC_FORM_470_APPLICATION_260007206_CERTIFIED.pdf,https://publicdata.usac.org/EPC/Prd/Form470/260007206/127825/20643828-Category%20Two%20Internal%20Connections%20Version%2021.0.xlsm
260007206,127825,HIGHLANDS COUNTY SCHOOL DIST,Highlands County School District,2026,2025-11-21,Firewall Service and Components,Basic Maintenance of Internal Connections,https://publicdata.usac.org/EPC/Prd/Form470/260007206/127825/20644819-USAC_FCC_FORM_470_APPLICATION_260007206_CERTIFIED.pdf,https://publicdata.usac.org/EPC/Prd/Form470/260007206/127825/20643823-SBHC2526%2007%20%20iBoss%20FWaaS.pdf
260007206,127825,HIGHLANDS COUNTY SCHOOL DIST,Highlands County School District,2026,2025-11-21,"Firewall Service, Components, and Necessary Software and Licenses",Internal Connections,https://publicdata.usac.org/EPC/Prd/Form470/260007206/127825/20644819-USAC_FCC_FORM_470_APPLICATION_260007206_CERTIFIED.pdf,https://publicdata.usac.org/EPC/Prd/Form470/260007206/127825/20643829-Category%20Two%20Basic%20Maintenance%20of%20Internal%20Connections%20Version%2021.0.xlsm
260007206,127825,HIGHLANDS COUNTY SCHOOL DIST,Highlands County School District,2026,2025-11-21,"Firewall Service, Components, and Necessary Software and Licenses",Internal Connections,https://publicdata.usac.org/EPC/Prd/Form470/260007206/127825/20644819-USAC_FCC_FORM_470_APPLICATION_260007206_CERTIFIED.pdf,https://publicdata.usac.org/EPC/Prd/Form470/260007206/127825/20643823-SBHC2526%2007%20%20iBoss%20FWaaS.pdf
260007206,127825,HIGHLANDS COUNTY SCHOOL DIST,Highlands County School District,2026,2025-11-21,Firewall Service and Components,Basic Maintenance of Internal Connections,https://publicdata.usac.org/EPC/Prd/Form470/260007206/127825/20644819-USAC_FCC_FORM_470_APPLICATION_260007206_CERTIFIED.pdf,https://publicdata.usac.org/EPC/Prd/Form470/260007206/127825/20643829-Category%20Two%20Basic%20Maintenance%20of%20Internal%20Connections%20Version%2021.0.xlsm
260007206,127825,HIGHLANDS COUNTY SCHOOL DIST,Highlands County School District,2026,2025-11-21,Firewall Service and Components,Basic Maintenance of Internal Connections,https://publicdata.usac.org/EPC/Prd/Form470/260007206/127825/20644819-USAC_FCC_FORM_470_APPLICATION_260007206_CERTIFIED.pdf,https://publicdata.usac.org/EPC/Prd/Form470/260007206/127825/20643828-Category%20Two%20Internal%20Connections%20Version%2021.0.xlsm
260007206,127825,HIGHLANDS COUNTY SCHOOL DIST,Highlands County School District,2026,2025-11-21,Firewall Service and Components,Basic Maintenance of Internal Connections,https://publicdata.usac.org/EPC/Prd/Form470/260007206/127825/20644819-USAC_FCC_FORM_470_APPLICATION_260007206_CERTIFIED.pdf,https://publicdata.usac.org/EPC/Prd/Form470/260007206/127825/20643823-SBHC2526%2007%20%20iBoss%20FWaaS.pdf
260007206,127825,HIGHLANDS COUNTY SCHOOL DIST,Highlands County School District,2026,2025-11-21,"Firewall Service, Components, and Necessary Software and Licenses",Internal Connections,https://publicdata.usac.org/EPC/Prd/Form470/260007206/127825/20644819-USAC_FCC_FORM_470_APPLICATION_260007206_CERTIFIED.pdf,https://publicdata.usac.org/EPC/Prd/Form470/260007206/127825/20643829-Category%20Two%20Basic%20Maintenance%20of%20Internal%20Connections%20Version%2021.0.xlsm
260007206,127825,HIGHLANDS COUNTY SCHOOL DIST,Highlands County School District,2026,2025-11-21,"Firewall Service, Components, and Necessary Software and Licenses",Internal Connections,https://publicdata.usac.org/EPC/Prd/Form470/260007206/127825/20644819-USAC_FCC_FORM_470_APPLICATION_260007206_CERTIFIED.pdf,https://publicdata.usac.org/EPC/Prd/Form470/260007206/127825/20643828-Category%20Two%20Internal%20Connections%20Version%2021.0.xlsm
260007206,127825,HIGHLANDS COUNTY SCHOOL DIST,Highlands County School District,2026,2025-11-21,"Firewall Service, Components, and Necessary Software and Licenses",Internal Connections,https://publicdata.usac.org/EPC/Prd/Form470/260007206/127825/20644819-USAC_FCC_FORM_470_APPLICATION_260007206_CERTIFIED.pdf,https://publicdata.usac.org/EPC/Prd/Form470/260007206/127825/20643823-SBHC2526%2007%20%20iBoss%20FWaaS.pdf
260007206,127825,HIGHLANDS COUNTY SCHOOL DIST,Highlands County School District,2026,2025-11-21,Firewall Service and Components,Basic Maintenance of Internal Connections,https://publicdata.usac.org/EPC/Prd/Form470/260007206/127825/20644819-USAC_FCC_FORM_470_APPLICATION_260007206_CERTIFIED.pdf,https://publicdata.usac.org/EPC/Prd/Form470/260007206/127825/20643829-Category%20Two%20Basic%20Maintenance%20of%20Internal%20Connections%20Version%2021.0.xlsm
260007206,127825,HIGHLANDS COUNTY SCHOOL DIST,Highlands County School District,2026,2025-11-21,Firewall Service and Components,Basic Maintenance of Internal Connections,https://publicdata.usac.org/EPC/Prd/Form470/260007206/127825/20644819-USAC_FCC_FORM_470_APPLICATION_260007206_CERTIFIED.pdf,https://publicdata.usac.org/EPC/Prd/Form470/260007206/127825/20643828-Category%20Two%20Internal%20Connections%20Version%2021.0.xlsm
260007206,127825,HIGHLANDS COUNTY SCHOOL DIST,Highlands County School District,2026,2025-11-21,Firewall Service and Components,Basic Maintenance of Internal Connections,https://publicdata.usac.org/EPC/Prd/Form470/260007206/127825/20644819-USAC_FCC_FORM_470_APPLICATION_260007206_CERTIFIED.pdf,https://publicdata.usac.org/EPC/Prd/Form470/260007206/127825/20643823-SBHC2526%2007%20%20iBoss%20FWaaS.pdf
260007206,127825,HIGHLANDS COUNTY SCHOOL DIST,Highlands County School District,2026,2025-11-21,"Firewall Service, Components, and Necessary Software and Licenses",Internal Connections,https://publicdata.usac.org/EPC/Prd/Form470/260007206/127825/20644819-USAC_FCC_FORM_470_APPLICATION_260007206_CERTIFIED.pdf,https://publicdata.usac.org/EPC/Prd/Form470/260007206/127825/20643829-Category%20Two%20Basic%20Maintenance%20of%20Internal%20Connections%20Version%2021.0.xlsm
260006189,127641,ESCAMBIA COUNTY SCHOOL DIST,Escambia County Public Schools,2026,2025-11-21,"Firewall Service, Components, and Necessary Software and Licenses",Internal Connections,https://publicdata.usac.org/EPC/Prd/Form470/260006189/127641/20646207-USAC_FCC_FORM_470_APPLICATION_260006189_CERTIFIED.pdf,https://publicdata.usac.org/EPC/Prd/Form470/260006189/127641/20645698-FY26_470_260006189%20Firewall.pdf
260007788,17031093,"Palm Bay Education Group, Inc.",,2026,2025-12-03,"Firewall Service, Components, and Necessary Software and Licenses",Internal Connections,https://publicdata.usac.org/EPC/Prd/Form470/260007788/17031093/20675008-USAC_FCC_FORM_470_APPLICATION_260007788_CERTIFIED.pdf,
260007788,17031093,"Palm Bay Education Group, Inc.",,2026,2025-12-03,Firewall Service and Components,Basic Maintenance of Internal Connections,https://publicdata.usac.org/EPC/Prd/Form470/260007788/17031093/20675008-USAC_FCC_FORM_470_APPLICATION_260007788_CERTIFIED.pdf,
260009204,17000165,Walton County School District,Walton County School District,2026,2025-12-09,"Firewall Service, Components, and Necessary Software and Licenses",Internal Connections,https://publicdata.usac.org/EPC/Prd/Form470/260009204/17000165/20706730-USAC_FCC_FORM_470_APPLICATION_260009204_CERTIFIED.pdf,https://publicdata.usac.org/EPC/Prd/Form470/260009204/17000165/20706374-Walton%20FY26%20C2%20Proposed%20BOM.xlsx
260009204,17000165,Walton County School District,Walton County School District,2026,2025-12-09,"Firewall Service, Components, and Necessary Software and Licenses",Internal Connections,https://publicdata.usac.org/EPC/Prd/Form470/260009204/17000165/20706730-USAC_FCC_FORM_470_APPLICATION_260009204_CERTIFIED.pdf,https://publicdata.usac.org/EPC/Prd/Form470/260009204/17000165/20706373-Walton%20FY26%20C2%20Specification.pdf
260009204,17000165,Walton County School District,Walton County School District,2026,2025-12-09,Firewall Service and Components,Basic Maintenance of Internal Connections,https://publicdata.usac.org/EPC/Prd/Form470/260009204/17000165/20706730-USAC_FCC_FORM_470_APPLICATION_260009204_CERTIFIED.pdf,https://publicdata.usac.org/EPC/Prd/Form470/260009204/17000165/20706374-Walton%20FY26%20C2%20Proposed%20BOM.xlsx
260009204,17000165,Walton County School District,Walton County School District,2026,2025-12-09,Firewall Service and Components,Basic Maintenance of Internal Connections,https://publicdata.usac.org/EPC/Prd/Form470/260009204/17000165/20706730-USAC_FCC_FORM_470_APPLICATION_260009204_CERTIFIED.pdf,https://publicdata.usac.org/EPC/Prd/Form470/260009204/17000165/20706373-Walton%20FY26%20C2%20Specification.pdf
260010281,127648,OKALOOSA COUNTY SCHOOL DIST,Okaloosa County School District,2026,2025-12-18,"Firewall Service, Components, and Necessary Software and Licenses",Internal Connections,https://publicdata.usac.org/EPC/Prd/Form470/260010281/127648/20753533-USAC_FCC_FORM_470_APPLICATION_260010281_CERTIFIED.pdf,https://publicdata.usac.org/EPC/Prd/Form470/260010281/127648/20753379-ITB2605NetworkInfrastructure.pdf
260010323,17050302,BridgePrep Academy of Riverview,,2026,2025-12-19,Firewall Service and Components,Basic Maintenance of Internal Connections,https://publicdata.usac.org/EPC/Prd/Form470/260010323/17050302/20755771-USAC_FCC_FORM_470_APPLICATION_260010323_CERTIFIED.pdf,https://publicdata.usac.org/EPC/Prd/Form470/260010323/17050302/20736147-2026%20BridgePrep%20Riverview%20Equipment.xlsx
260010325,17050320,BridgePrep Academy of Village Green,,2026,2025-12-19,Firewall Service and Components,Basic Maintenance of Internal Connections,https://publicdata.usac.org/EPC/Prd/Form470/260010325/17050320/20755796-USAC_FCC_FORM_470_APPLICATION_260010325_CERTIFIED.pdf,https://publicdata.usac.org/EPC/Prd/Form470/260010325/17050320/20736170-2026%20BridgePrep%20VG%20Equipment.xlsx
260010328,17050298,BridgePrep Academy of Doral,,2026,2025-12-19,Firewall Service and Components,Basic Maintenance of Internal Connections,https://publicdata.usac.org/EPC/Prd/Form470/260010328/17050298/20755891-USAC_FCC_FORM_470_APPLICATION_260010328_CERTIFIED.pdf,https://publicdata.usac.org/EPC/Prd/Form470/260010328/17050298/20736213-2026%20BridgePrep%20Doral%20Equipment.xlsx
260013968,127626,CALHOUN COUNTY SCHOOL DISTRICT,Calhoun County School District,2026,2026-01-14,Firewall Service and Components,Basic Maintenance of Internal Connections,https://publicdata.usac.org/EPC/Prd/Form470/260013968/127626/20886140-USAC_FCC_FORM_470_APPLICATION_260013968_CERTIFIED.pdf,
260013968,127626,CALHOUN COUNTY SCHOOL DISTRICT,Calhoun County School District,2026,2026-01-14,"Firewall Service, Components, and Necessary Software and Licenses",Internal Connections,https://publicdata.usac.org/EPC/Prd/Form470/260013968/127626/20886140-USAC_FCC_FORM_470_APPLICATION_260013968_CERTIFIED.pdf,
260014783,211833,ROWLETT ACADEMY,,2026,2026-01-15,"Firewall Service, Components, and Necessary Software and Licenses",Internal Connections,https://publicdata.usac.org/EPC/Prd/Form470/260014783/211833/20898566-USAC_FCC_FORM_470_APPLICATION_260014783_CERTIFIED.pdf,https://publicdata.usac.org/EPC/Prd/Form470/260014783/211833/20898442-RFP%20%20C2%202026.xlsx
260014783,211833,ROWLETT ACADEMY,,2026,2026-01-15,Firewall Service and Components,Basic Maintenance of Internal Connections,https://publicdata.usac.org/EPC/Prd/Form470/260014783/211833/20898566-USAC_FCC_FORM_470_APPLICATION_260014783_CERTIFIED.pdf,https://publicdata.usac.org/EPC/Prd/Form470/260014783/211833/20898442-RFP%20%20C2%202026.xlsx
260010528,17004273,"Odyssey Charter Schools, Inc.",,2026,2026-01-21,Firewall Service and Components,Basic Maintenance of Internal Connections,https://publicdata.usac.org/EPC/Prd/Form470/260010528/17004273/20957723-USAC_FCC_FORM_470_APPLICATION_260010528_CERTIFIED.pdf,
260010528,17004273,"Odyssey Charter Schools, Inc.",,2026,2026-01-21,"Firewall Service, Components, and Necessary Software and Licenses",Internal Connections,https://publicdata.usac.org/EPC/Prd/Form470/260010528/17004273/20957723-USAC_FCC_FORM_470_APPLICATION_260010528_CERTIFIED.pdf,
260015913,127706,SCHOOL BOARD OF INDIAN RIVER,School District of Indian River County,2026,2026-01-21,"Firewall Service, Components, and Necessary Software and Licenses",Internal Connections,https://publicdata.usac.org/EPC/Prd/Form470/260015913/127706/20958254-USAC_FCC_FORM_470_APPLICATION_260015913_CERTIFIED.pdf,https://publicdata.usac.org/EPC/Prd/Form470/260015913/127706/20956235-IndianRiver%20CAT2%20Requests%202026.pdf
260015913,127706,SCHOOL BOARD OF INDIAN RIVER,School District of Indian River County,2026,2026-01-21,"Firewall Service, Components, and Necessary Software and Licenses",Internal Connections,https://publicdata.usac.org/EPC/Prd/Form470/260015913/127706/20958254-USAC_FCC_FORM_470_APPLICATION_260015913_CERTIFIED.pdf,https://publicdata.usac.org/EPC/Prd/Form470/260015913/127706/20956242-Category%20Two%20Basic%20Maintenance%20of%20Internal%20Connections%20Version%2021.0.xlsm
260015913,127706,SCHOOL BOARD OF INDIAN RIVER,School District of Indian River County,2026,2026-01-21,"Firewall Service, Components, and Necessary Software and Licenses",Internal Connections,https://publicdata.usac.org/EPC/Prd/Form470/260015913/127706/20958254-USAC_FCC_FORM_470_APPLICATION_260015913_CERTIFIED.pdf,https://publicdata.usac.org/EPC/Prd/Form470/260015913/127706/20956240-Category%20Two%20Internal%20Connections%20Version%2021.0%201.xlsm
260015913,127706,SCHOOL BOARD OF INDIAN RIVER,School District of Indian River County,2026,2026-01-21,"Firewall Service, Components, and Necessary Software and Licenses",Internal Connections,https://publicdata.usac.org/EPC/Prd/Form470/260015913/127706/20958254-USAC_FCC_FORM_470_APPLICATION_260015913_CERTIFIED.pdf,https://publicdata.usac.org/EPC/Prd/Form470/260015913/127706/20956235-IndianRiver%20CAT2%20Requests%202026.pdf
260015913,127706,SCHOOL BOARD OF INDIAN RIVER,School District of Indian River County,2026,2026-01-21,Firewall Service and Components,Basic Maintenance of Internal Connections,https://publicdata.usac.org/EPC/Prd/Form470/260015913/127706/20958254-USAC_FCC_FORM_470_APPLICATION_260015913_CERTIFIED.pdf,https://publicdata.usac.org/EPC/Prd/Form470/260015913/127706/20956242-Category%20Two%20Basic%20Maintenance%20of%20Internal%20Connections%20Version%2021.0.xlsm
260015913,127706,SCHOOL BOARD OF INDIAN RIVER,School District of Indian River County,2026,2026-01-21,Firewall Service and Components,Basic Maintenance of Internal Connections,https://publicdata.usac.org/EPC/Prd/Form470/260015913/127706/20958254-USAC_FCC_FORM_470_APPLICATION_260015913_CERTIFIED.pdf,https://publicdata.usac.org/EPC/Prd/Form470/260015913/127706/20956240-Category%20Two%20Internal%20Connections%20Version%2021.0%201.xlsm
260015913,127706,SCHOOL BOARD OF INDIAN RIVER,School District of Indian River County,2026,2026-01-21,Firewall Service and Components,Basic Maintenance of Internal Connections,https://publicdata.usac.org/EPC/Prd/Form470/260015913/127706/20958254-USAC_FCC_FORM_470_APPLICATION_260015913_CERTIFIED.pdf,https://publicdata.usac.org/EPC/Prd/Form470/260015913/127706/20956235-IndianRiver%20CAT2%20Requests%202026.pdf
260015913,127706,SCHOOL BOARD OF INDIAN RIVER,School District of Indian River County,2026,2026-01-21,"Firewall Service, Components, and Necessary Software and Licenses",Internal Connections,https://publicdata.usac.org/EPC/Prd/Form470/260015913/127706/20958254-USAC_FCC_FORM_470_APPLICATION_260015913_CERTIFIED.pdf,https://publicdata.usac.org/EPC/Prd/Form470/260015913/127706/20956242-Category%20Two%20Basic%20Maintenance%20of%20Internal%20Connections%20Version%2021.0.xlsm
260015913,127706,SCHOOL BOARD OF INDIAN RIVER,School District of Indian River County,2026,2026-01-21,"Firewall Service, Components, and Necessary Software and Licenses",Internal Connections,https://publicdata.usac.org/EPC/Prd/Form470/260015913/127706/20958254-USAC_FCC_FORM_470_APPLICATION_260015913_CERTIFIED.pdf,https://publicdata.usac.org/EPC/Prd/Form470/260015913/127706/20956240-Category%20Two%20Internal%20Connections%20Version%2021.0%201.xlsm
260015913,127706,SCHOOL BOARD OF INDIAN RIVER,School District of Indian River County,2026,2026-01-21,"Firewall Service, Components, and Necessary Software and Licenses",Internal Connections,https://publicdata.usac.org/EPC/Prd/Form470/260015913/127706/20958254-USAC_FCC_FORM_470_APPLICATION_260015913_CERTIFIED.pdf,https://publicdata.usac.org/EPC/Prd/Form470/260015913/127706/20956235-IndianRiver%20CAT2%20Requests%202026.pdf
260015913,127706,SCHOOL BOARD OF INDIAN RIVER,School District of Indian River County,2026,2026-01-21,Firewall Service and Components,Basic Maintenance of Internal Connections,https://publicdata.usac.org/EPC/Prd/Form470/260015913/127706/20958254-USAC_FCC_FORM_470_APPLICATION_260015913_CERTIFIED.pdf,https://publicdata.usac.org/EPC/Prd/Form470/260015913/127706/20956242-Category%20Two%20Basic%20Maintenance%20of%20Internal%20Connections%20Version%2021.0.xlsm
260015913,127706,SCHOOL BOARD OF INDIAN RIVER,School District of Indian River County,2026,2026-01-21,Firewall Service and Components,Basic Maintenance of Internal Connections,https://publicdata.usac.org/EPC/Prd/Form470/260015913/127706/20958254-USAC_FCC_FORM_470_APPLICATION_260015913_CERTIFIED.pdf,https://publicdata.usac.org/EPC/Prd/Form470/260015913/127706/20956240-Category%20Two%20Internal%20Connections%20Version%2021.0%201.xlsm
260015913,127706,SCHOOL BOARD OF INDIAN RIVER,School District of Indian River County,2026,2026-01-21,Firewall Service and Components,Basic Maintenance of Internal Connections,https://publicdata.usac.org/EPC/Prd/Form470/260015913/127706/20958254-USAC_FCC_FORM_470_APPLICATION_260015913_CERTIFIED.pdf,https://publicdata.usac.org/EPC/Prd/Form470/260015913/127706/20956235-IndianRiver%20CAT2%20Requests%202026.pdf
260015913,127706,SCHOOL BOARD OF INDIAN RIVER,School District of Indian River County,2026,2026-01-21,"Firewall Service, Components, and Necessary Software and Licenses",Internal Connections,https://publicdata.usac.org/EPC/Prd/Form470/260015913/127706/20958254-USAC_FCC_FORM_470_APPLICATION_260015913_CERTIFIED.pdf,https://publicdata.usac.org/EPC/Prd/Form470/260015913/127706/20956242-Category%20Two%20Basic%20Maintenance%20of%20Internal%20Connections%20Version%2021.0.xlsm
260015913,127706,SCHOOL BOARD OF INDIAN RIVER,School District of Indian River County,2026,2026-01-21,"Firewall Service, Components, and Necessary Software and Licenses",Internal Connections,https://publicdata.usac.org/EPC/Prd/Form470/260015913/127706/20958254-USAC_FCC_FORM_470_APPLICATION_260015913_CERTIFIED.pdf,https://publicdata.usac.org/EPC/Prd/Form470/260015913/127706/20956240-Category%20Two%20Internal%20Connections%20Version%2021.0%201.xlsm
260015913,127706,SCHOOL BOARD OF INDIAN RIVER,School District of Indian River County,2026,2026-01-21,Firewall Service and Components,Basic Maintenance of Internal Connections,https://publicdata.usac.org/EPC/Prd/Form470/260015913/127706/20958254-USAC_FCC_FORM_470_APPLICATION_260015913_CERTIFIED.pdf,https://publicdata.usac.org/EPC/Prd/Form470/260015913/127706/20956242-Category%20Two%20Basic%20Maintenance%20of%20Internal%20Connections%20Version%2021.0.xlsm
260015913,127706,SCHOOL BOARD OF INDIAN RIVER,School District of Indian River County,2026,2026-01-21,Firewall Service and Components,Basic Maintenance of Internal Connections,https://publicdata.usac.org/EPC/Prd/Form470/260015913/127706/20958254-USAC_FCC_FORM_470_APPLICATION_260015913_CERTIFIED.pdf,https://publicdata.usac.org/EPC/Prd/Form470/260015913/127706/20956240-Category%20Two%20Internal%20Connections%20Version%2021.0%201.xlsm
260015913,127706,SCHOOL BOARD OF INDIAN RIVER,School District of Indian River County,2026,2026-01-21,Firewall Service and Components,Basic Maintenance of Internal Connections,https://publicdata.usac.org/EPC/Prd/Form470/260015913/127706/20958254-USAC_FCC_FORM_470_APPLICATION_260015913_CERTIFIED.pdf,https://publicdata.usac.org/EPC/Prd/Form470/260015913/127706/20956235-IndianRiver%20CAT2%20Requests%202026.pdf
260015913,127706,SCHOOL BOARD OF INDIAN RIVER,School District of Indian River County,2026,2026-01-21,"Firewall Service, Components, and Necessary Software and Licenses",Internal Connections,https://publicdata.usac.org/EPC/Prd/Form470/260015913/127706/20958254-USAC_FCC_FORM_470_APPLICATION_260015913_CERTIFIED.pdf,https://publicdata.usac.org/EPC/Prd/Form470/260015913/127706/20956242-Category%20Two%20Basic%20Maintenance%20of%20Internal%20Connections%20Version%2021.0.xlsm
260015913,127706,SCHOOL BOARD OF INDIAN RIVER,School District of Indian River County,2026,2026-01-21,"Firewall Service, Components, and Necessary Software and Licenses",Internal Connections,https://publicdata.usac.org/EPC/Prd/Form470/260015913/127706/20958254-USAC_FCC_FORM_470_APPLICATION_260015913_CERTIFIED.pdf,https://publicdata.usac.org/EPC/Prd/Form470/260015913/127706/20956240-Category%20Two%20Internal%20Connections%20Version%2021.0%201.xlsm
260015913,127706,SCHOOL BOARD OF INDIAN RIVER,School District of Indian River County,2026,2026-01-21,"Firewall Service, Components, and Necessary Software and Licenses",Internal Connections,https://publicdata.usac.org/EPC/Prd/Form470/260015913/127706/20958254-USAC_FCC_FORM_470_APPLICATION_260015913_CERTIFIED.pdf,https://publicdata.usac.org/EPC/Prd/Form470/260015913/127706/20956235-IndianRiver%20CAT2%20Requests%202026.pdf
260015913,127706,SCHOOL BOARD OF INDIAN RIVER,School District of Indian River County,2026,2026-01-21,Firewall Service and Components,Basic Maintenance of Internal Connections,https://publicdata.usac.org/EPC/Prd/Form470/260015913/127706/20958254-USAC_FCC_FORM_470_APPLICATION_260015913_CERTIFIED.pdf,https://publicdata.usac.org/EPC/Prd/Form470/260015913/127706/20956242-Category%20Two%20Basic%20Maintenance%20of%20Internal%20Connections%20Version%2021.0.xlsm
260015913,127706,SCHOOL BOARD OF INDIAN RIVER,School District of Indian River County,2026,2026-01-21,Firewall Service and Components,Basic Maintenance of Internal Connections,https://publicdata.usac.org/EPC/Prd/Form470/260015913/127706/20958254-USAC_FCC_FORM_470_APPLICATION_260015913_CERTIFIED.pdf,https://publicdata.usac.org/EPC/Prd/Form470/260015913/127706/20956240-Category%20Two%20Internal%20Connections%20Version%2021.0%201.xlsm
260015913,127706,SCHOOL BOARD OF INDIAN RIVER,School District of Indian River County,2026,2026-01-21,Firewall Service and Components,Basic Maintenance of Internal Connections,https://publicdata.usac.org/EPC/Prd/Form470/260015913/127706/20958254-USAC_FCC_FORM_470_APPLICATION_260015913_CERTIFIED.pdf,https://publicdata.usac.org/EPC/Prd/Form470/260015913/127706/20956235-IndianRiver%20CAT2%20Requests%202026.pdf
260015913,127706,SCHOOL BOARD OF INDIAN RIVER,School District of Indian River County,2026,2026-01-21,"Firewall Service, Components, and Necessary Software and Licenses",Internal Connections,https://publicdata.usac.org/EPC/Prd/Form470/260015913/127706/20958254-USAC_FCC_FORM_470_APPLICATION_260015913_CERTIFIED.pdf,https://publicdata.usac.org/EPC/Prd/Form470/260015913/127706/20956242-Category%20Two%20Basic%20Maintenance%20of%20Internal%20Connections%20Version%2021.0.xlsm
260015913,127706,SCHOOL BOARD OF INDIAN RIVER,School District of Indian River County,2026,2026-01-21,"Firewall Service, Components, and Necessary Software and Licenses",Internal Connections,https://publicdata.usac.org/EPC/Prd/Form470/260015913/127706/20958254-USAC_FCC_FORM_470_APPLICATION_260015913_CERTIFIED.pdf,https://publicdata.usac.org/EPC/Prd/Form470/260015913/127706/20956240-Category%20Two%20Internal%20Connections%20Version%2021.0%201.xlsm
260015913,127706,SCHOOL BOARD OF INDIAN RIVER,School District of Indian River County,2026,2026-01-21,"Firewall Service, Components, and Necessary Software and Licenses",Internal Connections,https://publicdata.usac.org/EPC/Prd/Form470/260015913/127706/20958254-USAC_FCC_FORM_470_APPLICATION_260015913_CERTIFIED.pdf,https://publicdata.usac.org/EPC/Prd/Form470/260015913/127706/20956235-IndianRiver%20CAT2%20Requests%202026.pdf
260015913,127706,SCHOOL BOARD OF INDIAN RIVER,School District of Indian River County,2026,2026-01-21,Firewall Service and Components,Basic Maintenance of Internal Connections,https://publicdata.usac.org/EPC/Prd/Form470/260015913/127706/20958254-USAC_FCC_FORM_470_APPLICATION_260015913_CERTIFIED.pdf,https://publicdata.usac.org/EPC/Prd/Form470/260015913/127706/20956242-Category%20Two%20Basic%20Maintenance%20of%20Internal%20Connections%20Version%2021.0.xlsm
260015913,127706,SCHOOL BOARD OF INDIAN RIVER,School District of Indian River County,2026,2026-01-21,Firewall Service and Components,Basic Maintenance of Internal Connections,https://publicdata.usac.org/EPC/Prd/Form470/260015913/127706/20958254-USAC_FCC_FORM_470_APPLICATION_260015913_CERTIFIED.pdf,https://publicdata.usac.org/EPC/Prd/Form470/260015913/127706/20956240-Category%20Two%20Internal%20Connections%20Version%2021.0%201.xlsm
260015913,127706,SCHOOL BOARD OF INDIAN RIVER,School District of Indian River County,2026,2026-01-21,Firewall Service and Components,Basic Maintenance of Internal Connections,https://publicdata.usac.org/EPC/Prd/Form470/260015913/127706/20958254-USAC_FCC_FORM_470_APPLICATION_260015913_CERTIFIED.pdf,https://publicdata.usac.org/EPC/Prd/Form470/260015913/127706/20956235-IndianRiver%20CAT2%20Requests%202026.pdf
260015913,127706,SCHOOL BOARD OF INDIAN RIVER,School District of Indian River County,2026,2026-01-21,"Firewall Service, Components, and Necessary Software and Licenses",Internal Connections,https://publicdata.usac.org/EPC/Prd/Form470/260015913/127706/20958254-USAC_FCC_FORM_470_APPLICATION_260015913_CERTIFIED.pdf,https://publicdata.usac.org/EPC/Prd/Form470/260015913/127706/20956242-Category%20Two%20Basic%20Maintenance%20of%20Internal%20Connections%20Version%2021.0.xlsm
260015913,127706,SCHOOL BOARD OF INDIAN RIVER,School District of Indian River County,2026,2026-01-21,"Firewall Service, Components, and Necessary Software and Licenses",Internal Connections,https://publicdata.usac.org/EPC/Prd/Form470/260015913/127706/20958254-USAC_FCC_FORM_470_APPLICATION_260015913_CERTIFIED.pdf,https://publicdata.usac.org/EPC/Prd/Form470/260015913/127706/20956240-Category%20Two%20Internal%20Connections%20Version%2021.0%201.xlsm
260015913,127706,SCHOOL BOARD OF INDIAN RIVER,School District of Indian River County,2026,2026-01-21,"Firewall Service, Components, and Necessary Software and Licenses",Internal Connections,https://publicdata.usac.org/EPC/Prd/Form470/260015913/127706/20958254-USAC_FCC_FORM_470_APPLICATION_260015913_CERTIFIED.pdf,https://publicdata.usac.org/EPC/Prd/Form470/260015913/127706/20956235-IndianRiver%20CAT2%20Requests%202026.pdf
260015913,127706,SCHOOL BOARD OF INDIAN RIVER,School District of Indian River County,2026,2026-01-21,Firewall Service and Components,Basic Maintenance of Internal Connections,https://publicdata.usac.org/EPC/Prd/Form470/260015913/127706/20958254-USAC_FCC_FORM_470_APPLICATION_260015913_CERTIFIED.pdf,https://publicdata.usac.org/EPC/Prd/Form470/260015913/127706/20956242-Category%20Two%20Basic%20Maintenance%20of%20Internal%20Connections%20Version%2021.0.xlsm
260015913,127706,SCHOOL BOARD OF INDIAN RIVER,School District of Indian River County,2026,2026-01-21,Firewall Service and Components,Basic Maintenance of Internal Connections,https://publicdata.usac.org/EPC/Prd/Form470/260015913/127706/20958254-USAC_FCC_FORM_470_APPLICATION_260015913_CERTIFIED.pdf,https://publicdata.usac.org/EPC/Prd/Form470/260015913/127706/20956240-Category%20Two%20Internal%20Connections%20Version%2021.0%201.xlsm
260015913,127706,SCHOOL BOARD OF INDIAN RIVER,School District of Indian River County,2026,2026-01-21,Firewall Service and Components,Basic Maintenance of Internal Connections,https://publicdata.usac.org/EPC/Prd/Form470/260015913/127706/20958254-USAC_FCC_FORM_470_APPLICATION_260015913_CERTIFIED.pdf,https://publicdata.usac.org/EPC/Prd/Form470/260015913/127706/20956235-IndianRiver%20CAT2%20Requests%202026.pdf
260015913,127706,SCHOOL BOARD OF INDIAN RIVER,School District of Indian River County,2026,2026-01-21,"Firewall Service, Components, and Necessary Software and Licenses",Internal Connections,https://publicdata.usac.org/EPC/Prd/Form470/260015913/127706/20958254-USAC_FCC_FORM_470_APPLICATION_260015913_CERTIFIED.pdf,https://publicdata.usac.org/EPC/Prd/Form470/260015913/127706/20956242-Category%20Two%20Basic%20Maintenance%20of%20Internal%20Connections%20Version%2021.0.xlsm
260015913,127706,SCHOOL BOARD OF INDIAN RIVER,School District of Indian River County,2026,2026-01-21,"Firewall Service, Components, and Necessary Software and Licenses",Internal Connections,https://publicdata.usac.org/EPC/Prd/Form470/260015913/127706/20958254-USAC_FCC_FORM_470_APPLICATION_260015913_CERTIFIED.pdf,https://publicdata.usac.org/EPC/Prd/Form470/260015913/127706/20956240-Category%20Two%20Internal%20Connections%20Version%2021.0%201.xlsm
260015913,127706,SCHOOL BOARD OF INDIAN RIVER,School District of Indian River County,2026,2026-01-21,"Firewall Service, Components, and Necessary Software and Licenses",Internal Connections,https://publicdata.usac.org/EPC/Prd/Form470/260015913/127706/20958254-USAC_FCC_FORM_470_APPLICATION_260015913_CERTIFIED.pdf,https://publicdata.usac.org/EPC/Prd/Form470/260015913/127706/20956235-IndianRiver%20CAT2%20Requests%202026.pdf
260015913,127706,SCHOOL BOARD OF INDIAN RIVER,School District of Indian River County,2026,2026-01-21,Firewall Service and Components,Basic Maintenance of Internal Connections,https://publicdata.usac.org/EPC/Prd/Form470/260015913/127706/20958254-USAC_FCC_FORM_470_APPLICATION_260015913_CERTIFIED.pdf,https://publicdata.usac.org/EPC/Prd/Form470/260015913/127706/20956242-Category%20Two%20Basic%20Maintenance%20of%20Internal%20Connections%20Version%2021.0.xlsm
260015913,127706,SCHOOL BOARD OF INDIAN RIVER,School District of Indian River County,2026,2026-01-21,Firewall Service and Components,Basic Maintenance of Internal Connections,https://publicdata.usac.org/EPC/Prd/Form470/260015913/127706/20958254-USAC_FCC_FORM_470_APPLICATION_260015913_CERTIFIED.pdf,https://publicdata.usac.org/EPC/Prd/Form470/260015913/127706/20956240-Category%20Two%20Internal%20Connections%20Version%2021.0%201.xlsm
260015913,127706,SCHOOL BOARD OF INDIAN RIVER,School District of Indian River County,2026,2026-01-21,Firewall Service and Components,Basic Maintenance of Internal Connections,https://publicdata.usac.org/EPC/Prd/Form470/260015913/127706/20958254-USAC_FCC_FORM_470_APPLICATION_260015913_CERTIFIED.pdf,https://publicdata.usac.org/EPC/Prd/Form470/260015913/127706/20956235-IndianRiver%20CAT2%20Requests%202026.pdf
260015913,127706,SCHOOL BOARD OF INDIAN RIVER,School District of Indian River County,2026,2026-01-21,"Firewall Service, Components, and Necessary Software and Licenses",Internal Connections,https://publicdata.usac.org/EPC/Prd/Form470/260015913/127706/20958254-USAC_FCC_FORM_470_APPLICATION_260015913_CERTIFIED.pdf,https://publicdata.usac.org/EPC/Prd/Form470/260015913/127706/20956242-Category%20Two%20Basic%20Maintenance%20of%20Internal%20Connections%20Version%2021.0.xlsm
260015913,127706,SCHOOL BOARD OF INDIAN RIVER,School District of Indian River County,2026,2026-01-21,"Firewall Service, Components, and Necessary Software and Licenses",Internal Connections,https://publicdata.usac.org/EPC/Prd/Form470/260015913/127706/20958254-USAC_FCC_FORM_470_APPLICATION_260015913_CERTIFIED.pdf,https://publicdata.usac.org/EPC/Prd/Form470/260015913/127706/20956240-Category%20Two%20Internal%20Connections%20Version%2021.0%201.xlsm
260015913,127706,SCHOOL BOARD OF INDIAN RIVER,School District of Indian River County,2026,2026-01-21,"Firewall Service, Components, and Necessary Software and Licenses",Internal Connections,https://publicdata.usac.org/EPC/Prd/Form470/260015913/127706/20958254-USAC_FCC_FORM_470_APPLICATION_260015913_CERTIFIED.pdf,https://publicdata.usac.org/EPC/Prd/Form470/260015913/127706/20956235-IndianRiver%20CAT2%20Requests%202026.pdf
260015913,127706,SCHOOL BOARD OF INDIAN RIVER,School District of Indian River County,2026,2026-01-21,Firewall Service and Components,Basic Maintenance of Internal Connections,https://publicdata.usac.org/EPC/Prd/Form470/260015913/127706/20958254-USAC_FCC_FORM_470_APPLICATION_260015913_CERTIFIED.pdf,https://publicdata.usac.org/EPC/Prd/Form470/260015913/127706/20956242-Category%20Two%20Basic%20Maintenance%20of%20Internal%20Connections%20Version%2021.0.xlsm
260015913,127706,SCHOOL BOARD OF INDIAN RIVER,School District of Indian River County,2026,2026-01-21,Firewall Service and Components,Basic Maintenance of Internal Connections,https://publicdata.usac.org/EPC/Prd/Form470/260015913/127706/20958254-USAC_FCC_FORM_470_APPLICATION_260015913_CERTIFIED.pdf,https://publicdata.usac.org/EPC/Prd/Form470/260015913/127706/20956240-Category%20Two%20Internal%20Connections%20Version%2021.0%201.xlsm
260015913,127706,SCHOOL BOARD OF INDIAN RIVER,School District of Indian River County,2026,2026-01-21,Firewall Service and Components,Basic Maintenance of Internal Connections,https://publicdata.usac.org/EPC/Prd/Form470/260015913/127706/20958254-USAC_FCC_FORM_470_APPLICATION_260015913_CERTIFIED.pdf,https://publicdata.usac.org/EPC/Prd/Form470/260015913/127706/20956235-IndianRiver%20CAT2%20Requests%202026.pdf
260016271,16036922,PLATO ACADEMY CHARTER SCHOOL,,2026,2026-01-23,"Firewall Service, Components, and Necessary Software and Licenses",Internal Connections,https://publicdata.usac.org/EPC/Prd/Form470/260016271/16036922/20975802-USAC_FCC_FORM_470_APPLICATION_260016271_CERTIFIED.pdf,
260016271,16036922,PLATO ACADEMY CHARTER SCHOOL,,2026,2026-01-23,Firewall Service and Components,Basic Maintenance of Internal Connections,https://publicdata.usac.org/EPC/Prd/Form470/260016271/16036922/20975802-USAC_FCC_FORM_470_APPLICATION_260016271_CERTIFIED.pdf,
260017310,127563,LAFAYETTE COUNTY SCHOOL DIST,Lafayette County School District,2026,2026-01-28,Firewall Service and Components,Basic Maintenance of Internal Connections,https://publicdata.usac.org/EPC/Prd/Form470/260017310/127563/21010198-USAC_FCC_FORM_470_APPLICATION_260017310_CERTIFIED.pdf,
260017310,127563,LAFAYETTE COUNTY SCHOOL DIST,Lafayette County School District,2026,2026-01-28,"Firewall Service, Components, and Necessary Software and Licenses",Internal Connections,https://publicdata.usac.org/EPC/Prd/Form470/260017310/127563/21010198-USAC_FCC_FORM_470_APPLICATION_260017310_CERTIFIED.pdf,
260017321,17002036,The Charter School of Excellence,,2026,2026-01-28,"Firewall Service, Components, and Necessary Software and Licenses",Internal Connections,https://publicdata.usac.org/EPC/Prd/Form470/260017321/17002036/21015191-USAC_FCC_FORM_470_APPLICATION_260017321_CERTIFIED.pdf,
260017804,127561,BAKER COUNTY SCHOOL DISTRICT,Baker County School District,2026,2026-01-30,"Firewall Service, Components, and Necessary Software and Licenses",Internal Connections,https://publicdata.usac.org/EPC/Prd/Form470/260017804/127561/21171991-USAC_FCC_FORM_470_APPLICATION_260017804_CERTIFIED.pdf,https://publicdata.usac.org/EPC/Prd/Form470/260017804/127561/21171952-Baker%20Addendum_001%20260017804.pdf
260017804,127561,BAKER COUNTY SCHOOL DISTRICT,Baker County School District,2026,2026-01-30,Firewall Service and Components,Basic Maintenance of Internal Connections,https://publicdata.usac.org/EPC/Prd/Form470/260017804/127561/21171991-USAC_FCC_FORM_470_APPLICATION_260017804_CERTIFIED.pdf,https://publicdata.usac.org/EPC/Prd/Form470/260017804/127561/21171952-Baker%20Addendum_001%20260017804.pdf
260017804,127561,BAKER COUNTY SCHOOL DISTRICT,Baker County School District,2026,2026-01-30,Firewall Service and Components,Basic Maintenance of Internal Connections,https://publicdata.usac.org/EPC/Prd/Form470/260017804/127561/21171991-USAC_FCC_FORM_470_APPLICATION_260017804_CERTIFIED.pdf,https://publicdata.usac.org/EPC/Prd/Form470/260017804/127561/21027936-Baker_CAT2_Firewall%20Final.docx
260017804,127561,BAKER COUNTY SCHOOL DISTRICT,Baker County School District,2026,2026-01-30,"Firewall Service, Components, and Necessary Software and Licenses",Internal Connections,https://publicdata.usac.org/EPC/Prd/Form470/260017804/127561/21171991-USAC_FCC_FORM_470_APPLICATION_260017804_CERTIFIED.pdf,https://publicdata.usac.org/EPC/Prd/Form470/260017804/127561/21027936-Baker_CAT2_Firewall%20Final.docx
260018319,127555,UNION COUNTY SCHOOL DISTRICT,Union County School District,2026,2026-02-02,Firewall Service and Components,Basic Maintenance of Internal Connections,https://publicdata.usac.org/EPC/Prd/Form470/260018319/127555/21046427-USAC_FCC_FORM_470_APPLICATION_260018319_CERTIFIED.pdf,
260018319,127555,UNION COUNTY SCHOOL DISTRICT,Union County School District,2026,2026-02-02,"Firewall Service, Components, and Necessary Software and Licenses",Internal Connections,https://publicdata.usac.org/EPC/Prd/Form470/260018319/127555/21046427-USAC_FCC_FORM_470_APPLICATION_260018319_CERTIFIED.pdf,
260018392,127655,ALACHUA COUNTY SCHOOL DISTRICT,Alachua County Public Schools,2026,2026-02-02,"Firewall Service, Components, and Necessary Software and Licenses",Internal Connections,https://publicdata.usac.org/EPC/Prd/Form470/260018392/127655/21051306-USAC_FCC_FORM_470_APPLICATION_260018392_CERTIFIED.pdf,https://publicdata.usac.org/EPC/Prd/Form470/260018392/127655/21050749-IFB_26_31_FWaaS_Adden_No_%2001_Revised_020226.pdf
260018392,127655,ALACHUA COUNTY SCHOOL DISTRICT,Alachua County Public Schools,2026,2026-02-02,Firewall Service and Components,Basic Maintenance of Internal Connections,https://publicdata.usac.org/EPC/Prd/Form470/260018392/127655/21051306-USAC_FCC_FORM_470_APPLICATION_260018392_CERTIFIED.pdf,https://publicdata.usac.org/EPC/Prd/Form470/260018392/127655/21050749-IFB_26_31_FWaaS_Adden_No_%2001_Revised_020226.pdf
260018392,127655,ALACHUA COUNTY SCHOOL DISTRICT,Alachua County Public Schools,2026,2026-02-02,"Firewall Service, Components, and Necessary Software and Licenses",Internal Connections,https://publicdata.usac.org/EPC/Prd/Form470/260018392/127655/21051306-USAC_FCC_FORM_470_APPLICATION_260018392_CERTIFIED.pdf,https://publicdata.usac.org/EPC/Prd/Form470/260018392/127655/21050749-IFB_26_31_FWaaS_Adden_No_%2001_Revised_020226.pdf
260018392,127655,ALACHUA COUNTY SCHOOL DISTRICT,Alachua County Public Schools,2026,2026-02-02,Firewall Service and Components,Basic Maintenance of Internal Connections,https://publicdata.usac.org/EPC/Prd/Form470/260018392/127655/21051306-USAC_FCC_FORM_470_APPLICATION_260018392_CERTIFIED.pdf,https://publicdata.usac.org/EPC/Prd/Form470/260018392/127655/21050749-IFB_26_31_FWaaS_Adden_No_%2001_Revised_020226.pdf
260018672,17035980,Dayspring Academy,,2026,2026-02-03,"Firewall Service, Components, and Necessary Software and Licenses",Internal Connections,https://publicdata.usac.org/EPC/Prd/Form470/260018672/17035980/21066267-USAC_FCC_FORM_470_APPLICATION_260018672_CERTIFIED.pdf,https://publicdata.usac.org/EPC/Prd/Form470/260018672/17035980/21066060-17035980%20Dayspring%20Academy%20C2%20RFP%20and%20Bidding%20Instructions%20FY26.pdf
260021594,16051836,"CENTRO MATER CHILD CARE SERVICES, INC.",,2026,2026-02-17,"Firewall Service, Components, and Necessary Software and Licenses",Internal Connections,https://publicdata.usac.org/EPC/Prd/Form470/260021594/16051836/21176155-USAC_FCC_FORM_470_APPLICATION_260021594_CERTIFIED.pdf,
260021594,16051836,"CENTRO MATER CHILD CARE SERVICES, INC.",,2026,2026-02-17,Firewall Service and Components,Basic Maintenance of Internal Connections,https://publicdata.usac.org/EPC/Prd/Form470/260021594/16051836/21176155-USAC_FCC_FORM_470_APPLICATION_260021594_CERTIFIED.pdf,
260021756,16051836,"CENTRO MATER CHILD CARE SERVICES, INC.",,2026,2026-02-18,Firewall Service and Components,Basic Maintenance of Internal Connections,https://publicdata.usac.org/EPC/Prd/Form470/260021756/16051836/21186582-USAC_FCC_FORM_470_APPLICATION_260021756_CERTIFIED.pdf,
260021756,16051836,"CENTRO MATER CHILD CARE SERVICES, INC.",,2026,2026-02-18,"Firewall Service, Components, and Necessary Software and Licenses",Internal Connections,https://publicdata.usac.org/EPC/Prd/Form470/260021756/16051836/21186582-USAC_FCC_FORM_470_APPLICATION_260021756_CERTIFIED.pdf,
260022156,16068847,UCP of Central Florida,,2026,2026-02-19,"Firewall Service, Components, and Necessary Software and Licenses",Internal Connections,https://publicdata.usac.org/EPC/Prd/Form470/260022156/16068847/21196887-USAC_FCC_FORM_470_APPLICATION_260022156_CERTIFIED.pdf,
260022156,16068847,UCP of Central Florida,,2026,2026-02-19,Firewall Service and Components,Basic Maintenance of Internal Connections,https://publicdata.usac.org/EPC/Prd/Form470/260022156/16068847/21196887-USAC_FCC_FORM_470_APPLICATION_260022156_CERTIFIED.pdf,
260022577,17024410,Babcock Neighborhood School (District),,2026,2026-02-22,"Firewall Service, Components, and Necessary Software and Licenses",Internal Connections,https://publicdata.usac.org/EPC/Prd/Form470/260022577/17024410/21210965-USAC_FCC_FORM_470_APPLICATION_260022577_CERTIFIED.pdf,https://publicdata.usac.org/EPC/Prd/Form470/260022577/17024410/21209290-Babcock%20Neighborhood%20School%20C2%20IC%20and%20MIBS%20RFP.pdf
260022656,127603,FRANKLIN COUNTY SCHOOL DISTRICT,Franklin County School District,2026,2026-02-23,Firewall Service and Components,Basic Maintenance of Internal Connections,https://publicdata.usac.org/EPC/Prd/Form470/260022656/127603/21218909-USAC_FCC_FORM_470_APPLICATION_260022656_CERTIFIED.pdf,
260022656,127603,FRANKLIN COUNTY SCHOOL DISTRICT,Franklin County School District,2026,2026-02-23,"Firewall Service, Components, and Necessary Software and Licenses",Internal Connections,https://publicdata.usac.org/EPC/Prd/Form470/260022656/127603/21218909-USAC_FCC_FORM_470_APPLICATION_260022656_CERTIFIED.pdf,
260022896,17006578,KIDCO Creative Learning Inc,,2026,2026-02-23,"Firewall Service, Components, and Necessary Software and Licenses",Internal Connections,https://publicdata.usac.org/EPC/Prd/Form470/260022896/17006578/21222218-USAC_FCC_FORM_470_APPLICATION_260022896_CERTIFIED.pdf,
260022896,17006578,KIDCO Creative Learning Inc,,2026,2026-02-23,Firewall Service and Components,Basic Maintenance of Internal Connections,https://publicdata.usac.org/EPC/Prd/Form470/260022896/17006578/21222218-USAC_FCC_FORM_470_APPLICATION_260022896_CERTIFIED.pdf,
260023150,17024170,True North Classical Academy,,2026,2026-02-24,"Firewall Service, Components, and Necessary Software and Licenses",Internal Connections,https://publicdata.usac.org/EPC/Prd/Form470/260023150/17024170/21233183-USAC_FCC_FORM_470_APPLICATION_260023150_CERTIFIED.pdf,https://publicdata.usac.org/EPC/Prd/Form470/260023150/17024170/21231798-2026%20True%20North%20Classical%20Academy%20RFP.pdf
260023657,127774,SUMTER COUNTY SCHOOL DIST 60,Sumter County School District,2026,2026-02-26,"Firewall Service, Components, and Necessary Software and Licenses",Internal Connections,https://publicdata.usac.org/EPC/Prd/Form470/260023657/127774/21251281-USAC_FCC_FORM_470_APPLICATION_260023657_CERTIFIED.pdf,https://publicdata.usac.org/EPC/Prd/Form470/260023657/127774/21250437-ERATE_RFP_WEB_FILTER.docx
260023963,16071501,"SUNSHINE CHARTER ACADEMY OF BROWARD, INC. DBA SUNED HIGH SCHOOL",,2026,2026-02-27,Firewall Service and Components,Basic Maintenance of Internal Connections,https://publicdata.usac.org/EPC/Prd/Form470/260023963/16071501/21269998-USAC_FCC_FORM_470_APPLICATION_260023963_CERTIFIED.pdf,https://publicdata.usac.org/EPC/Prd/Form470/260023963/16071501/21269753-SunEd%20FY26%20C2%20RFP%20detail%20%20Pricing.xlsx
260023963,16071501,"SUNSHINE CHARTER ACADEMY OF BROWARD, INC. DBA SUNED HIGH SCHOOL",,2026,2026-02-27,"Firewall Service, Components, and Necessary Software and Licenses",Internal Connections,https://publicdata.usac.org/EPC/Prd/Form470/260023963/16071501/21269998-USAC_FCC_FORM_470_APPLICATION_260023963_CERTIFIED.pdf,https://publicdata.usac.org/EPC/Prd/Form470/260023963/16071501/21269753-SunEd%20FY26%20C2%20RFP%20detail%20%20Pricing.xlsx
260024437,16076498,AVANT GARDE ACADEMY INC - DBA Victory Charter School,,2026,2026-03-02,"Firewall Service, Components, and Necessary Software and Licenses",Internal Connections,https://publicdata.usac.org/EPC/Prd/Form470/260024437/16076498/21285682-USAC_FCC_FORM_470_APPLICATION_260024437_CERTIFIED.pdf,
260025113,17028049,CHOSEN GENERATION CHRISTIAN ACADEMY INC.,,2026,2026-03-03,"Firewall Service, Components, and Necessary Software and Licenses",Internal Connections,https://publicdata.usac.org/EPC/Prd/Form470/260025113/17028049/21297236-USAC_FCC_FORM_470_APPLICATION_260025113_CERTIFIED.pdf,
260025113,17028049,CHOSEN GENERATION CHRISTIAN ACADEMY INC.,,2026,2026-03-03,Firewall Service and Components,Basic Maintenance of Internal Connections,https://publicdata.usac.org/EPC/Prd/Form470/260025113/17028049/21297236-USAC_FCC_FORM_470_APPLICATION_260025113_CERTIFIED.pdf,
260025115,127714,MONROE COUNTY SCHOOL DIST 44,Monroe County School District,2026,2026-03-03,Firewall Service and Components,Basic Maintenance of Internal Connections,https://publicdata.usac.org/EPC/Prd/Form470/260025115/127714/21424172-USAC_FCC_FORM_470_APPLICATION_260025115_CERTIFIED.pdf,https://publicdata.usac.org/EPC/Prd/Form470/260025115/127714/21295157-Category%20Two%20Internal%20Connections%20Version%2021.xlsm
260025115,127714,MONROE COUNTY SCHOOL DIST 44,Monroe County School District,2026,2026-03-03,Firewall Service and Components,Basic Maintenance of Internal Connections,https://publicdata.usac.org/EPC/Prd/Form470/260025115/127714/21424172-USAC_FCC_FORM_470_APPLICATION_260025115_CERTIFIED.pdf,https://publicdata.usac.org/EPC/Prd/Form470/260025115/127714/21424167-0727E%2026C%203%20Monroe%20County%20School%20District%20iBoss%20Addendum%201.pdf
260025115,127714,MONROE COUNTY SCHOOL DIST 44,Monroe County School District,2026,2026-03-03,Firewall Service and Components,Basic Maintenance of Internal Connections,https://publicdata.usac.org/EPC/Prd/Form470/260025115/127714/21424172-USAC_FCC_FORM_470_APPLICATION_260025115_CERTIFIED.pdf,https://publicdata.usac.org/EPC/Prd/Form470/260025115/127714/21295153-Category%20Two%20Basic%20Maintenance%20of%20Internal%20Connections%20Version%2021.xlsm
260025115,127714,MONROE COUNTY SCHOOL DIST 44,Monroe County School District,2026,2026-03-03,Firewall Service and Components,Basic Maintenance of Internal Connections,https://publicdata.usac.org/EPC/Prd/Form470/260025115/127714/21424172-USAC_FCC_FORM_470_APPLICATION_260025115_CERTIFIED.pdf,https://publicdata.usac.org/EPC/Prd/Form470/260025115/127714/21295157-Category%20Two%20Internal%20Connections%20Version%2021.xlsm
260025115,127714,MONROE COUNTY SCHOOL DIST 44,Monroe County School District,2026,2026-03-03,"Firewall Service, Components, and Necessary Software and Licenses",Internal Connections,https://publicdata.usac.org/EPC/Prd/Form470/260025115/127714/21424172-USAC_FCC_FORM_470_APPLICATION_260025115_CERTIFIED.pdf,https://publicdata.usac.org/EPC/Prd/Form470/260025115/127714/21295151-0727E%2026C%203%20Monroe%20County%20School%20District%20Firewall%20RFP.pdf
260025115,127714,MONROE COUNTY SCHOOL DIST 44,Monroe County School District,2026,2026-03-03,"Firewall Service, Components, and Necessary Software and Licenses",Internal Connections,https://publicdata.usac.org/EPC/Prd/Form470/260025115/127714/21424172-USAC_FCC_FORM_470_APPLICATION_260025115_CERTIFIED.pdf,https://publicdata.usac.org/EPC/Prd/Form470/260025115/127714/21424167-0727E%2026C%203%20Monroe%20County%20School%20District%20iBoss%20Addendum%201.pdf
260025115,127714,MONROE COUNTY SCHOOL DIST 44,Monroe County School District,2026,2026-03-03,"Firewall Service, Components, and Necessary Software and Licenses",Internal Connections,https://publicdata.usac.org/EPC/Prd/Form470/260025115/127714/21424172-USAC_FCC_FORM_470_APPLICATION_260025115_CERTIFIED.pdf,https://publicdata.usac.org/EPC/Prd/Form470/260025115/127714/21295153-Category%20Two%20Basic%20Maintenance%20of%20Internal%20Connections%20Version%2021.xlsm
260025115,127714,MONROE COUNTY SCHOOL DIST 44,Monroe County School District,2026,2026-03-03,"Firewall Service, Components, and Necessary Software and Licenses",Internal Connections,https://publicdata.usac.org/EPC/Prd/Form470/260025115/127714/21424172-USAC_FCC_FORM_470_APPLICATION_260025115_CERTIFIED.pdf,https://publicdata.usac.org/EPC/Prd/Form470/260025115/127714/21295157-Category%20Two%20Internal%20Connections%20Version%2021.xlsm
260025115,127714,MONROE COUNTY SCHOOL DIST 44,Monroe County School District,2026,2026-03-03,Firewall Service and Components,Basic Maintenance of Internal Connections,https://publicdata.usac.org/EPC/Prd/Form470/260025115/127714/21424172-USAC_FCC_FORM_470_APPLICATION_260025115_CERTIFIED.pdf,https://publicdata.usac.org/EPC/Prd/Form470/260025115/127714/21295151-0727E%2026C%203%20Monroe%20County%20School%20District%20Firewall%20RFP.pdf
260025115,127714,MONROE COUNTY SCHOOL DIST 44,Monroe County School District,2026,2026-03-03,Firewall Service and Components,Basic Maintenance of Internal Connections,https://publicdata.usac.org/EPC/Prd/Form470/260025115/127714/21424172-USAC_FCC_FORM_470_APPLICATION_260025115_CERTIFIED.pdf,https://publicdata.usac.org/EPC/Prd/Form470/260025115/127714/21424167-0727E%2026C%203%20Monroe%20County%20School%20District%20iBoss%20Addendum%201.pdf
260025115,127714,MONROE COUNTY SCHOOL DIST 44,Monroe County School District,2026,2026-03-03,Firewall Service and Components,Basic Maintenance of Internal Connections,https://publicdata.usac.org/EPC/Prd/Form470/260025115/127714/21424172-USAC_FCC_FORM_470_APPLICATION_260025115_CERTIFIED.pdf,https://publicdata.usac.org/EPC/Prd/Form470/260025115/127714/21295153-Category%20Two%20Basic%20Maintenance%20of%20Internal%20Connections%20Version%2021.xlsm
260025115,127714,MONROE COUNTY SCHOOL DIST 44,Monroe County School District,2026,2026-03-03,"Firewall Service, Components, and Necessary Software and Licenses",Internal Connections,https://publicdata.usac.org/EPC/Prd/Form470/260025115/127714/21424172-USAC_FCC_FORM_470_APPLICATION_260025115_CERTIFIED.pdf,https://publicdata.usac.org/EPC/Prd/Form470/260025115/127714/21295151-0727E%2026C%203%20Monroe%20County%20School%20District%20Firewall%20RFP.pdf
260025115,127714,MONROE COUNTY SCHOOL DIST 44,Monroe County School District,2026,2026-03-03,"Firewall Service, Components, and Necessary Software and Licenses",Internal Connections,https://publicdata.usac.org/EPC/Prd/Form470/260025115/127714/21424172-USAC_FCC_FORM_470_APPLICATION_260025115_CERTIFIED.pdf,https://publicdata.usac.org/EPC/Prd/Form470/260025115/127714/21424167-0727E%2026C%203%20Monroe%20County%20School%20District%20iBoss%20Addendum%201.pdf
260025115,127714,MONROE COUNTY SCHOOL DIST 44,Monroe County School District,2026,2026-03-03,"Firewall Service, Components, and Necessary Software and Licenses",Internal Connections,https://publicdata.usac.org/EPC/Prd/Form470/260025115/127714/21424172-USAC_FCC_FORM_470_APPLICATION_260025115_CERTIFIED.pdf,https://publicdata.usac.org/EPC/Prd/Form470/260025115/127714/21295153-Category%20Two%20Basic%20Maintenance%20of%20Internal%20Connections%20Version%2021.xlsm
260025115,127714,MONROE COUNTY SCHOOL DIST 44,Monroe County School District,2026,2026-03-03,"Firewall Service, Components, and Necessary Software and Licenses",Internal Connections,https://publicdata.usac.org/EPC/Prd/Form470/260025115/127714/21424172-USAC_FCC_FORM_470_APPLICATION_260025115_CERTIFIED.pdf,https://publicdata.usac.org/EPC/Prd/Form470/260025115/127714/21295157-Category%20Two%20Internal%20Connections%20Version%2021.xlsm
260025115,127714,MONROE COUNTY SCHOOL DIST 44,Monroe County School District,2026,2026-03-03,Firewall Service and Components,Basic Maintenance of Internal Connections,https://publicdata.usac.org/EPC/Prd/Form470/260025115/127714/21424172-USAC_FCC_FORM_470_APPLICATION_260025115_CERTIFIED.pdf,https://publicdata.usac.org/EPC/Prd/Form470/260025115/127714/21295151-0727E%2026C%203%20Monroe%20County%20School%20District%20Firewall%20RFP.pdf
260025115,127714,MONROE COUNTY SCHOOL DIST 44,Monroe County School District,2026,2026-03-03,Firewall Service and Components,Basic Maintenance of Internal Connections,https://publicdata.usac.org/EPC/Prd/Form470/260025115/127714/21424172-USAC_FCC_FORM_470_APPLICATION_260025115_CERTIFIED.pdf,https://publicdata.usac.org/EPC/Prd/Form470/260025115/127714/21424167-0727E%2026C%203%20Monroe%20County%20School%20District%20iBoss%20Addendum%201.pdf
260025115,127714,MONROE COUNTY SCHOOL DIST 44,Monroe County School District,2026,2026-03-03,Firewall Service and Components,Basic Maintenance of Internal Connections,https://publicdata.usac.org/EPC/Prd/Form470/260025115/127714/21424172-USAC_FCC_FORM_470_APPLICATION_260025115_CERTIFIED.pdf,https://publicdata.usac.org/EPC/Prd/Form470/260025115/127714/21295153-Category%20Two%20Basic%20Maintenance%20of%20Internal%20Connections%20Version%2021.xlsm
260025115,127714,MONROE COUNTY SCHOOL DIST 44,Monroe County School District,2026,2026-03-03,Firewall Service and Components,Basic Maintenance of Internal Connections,https://publicdata.usac.org/EPC/Prd/Form470/260025115/127714/21424172-USAC_FCC_FORM_470_APPLICATION_260025115_CERTIFIED.pdf,https://publicdata.usac.org/EPC/Prd/Form470/260025115/127714/21295157-Category%20Two%20Internal%20Connections%20Version%2021.xlsm
260025115,127714,MONROE COUNTY SCHOOL DIST 44,Monroe County School District,2026,2026-03-03,"Firewall Service, Components, and Necessary Software and Licenses",Internal Connections,https://publicdata.usac.org/EPC/Prd/Form470/260025115/127714/21424172-USAC_FCC_FORM_470_APPLICATION_260025115_CERTIFIED.pdf,https://publicdata.usac.org/EPC/Prd/Form470/260025115/127714/21295151-0727E%2026C%203%20Monroe%20County%20School%20District%20Firewall%20RFP.pdf
260025115,127714,MONROE COUNTY SCHOOL DIST 44,Monroe County School District,2026,2026-03-03,"Firewall Service, Components, and Necessary Software and Licenses",Internal Connections,https://publicdata.usac.org/EPC/Prd/Form470/260025115/127714/21424172-USAC_FCC_FORM_470_APPLICATION_260025115_CERTIFIED.pdf,https://publicdata.usac.org/EPC/Prd/Form470/260025115/127714/21424167-0727E%2026C%203%20Monroe%20County%20School%20District%20iBoss%20Addendum%201.pdf
260025115,127714,MONROE COUNTY SCHOOL DIST 44,Monroe County School District,2026,2026-03-03,"Firewall Service, Components, and Necessary Software and Licenses",Internal Connections,https://publicdata.usac.org/EPC/Prd/Form470/260025115/127714/21424172-USAC_FCC_FORM_470_APPLICATION_260025115_CERTIFIED.pdf,https://publicdata.usac.org/EPC/Prd/Form470/260025115/127714/21295153-Category%20Two%20Basic%20Maintenance%20of%20Internal%20Connections%20Version%2021.xlsm
260025115,127714,MONROE COUNTY SCHOOL DIST 44,Monroe County School District,2026,2026-03-03,"Firewall Service, Components, and Necessary Software and Licenses",Internal Connections,https://publicdata.usac.org/EPC/Prd/Form470/260025115/127714/21424172-USAC_FCC_FORM_470_APPLICATION_260025115_CERTIFIED.pdf,https://publicdata.usac.org/EPC/Prd/Form470/260025115/127714/21295157-Category%20Two%20Internal%20Connections%20Version%2021.xlsm
260025115,127714,MONROE COUNTY SCHOOL DIST 44,Monroe County School District,2026,2026-03-03,Firewall Service and Components,Basic Maintenance of Internal Connections,https://publicdata.usac.org/EPC/Prd/Form470/260025115/127714/21424172-USAC_FCC_FORM_470_APPLICATION_260025115_CERTIFIED.pdf,https://publicdata.usac.org/EPC/Prd/Form470/260025115/127714/21295151-0727E%2026C%203%20Monroe%20County%20School%20District%20Firewall%20RFP.pdf
260025115,127714,MONROE COUNTY SCHOOL DIST 44,Monroe County School District,2026,2026-03-03,Firewall Service and Components,Basic Maintenance of Internal Connections,https://publicdata.usac.org/EPC/Prd/Form470/260025115/127714/21424172-USAC_FCC_FORM_470_APPLICATION_260025115_CERTIFIED.pdf,https://publicdata.usac.org/EPC/Prd/Form470/260025115/127714/21424167-0727E%2026C%203%20Monroe%20County%20School%20District%20iBoss%20Addendum%201.pdf
260025115,127714,MONROE COUNTY SCHOOL DIST 44,Monroe County School District,2026,2026-03-03,Firewall Service and Components,Basic Maintenance of Internal Connections,https://publicdata.usac.org/EPC/Prd/Form470/260025115/127714/21424172-USAC_FCC_FORM_470_APPLICATION_260025115_CERTIFIED.pdf,https://publicdata.usac.org/EPC/Prd/Form470/260025115/127714/21295153-Category%20Two%20Basic%20Maintenance%20of%20Internal%20Connections%20Version%2021.xlsm
260025115,127714,MONROE COUNTY SCHOOL DIST 44,Monroe County School District,2026,2026-03-03,Firewall Service and Components,Basic Maintenance of Internal Connections,https://publicdata.usac.org/EPC/Prd/Form470/260025115/127714/21424172-USAC_FCC_FORM_470_APPLICATION_260025115_CERTIFIED.pdf,https://publicdata.usac.org/EPC/Prd/Form470/260025115/127714/21295157-Category%20Two%20Internal%20Connections%20Version%2021.xlsm
260025115,127714,MONROE COUNTY SCHOOL DIST 44,Monroe County School District,2026,2026-03-03,"Firewall Service, Components, and Necessary Software and Licenses",Internal Connections,https://publicdata.usac.org/EPC/Prd/Form470/260025115/127714/21424172-USAC_FCC_FORM_470_APPLICATION_260025115_CERTIFIED.pdf,https://publicdata.usac.org/EPC/Prd/Form470/260025115/127714/21295151-0727E%2026C%203%20Monroe%20County%20School%20District%20Firewall%20RFP.pdf
260025115,127714,MONROE COUNTY SCHOOL DIST 44,Monroe County School District,2026,2026-03-03,"Firewall Service, Components, and Necessary Software and Licenses",Internal Connections,https://publicdata.usac.org/EPC/Prd/Form470/260025115/127714/21424172-USAC_FCC_FORM_470_APPLICATION_260025115_CERTIFIED.pdf,https://publicdata.usac.org/EPC/Prd/Form470/260025115/127714/21424167-0727E%2026C%203%20Monroe%20County%20School%20District%20iBoss%20Addendum%201.pdf
260025115,127714,MONROE COUNTY SCHOOL DIST 44,Monroe County School District,2026,2026-03-03,"Firewall Service, Components, and Necessary Software and Licenses",Internal Connections,https://publicdata.usac.org/EPC/Prd/Form470/260025115/127714/21424172-USAC_FCC_FORM_470_APPLICATION_260025115_CERTIFIED.pdf,https://publicdata.usac.org/EPC/Prd/Form470/260025115/127714/21295153-Category%20Two%20Basic%20Maintenance%20of%20Internal%20Connections%20Version%2021.xlsm
260025115,127714,MONROE COUNTY SCHOOL DIST 44,Monroe County School District,2026,2026-03-03,"Firewall Service, Components, and Necessary Software and Licenses",Internal Connections,https://publicdata.usac.org/EPC/Prd/Form470/260025115/127714/21424172-USAC_FCC_FORM_470_APPLICATION_260025115_CERTIFIED.pdf,https://publicdata.usac.org/EPC/Prd/Form470/260025115/127714/21295157-Category%20Two%20Internal%20Connections%20Version%2021.xlsm
260025115,127714,MONROE COUNTY SCHOOL DIST 44,Monroe County School District,2026,2026-03-03,Firewall Service and Components,Basic Maintenance of Internal Connections,https://publicdata.usac.org/EPC/Prd/Form470/260025115/127714/21424172-USAC_FCC_FORM_470_APPLICATION_260025115_CERTIFIED.pdf,https://publicdata.usac.org/EPC/Prd/Form470/260025115/127714/21295151-0727E%2026C%203%20Monroe%20County%20School%20District%20Firewall%20RFP.pdf
260025115,127714,MONROE COUNTY SCHOOL DIST 44,Monroe County School District,2026,2026-03-03,Firewall Service and Components,Basic Maintenance of Internal Connections,https://publicdata.usac.org/EPC/Prd/Form470/260025115/127714/21424172-USAC_FCC_FORM_470_APPLICATION_260025115_CERTIFIED.pdf,https://publicdata.usac.org/EPC/Prd/Form470/260025115/127714/21424167-0727E%2026C%203%20Monroe%20County%20School%20District%20iBoss%20Addendum%201.pdf
260025115,127714,MONROE COUNTY SCHOOL DIST 44,Monroe County School District,2026,2026-03-03,Firewall Service and Components,Basic Maintenance of Internal Connections,https://publicdata.usac.org/EPC/Prd/Form470/260025115/127714/21424172-USAC_FCC_FORM_470_APPLICATION_260025115_CERTIFIED.pdf,https://publicdata.usac.org/EPC/Prd/Form470/260025115/127714/21295153-Category%20Two%20Basic%20Maintenance%20of%20Internal%20Connections%20Version%2021.xlsm
260025115,127714,MONROE COUNTY SCHOOL DIST 44,Monroe County School District,2026,2026-03-03,Firewall Service and Components,Basic Maintenance of Internal Connections,https://publicdata.usac.org/EPC/Prd/Form470/260025115/127714/21424172-USAC_FCC_FORM_470_APPLICATION_260025115_CERTIFIED.pdf,https://publicdata.usac.org/EPC/Prd/Form470/260025115/127714/21295157-Category%20Two%20Internal%20Connections%20Version%2021.xlsm
260025115,127714,MONROE COUNTY SCHOOL DIST 44,Monroe County School District,2026,2026-03-03,"Firewall Service, Components, and Necessary Software and Licenses",Internal Connections,https://publicdata.usac.org/EPC/Prd/Form470/260025115/127714/21424172-USAC_FCC_FORM_470_APPLICATION_260025115_CERTIFIED.pdf,https://publicdata.usac.org/EPC/Prd/Form470/260025115/127714/21295151-0727E%2026C%203%20Monroe%20County%20School%20District%20Firewall%20RFP.pdf
260025115,127714,MONROE COUNTY SCHOOL DIST 44,Monroe County School District,2026,2026-03-03,"Firewall Service, Components, and Necessary Software and Licenses",Internal Connections,https://publicdata.usac.org/EPC/Prd/Form470/260025115/127714/21424172-USAC_FCC_FORM_470_APPLICATION_260025115_CERTIFIED.pdf,https://publicdata.usac.org/EPC/Prd/Form470/260025115/127714/21424167-0727E%2026C%203%20Monroe%20County%20School%20District%20iBoss%20Addendum%201.pdf
260025115,127714,MONROE COUNTY SCHOOL DIST 44,Monroe County School District,2026,2026-03-03,"Firewall Service, Components, and Necessary Software and Licenses",Internal Connections,https://publicdata.usac.org/EPC/Prd/Form470/260025115/127714/21424172-USAC_FCC_FORM_470_APPLICATION_260025115_CERTIFIED.pdf,https://publicdata.usac.org/EPC/Prd/Form470/260025115/127714/21295153-Category%20Two%20Basic%20Maintenance%20of%20Internal%20Connections%20Version%2021.xlsm
260025115,127714,MONROE COUNTY SCHOOL DIST 44,Monroe County School District,2026,2026-03-03,"Firewall Service, Components, and Necessary Software and Licenses",Internal Connections,https://publicdata.usac.org/EPC/Prd/Form470/260025115/127714/21424172-USAC_FCC_FORM_470_APPLICATION_260025115_CERTIFIED.pdf,https://publicdata.usac.org/EPC/Prd/Form470/260025115/127714/21295157-Category%20Two%20Internal%20Connections%20Version%2021.xlsm
260025115,127714,MONROE COUNTY SCHOOL DIST 44,Monroe County School District,2026,2026-03-03,Firewall Service and Components,Basic Maintenance of Internal Connections,https://publicdata.usac.org/EPC/Prd/Form470/260025115/127714/21424172-USAC_FCC_FORM_470_APPLICATION_260025115_CERTIFIED.pdf,https://publicdata.usac.org/EPC/Prd/Form470/260025115/127714/21295151-0727E%2026C%203%20Monroe%20County%20School%20District%20Firewall%20RFP.pdf
260025115,127714,MONROE COUNTY SCHOOL DIST 44,Monroe County School District,2026,2026-03-03,Firewall Service and Components,Basic Maintenance of Internal Connections,https://publicdata.usac.org/EPC/Prd/Form470/260025115/127714/21424172-USAC_FCC_FORM_470_APPLICATION_260025115_CERTIFIED.pdf,https://publicdata.usac.org/EPC/Prd/Form470/260025115/127714/21424167-0727E%2026C%203%20Monroe%20County%20School%20District%20iBoss%20Addendum%201.pdf
260025115,127714,MONROE COUNTY SCHOOL DIST 44,Monroe County School District,2026,2026-03-03,Firewall Service and Components,Basic Maintenance of Internal Connections,https://publicdata.usac.org/EPC/Prd/Form470/260025115/127714/21424172-USAC_FCC_FORM_470_APPLICATION_260025115_CERTIFIED.pdf,https://publicdata.usac.org/EPC/Prd/Form470/260025115/127714/21295153-Category%20Two%20Basic%20Maintenance%20of%20Internal%20Connections%20Version%2021.xlsm
260025115,127714,MONROE COUNTY SCHOOL DIST 44,Monroe County School District,2026,2026-03-03,Firewall Service and Components,Basic Maintenance of Internal Connections,https://publicdata.usac.org/EPC/Prd/Form470/260025115/127714/21424172-USAC_FCC_FORM_470_APPLICATION_260025115_CERTIFIED.pdf,https://publicdata.usac.org/EPC/Prd/Form470/260025115/127714/21295157-Category%20Two%20Internal%20Connections%20Version%2021.xlsm
260025115,127714,MONROE COUNTY SCHOOL DIST 44,Monroe County School District,2026,2026-03-03,"Firewall Service, Components, and Necessary Software and Licenses",Internal Connections,https://publicdata.usac.org/EPC/Prd/Form470/260025115/127714/21424172-USAC_FCC_FORM_470_APPLICATION_260025115_CERTIFIED.pdf,https://publicdata.usac.org/EPC/Prd/Form470/260025115/127714/21295151-0727E%2026C%203%20Monroe%20County%20School%20District%20Firewall%20RFP.pdf
260025115,127714,MONROE COUNTY SCHOOL DIST 44,Monroe County School District,2026,2026-03-03,"Firewall Service, Components, and Necessary Software and Licenses",Internal Connections,https://publicdata.usac.org/EPC/Prd/Form470/260025115/127714/21424172-USAC_FCC_FORM_470_APPLICATION_260025115_CERTIFIED.pdf,https://publicdata.usac.org/EPC/Prd/Form470/260025115/127714/21424167-0727E%2026C%203%20Monroe%20County%20School%20District%20iBoss%20Addendum%201.pdf
260025115,127714,MONROE COUNTY SCHOOL DIST 44,Monroe County School District,2026,2026-03-03,"Firewall Service, Components, and Necessary Software and Licenses",Internal Connections,https://publicdata.usac.org/EPC/Prd/Form470/260025115/127714/21424172-USAC_FCC_FORM_470_APPLICATION_260025115_CERTIFIED.pdf,https://publicdata.usac.org/EPC/Prd/Form470/260025115/127714/21295153-Category%20Two%20Basic%20Maintenance%20of%20Internal%20Connections%20Version%2021.xlsm
260025115,127714,MONROE COUNTY SCHOOL DIST 44,Monroe County School District,2026,2026-03-03,"Firewall Service, Components, and Necessary Software and Licenses",Internal Connections,https://publicdata.usac.org/EPC/Prd/Form470/260025115/127714/21424172-USAC_FCC_FORM_470_APPLICATION_260025115_CERTIFIED.pdf,https://publicdata.usac.org/EPC/Prd/Form470/260025115/127714/21295157-Category%20Two%20Internal%20Connections%20Version%2021.xlsm
260025115,127714,MONROE COUNTY SCHOOL DIST 44,Monroe County School District,2026,2026-03-03,Firewall Service and Components,Basic Maintenance of Internal Connections,https://publicdata.usac.org/EPC/Prd/Form470/260025115/127714/21424172-USAC_FCC_FORM_470_APPLICATION_260025115_CERTIFIED.pdf,https://publicdata.usac.org/EPC/Prd/Form470/260025115/127714/21295151-0727E%2026C%203%20Monroe%20County%20School%20District%20Firewall%20RFP.pdf
260025510,17027927,Individual Education Plan Academy Inc.,,2026,2026-03-03,Firewall Service and Components,Basic Maintenance of Internal Connections,https://publicdata.usac.org/EPC/Prd/Form470/260025510/17027927/21307490-USAC_FCC_FORM_470_APPLICATION_260025510_CERTIFIED.pdf,
260025510,17027927,Individual Education Plan Academy Inc.,,2026,2026-03-03,"Firewall Service, Components, and Necessary Software and Licenses",Internal Connections,https://publicdata.usac.org/EPC/Prd/Form470/260025510/17027927/21307490-USAC_FCC_FORM_470_APPLICATION_260025510_CERTIFIED.pdf,
260026263,17028956,Tree of Knowledge Learning Academy,,2026,2026-03-18,"Firewall Service, Components, and Necessary Software and Licenses",Internal Connections,https://publicdata.usac.org/EPC/Prd/Form470/260026263/17028956/21423903-USAC_FCC_FORM_470_APPLICATION_260026263_CERTIFIED.pdf,https://publicdata.usac.org/EPC/Prd/Form470/260026263/17028956/21423763-FL%20Addresses.pdf
260026263,17028956,Tree of Knowledge Learning Academy,,2026,2026-03-18,Firewall Service and Components,Basic Maintenance of Internal Connections,https://publicdata.usac.org/EPC/Prd/Form470/260026263/17028956/21423903-USAC_FCC_FORM_470_APPLICATION_260026263_CERTIFIED.pdf,https://publicdata.usac.org/EPC/Prd/Form470/260026263/17028956/21423763-FL%20Addresses.pdf
260026263,17028956,Tree of Knowledge Learning Academy,,2026,2026-03-18,"Firewall Service, Components, and Necessary Software and Licenses",Internal Connections,https://publicdata.usac.org/EPC/Prd/Form470/260026263/17028956/21423903-USAC_FCC_FORM_470_APPLICATION_260026263_CERTIFIED.pdf,https://publicdata.usac.org/EPC/Prd/Form470/260026263/17028956/21423659-TreeofKnowledgeLearningAcademyForm470RFP.docx
260026263,17028956,Tree of Knowledge Learning Academy,,2026,2026-03-18,Firewall Service and Components,Basic Maintenance of Internal Connections,https://publicdata.usac.org/EPC/Prd/Form470/260026263/17028956/21423903-USAC_FCC_FORM_470_APPLICATION_260026263_CERTIFIED.pdf,https://publicdata.usac.org/EPC/Prd/Form470/260026263/17028956/21423659-TreeofKnowledgeLearningAcademyForm470RFP.docx
270000239,17025973,"IDEA FLORIDA, Inc",,2027,2026-08-26,Firewall Service and Components,Basic Maintenance of Internal Connections,https://publicdata.usac.org/EPC/Prd/Form470/270000239/17025973/22445275-USAC_FCC_FORM_470_APPLICATION_270000239_CERTIFIED.pdf,https://publicdata.usac.org/EPC/Prd/Form470/270000239/17025973/22441163-Attachment%20J%20Proposed%20Pricing_RFP%206%20FWAASFL%200127%20Florida_Vendor%20Name%201.xlsx
270000239,17025973,"IDEA FLORIDA, Inc",,2027,2026-08-26,"Firewall Service, Components, and Necessary Software and Licenses",Internal Connections,https://publicdata.usac.org/EPC/Prd/Form470/270000239/17025973/22445275-USAC_FCC_FORM_470_APPLICATION_270000239_CERTIFIED.pdf,https://publicdata.usac.org/EPC/Prd/Form470/270000239/17025973/22441162-RFP%206%20FWAASFL%200127%20Florida%201.pdf
270000239,17025973,"IDEA FLORIDA, Inc",,2027,2026-08-26,Firewall Service and Components,Basic Maintenance of Internal Connections,https://publicdata.usac.org/EPC/Prd/Form470/270000239/17025973/22445275-USAC_FCC_FORM_470_APPLICATION_270000239_CERTIFIED.pdf,https://publicdata.usac.org/EPC/Prd/Form470/270000239/17025973/22441162-RFP%206%20FWAASFL%200127%20Florida%201.pdf
270000239,17025973,"IDEA FLORIDA, Inc",,2027,2026-08-26,"Firewall Service, Components, and Necessary Software and Licenses",Internal Connections,https://publicdata.usac.org/EPC/Prd/Form470/270000239/17025973/22445275-USAC_FCC_FORM_470_APPLICATION_270000239_CERTIFIED.pdf,https://publicdata.usac.org/EPC/Prd/Form470/270000239/17025973/22441163-Attachment%20J%20Proposed%20Pricing_RFP%206%20FWAASFL%200127%20Florida_Vendor%20Name%201.xlsx
